slug,school_number,name,uniform_url
hitotsubashi-hc,401010,一橋,https://www.metro.ed.jp/hitotsubashi-hc/our_school/symbols.html
hibiya-h,401020,日比谷,https://www.metro.ed.jp/hibiya-h/school_life/symbols.html
mita-h,401040,三田,https://www.metro.ed.jp/mita-h/school_life/symbols.html
osaki-h,401210,大崎,https://www.metro.ed.jp/osaki-h/school_life/symbols.html
koyamadai-h,401230,小山台,https://www.metro.ed.jp/koyamadai-h/school_life/symbols.html
yukigaya-h,401240,雪谷,https://www.metro.ed.jp/yukigaya-h/school_life/symbols.html
omori-h,401250,大森,https://www.metro.ed.jp/omori-h/school_life/symbols.html
kamata-h,401290,蒲田,https://www.metro.ed.jp/kamata-h/school_life/symbols.html
tsubasasogo-h,401410,つばさ総合,https://www.metro.ed.jp/tsubasasogo-h/school_life/symbols.html
roppongi-he,401420,六本木,https://www.metro.ed.jp/roppongi-he/our_school/symbols.html
mihara-h,401520,美原,https://www.metro.ed.jp/mihara-h/school_life/symbols.html
otasakuradai-h,401620,大田桜台,https://www.metro.ed.jp/otasakuradai-h/school_life/symbols.html
toyama-h,402010,戸山,https://www.metro.ed.jp/toyama-h/school_life/symbols.html
komaba-h,402030,駒場,https://www.metro.ed.jp/komaba-h/school_life/symbols.html
meguro-h,402040,目黒,https://www.metro.ed.jp/meguro-h/school_life/symbols.html
shinjuku-h,402060,新宿,https://www.metro.ed.jp/shinjuku-h/school_life/symbols.html
matsubara-h,402210,松原,https://www.metro.ed.jp/matsubara-h/school_life/symbols.html
sakuramachi-h,402220,桜町,https://www.metro.ed.jp/sakuramachi-h/school_life/symbols.html
chitosegaoka-h,402250,千歳丘,https://www.metro.ed.jp/chitosegaoka-h/school_life/symbols.html
fukasawa-h,402270,深沢,https://www.metro.ed.jp/fukasawa-h/school_life/symbols.html
setagayaizumi-he,402410,世田谷泉,https://www.metro.ed.jp/setagayaizumi-he/our_school/symbols.html
setagayasogo-h,402420,世田谷総合,https://www.metro.ed.jp/setagayasogo-h/school_life/symbols.html
shinjukuyamabuki-h,402520,新宿山吹,https://www.metro.ed.jp/shinjukuyamabuki-h/school_life/symbols.html
roka-h,402530,芦花,https://www.metro.ed.jp/roka-h/school_life/symbols.html
daiichishogyo-h,402620,第一商業,https://www.metro.ed.jp/daiichishogyo-h/school_life/symbols.html
sogokoka-h,402750,総合工科,https://www.metro.ed.jp/sogokoka-h/school_life/symbols.html
engei-h,402810,園芸,https://www.metro.ed.jp/engei-h/school_life/symbols.html
saginomiya-h,403010,鷺宮,https://www.metro.ed.jp/saginomiya-h/school_life/symbols.html
fuji-s,403020,富士,https://www.metro.ed.jp/fuji-s/school_life/symbols.html
musashigaoka-h,403030,武蔵丘,https://www.metro.ed.jp/musashigaoka-h/school_life/symbols.html
ogikubo-he,403040,荻窪,https://www.metro.ed.jp/ogikubo-he/our_school/symbols.html
nishi-h,403050,西,https://www.metro.ed.jp/nishi-h/school_life/symbols.html
toyotama-h,403060,豊多摩,https://www.metro.ed.jp/toyotama-h/school_life/symbols.html
suginami-h,403070,杉並,https://www.metro.ed.jp/suginami-h/school_life/symbols.html
shakujii-h,403210,石神井,https://www.metro.ed.jp/shakujii-h/school_life/symbols.html
igusa-h,403220,井草,https://www.metro.ed.jp/igusa-h/school_life/symbols.html
oizumi-h,403230,大泉,https://www.metro.ed.jp/oizumi-h/school_life/symbols.html
nerima-h,403240,練馬,https://www.metro.ed.jp/nerima-h/school_life/symbols.html
hikarigaoka-h,403250,光丘,https://www.metro.ed.jp/hikarigaoka-h/school_life/symbols.html
tagara-h,403280,田柄,https://www.metro.ed.jp/tagara-h/school_life/symbols.html
suginamisogo-h,403410,杉並総合,https://www.metro.ed.jp/suginamisogo-h/school_life/symbols.html
minorigaoka-he,403420,稔ヶ丘,https://www.metro.ed.jp/minorigaoka-he/school_life/symbols.html
oizumisakura-h,403510,大泉桜,https://www.metro.ed.jp/oizumisakura-h/school_life/symbols.html
nakanokoka-h,403710,中野工科,https://www.metro.ed.jp/nakanokoka-h/school_life/symbols.html
suginamikoka-h,403720,杉並工科,https://www.metro.ed.jp/suginamikoka-h/school_life/symbols.html
nerimakoka-h,403730,練馬工科,https://www.metro.ed.jp/nerimakoka-h/school_life/symbols.html
nogei-h,403810,農芸,https://www.metro.ed.jp/nogei-h/school_life/symbols.html
takehaya-h,404010,竹早,https://www.metro.ed.jp/takehaya-h/school_life/symbols.html
mukogaoka-h,404020,向丘,https://www.metro.ed.jp/mukogaoka-h/school_life/symbols.html
toshima-h,404040,豊島,https://www.metro.ed.jp/toshima-h/school_life/symbols.html
bunkyo-h,404050,文京,https://www.metro.ed.jp/bunkyo-h/school_life/symbols.html
kitazono-h,404210,北園,https://www.metro.ed.jp/kitazono-h/school_life/symbols.html
itabashi-h,404220,板橋,https://www.metro.ed.jp/itabashi-h/school_life/symbols.html
takashima-h,404260,高島,https://www.metro.ed.jp/takashima-h/school_life/symbols.html
kirigaoka-he,404410,桐ヶ丘,https://www.metro.ed.jp/kirigaoka-he/school_life/symbols.html
asuka-h,404510,飛鳥,https://www.metro.ed.jp/asuka-h/school_life/symbols.html
itabashiyutoku-h,404520,板橋有徳,https://www.metro.ed.jp/itabashiyutoku-h/school_life/symbols.html
chihaya-h,404640,千早,https://www.metro.ed.jp/chihaya-h/school_life/symbols.html
kitatoshimakoka-h,404730,北豊島工科,https://www.metro.ed.jp/kitatoshimakoka-h/school_life/symbols.html
akabanehokuo-h,404910,赤羽北桜,https://www.metro.ed.jp/akabanehokuo-h/school_life/symbols.html
hakuo-h,405040,白鴎,https://www.metro.ed.jp/hakuo-h/school_life/symbols.html
shinobugaoka-h,405050,忍岡,https://www.metro.ed.jp/shinobugaoka-h/school_life/symbols.html
ueno-h,405060,上野,https://www.metro.ed.jp/ueno-h/school_life/symbols.html
takenodai-h,405070,竹台,https://www.metro.ed.jp/takenodai-h/school_life/symbols.html
adachi-h,405210,足立,https://www.metro.ed.jp/adachi-h/school_life/symbols.html
kohoku-h,405220,江北,https://www.metro.ed.jp/kohoku-h/school_life/symbols.html
fuchie-h,405230,淵江,https://www.metro.ed.jp/fuchie-h/school_life/symbols.html
adachinishi-h,405240,足立西,https://www.metro.ed.jp/adachinishi-h/school_life/symbols.html
adachihigashi-h,405250,足立東,https://www.metro.ed.jp/adachihigashi-h/school_life/symbols.html
aoi-h,405260,青井,https://www.metro.ed.jp/aoi-h/school_life/symbols.html
adachishinden-h,405270,足立新田,https://www.metro.ed.jp/adachishinden-h/school_life/symbols.html
harumisogo-h,405410,晴海総合,https://www.metro.ed.jp/harumisogo-h/school_life/symbols.html
odaibashi-he,405420,小台橋,https://www.metro.ed.jp/odaibashi-he/school_life/symbols.html
asakusa-he,405520,浅草,https://www.metro.ed.jp/asakusa-he/our_school/symbols.html
kuramaekoka-h,405710,蔵前工科,https://www.metro.ed.jp/kuramaekoka-h/school_life/symbols.html
arakawakoka-h,405720,荒川工科,https://www.metro.ed.jp/arakawakoka-h/school_life/symbols.html
adachikoka-h,405730,足立工科,https://www.metro.ed.jp/adachikoka-h/school_life/symbols.html
ryogoku-h,406010,両国,https://www.metro.ed.jp/ryogoku-h/school_life/symbols.html
sumidagawa-h,406020,墨田川,https://www.metro.ed.jp/sumidagawa-h/school_life/symbols.html
honjo-h,406030,本所,https://www.metro.ed.jp/honjo-h/school_life/symbols.html
katsushikano-h,406040,葛飾野,https://www.metro.ed.jp/katsushikano-h/school_life/symbols.html
minamikatsushika-h,406050,南葛飾,https://www.metro.ed.jp/minamikatsushika-h/school_life/symbols.html
nihonbashi-h,406070,日本橋,https://www.metro.ed.jp/nihonbashi-h/school_life/symbols.html
fukagawa-h,406210,深川,https://www.metro.ed.jp/fukagawa-h/school_life/symbols.html
higashi-h,406220,東,https://www.metro.ed.jp/higashi-h/school_life/symbols.html
joto-h,406230,城東,https://www.metro.ed.jp/joto-h/school_life/symbols.html
komatsugawa-h,406240,小松川,https://www.metro.ed.jp/komatsugawa-h/school_life/symbols.html
edogawa-h,406250,江戸川,https://www.metro.ed.jp/edogawa-h/school_life/symbols.html
koiwa-h,406260,小岩,https://www.metro.ed.jp/koiwa-h/school_life/symbols.html
kasaiminami-h,406270,葛西南,https://www.metro.ed.jp/kasaiminami-h/school_life/symbols.html
shinozaki-h,406280,篠崎,https://www.metro.ed.jp/shinozaki-h/school_life/symbols.html
momijigawa-h,406290,紅葉川,https://www.metro.ed.jp/momijigawa-h/school_life/symbols.html
oedo-he,406410,大江戸,https://www.metro.ed.jp/oedo-he/school_life/symbols.html
katsushikasogo-h,406420,葛飾総合,https://www.metro.ed.jp/katsushikasogo-h/school_life/symbols.html
honjokoka-he,406720,本所工科,https://www.metro.ed.jp/honjokoka-he/our_school/symbols.html
sumidakoka-h,406730,墨田工科,https://www.metro.ed.jp/sumidakoka-h/school_life/symbols.html
kasaikoka-h,406760,葛西工科,https://www.metro.ed.jp/kasaikoka-h/school_life/symbols.html
nosan-h,406810,農産,https://www.metro.ed.jp/nosan-h/school_life/symbols.html
tachibana-h,406910,橘,https://www.metro.ed.jp/tachibana-h/school_life/symbols.html
fujimori-h,407020,富士森,https://www.metro.ed.jp/fujimori-h/school_life/symbols.html
katakura-h,407030,片倉,https://www.metro.ed.jp/katakura-h/school_life/symbols.html
hachiojihigashi-h,407040,八王子東,https://www.metro.ed.jp/hachiojihigashi-h/school_life/symbols.html
hachiojikita-h,407050,八王子北,https://www.metro.ed.jp/hachiojikita-h/school_life/symbols.html
matsugaya-h,407070,松が谷,https://www.metro.ed.jp/matsugaya-h/school_life/symbols.html
hino-h,407080,日野,https://www.metro.ed.jp/hino-h/school_life/symbols.html
hinodai-h,407090,日野台,https://www.metro.ed.jp/hinodai-h/school_life/symbols.html
minamidaira-h,407100,南平,https://www.metro.ed.jp/minamidaira-h/school_life/symbols.html
machida-h,407210,町田,https://www.metro.ed.jp/machida-h/school_life/symbols.html
nozuta-h,407230,野津田,https://www.metro.ed.jp/nozuta-h/school_life/symbols.html
naruse-h,407240,成瀬,https://www.metro.ed.jp/naruse-h/school_life/symbols.html
ogawa-h,407250,小川,https://www.metro.ed.jp/ogawa-h/school_life/symbols.html
yamasaki-h,407260,山崎,https://www.metro.ed.jp/yamasaki-h/school_life/symbols.html
machidasogo-h,407420,町田総合,https://www.metro.ed.jp/machidasogo-h/school_life/symbols.html
shoyo-h,407510,翔陽,https://www.metro.ed.jp/shoyo-h/school_life/symbols.html
hachiojitakushin-he,407520,八王子拓真,https://www.metro.ed.jp/hachiojitakushin-he/our_school/symbols.html
machidakoka-h,407720,町田工科,https://www.metro.ed.jp/machidakoka-h/school_life/symbols.html
tachikawa-h,408010,立川,https://www.metro.ed.jp/tachikawa-h/school_life/symbols.html
sunagawa-hc,408030,砂川,https://www.metro.ed.jp/sunagawa-hc/school_life/symbols.html
showa-h,408040,昭和,https://www.metro.ed.jp/showa-h/school_life/symbols.html
haijima-h,408050,拝島,https://www.metro.ed.jp/haijima-h/school_life/symbols.html
higashiyamato-h,408060,東大和,https://www.metro.ed.jp/higashiyamato-h/school_life/symbols.html
musashimurayama-h,408070,武蔵村山,https://www.metro.ed.jp/musashimurayama-h/school_life/symbols.html
higashiyamatominami-h,408090,東大和南,https://www.metro.ed.jp/higashiyamatominami-h/school_life/symbols.html
tama-h,408210,多摩,https://www.metro.ed.jp/tama-h/school_life/symbols.html
fussa-h,408230,福生,https://www.metro.ed.jp/fussa-h/school_life/symbols.html
akirudai-h,408240,秋留台,https://www.metro.ed.jp/akirudai-h/school_life/symbols.html
hamura-h,408250,羽村,https://www.metro.ed.jp/hamura-h/school_life/symbols.html
omesogo-h,408420,青梅総合,https://www.metro.ed.jp/omesogo-h/school_life/symbols.html
tachikawamidori-he,408430,立川緑,https://www.metro.ed.jp/tachikawamidori-he/our_school/symbols.html
josui-h,408510,上水,https://www.metro.ed.jp/josui-h/school_life/symbols.html
tamakoka-h,408710,多摩工科,https://www.metro.ed.jp/tamakoka-h/school_life/symbols.html
mizuhonogei-h,408820,瑞穂農芸,https://www.metro.ed.jp/mizuhonogei-h/school_life/symbols.html
musashi-h,409010,武蔵,https://www.metro.ed.jp/musashi-h/school_life/symbols.html
musashinokita-h,409020,武蔵野北,https://www.metro.ed.jp/musashinokita-h/school_life/symbols.html
koganeikita-h,409030,小金井北,https://www.metro.ed.jp/koganeikita-h/school_life/symbols.html
hoya-h,409040,保谷,https://www.metro.ed.jp/hoya-h/school_life/symbols.html
kurumenishi-h,409060,久留米西,https://www.metro.ed.jp/kurumenishi-h/school_life/symbols.html
tanashi-h,409070,田無,https://www.metro.ed.jp/tanashi-h/school_life/symbols.html
kodaira-h,409210,小平,https://www.metro.ed.jp/kodaira-h/school_life/symbols.html
kodairanishi-h,409220,小平西,https://www.metro.ed.jp/kodairanishi-h/school_life/symbols.html
higashimurayama-h,409230,東村山,https://www.metro.ed.jp/higashimurayama-h/school_life/symbols.html
kokubunji-h,409240,国分寺,https://www.metro.ed.jp/kokubunji-h/school_life/symbols.html
kiyose-h,409250,清瀬,https://www.metro.ed.jp/kiyose-h/school_life/symbols.html
kodairaminami-h,409270,小平南,https://www.metro.ed.jp/kodairaminami-h/school_life/symbols.html
higashimurayamanishi-h,409280,東村山西,https://www.metro.ed.jp/higashimurayamanishi-h/school_life/symbols.html
higashikurumesogo-h,409410,東久留米総合,https://www.metro.ed.jp/higashikurumesogo-h/school_life/symbols.html
koganeikoka-he,409710,小金井工科,https://www.metro.ed.jp/koganeikoka-he/our_school/symbols.html
tanashikoka-h,409720,田無工科,https://www.metro.ed.jp/tanashikoka-h/school_life/symbols.html
tamakagakugijutsu-h,409730,多摩科学技術,https://www.metro.ed.jp/tamakagakugijutsu-h/school_life/symbols.html
jindai-h,410020,神代,https://www.metro.ed.jp/jindai-h/school_life/symbols.html
chofukita-h,410030,調布北,https://www.metro.ed.jp/chofukita-h/school_life/symbols.html
chofuminami-h,410040,調布南,https://www.metro.ed.jp/chofuminami-h/school_life/symbols.html
komae-h,410050,狛江,https://www.metro.ed.jp/komae-h/school_life/symbols.html
fuchu-h,410210,府中,https://www.metro.ed.jp/fuchu-h/school_life/symbols.html
fuchuhigashi-h,410220,府中東,https://www.metro.ed.jp/fuchuhigashi-h/school_life/symbols.html
fuchunishi-h,410230,府中西,https://www.metro.ed.jp/fuchunishi-h/school_life/symbols.html
kunitachi-h,410240,国立,https://www.metro.ed.jp/kunitachi-h/school_life/symbols.html
nagayama-h,410250,永山,https://www.metro.ed.jp/nagayama-h/school_life/symbols.html
wakabasogo-h,410410,若葉総合,https://www.metro.ed.jp/wakabasogo-h/school_life/symbols.html
fuchukoka-h,410710,府中工科,https://www.metro.ed.jp/fuchukoka-h/school_life/symbols.html
nogyo-h,410810,農業,https://www.metro.ed.jp/nogyo-h/school_life/symbols.html
oshima-h,411010,大島,https://www.metro.ed.jp/oshima-h/school_life/symbols.html
niijima-h,411030,新島,https://www.metro.ed.jp/niijima-h/school_life/symbols.html
miyake-h,412010,三宅,https://www.metro.ed.jp/miyake-h/school_life/symbols.html
hachijo-h,413010,八丈,https://www.metro.ed.jp/hachijo-h/school_life/symbols.html
ogasawara-h,414010,小笠原,https://www.metro.ed.jp/ogasawara-h/school_life/symbols.html
