raw_name,normalized,org_type,schools,variants_in_group,decided_by
バドミントン部,バドミントン,部,140,6,auto
バドミントン,バドミントン,,4,6,auto
バドミントン部,バドミントン,部,2,6,auto
バドミントン同好会,バドミントン,同好会,2,6,auto
バドミントン班,バドミントン,班,1,6,auto
バドミントン部（男・女）,バドミントン,,1,6,auto
卓球部,卓球,部,133,5,auto
卓球同好会,卓球,同好会,3,5,auto
卓球,卓球,,2,5,auto
卓球班,卓球,班,1,5,auto
卓 球,卓球,,1,5,auto
サッカー部,サッカー,部,133,5,auto
サッカー,サッカー,,3,5,auto
サッカー班,サッカー,班,1,5,auto
サッカー部（男・女）,サッカー,,1,5,auto
サッカー同好会,サッカー,同好会,1,5,auto
陸上競技部,陸上競技,部,131,4,auto
陸上競技,陸上競技,,2,4,auto
陸上競技班,陸上競技,班,1,4,auto
陸上競技同好会,陸上競技,同好会,1,4,auto
男子バスケットボール部,男子バスケットボール,部,128,5,auto
男子バスケットボール,男子バスケットボール,,3,5,auto
男子バスケットボール部,男子バスケットボール,部,2,5,auto
男子バスケットボール班,男子バスケットボール,班,1,5,auto
バスケットボール(男),男子バスケットボール,,1,5,auto
吹奏楽部,吹奏楽,部,130,3,auto
吹奏楽,吹奏楽,,3,3,auto
吹奏楽同好会,吹奏楽,同好会,2,3,auto
水泳部,水泳,部,128,5,auto
水泳,水泳,,3,5,auto
水泳班,水泳,班,1,5,auto
水 泳,水泳,,1,5,auto
水泳同好会,水泳,同好会,1,5,auto
女子バスケットボール部,女子バスケットボール,部,125,6,auto
女子バスケットボール,女子バスケットボール,,3,6,auto
女子バスケットボール部,女子バスケットボール,部,1,6,auto
女子バスケットボール班,女子バスケットボール,班,1,6,auto
バスケットボール(女),女子バスケットボール,,1,6,auto
女子バスケットボール部,女子バスケットボール,部,1,6,auto
演劇部,演劇,部,115,5,auto
演劇同好会,演劇,同好会,6,5,auto
演劇,演劇,,5,5,auto
演劇班,演劇,班,1,5,auto
演劇(同好会),演劇,,1,5,auto
ダンス部,ダンス,部,113,5,auto
ダンス,ダンス,,5,5,auto
ダンス同好会,ダンス,同好会,4,5,auto
ダンス部,ダンス,部,2,5,auto
ダンス班,ダンス,班,1,5,auto
女子バレーボール部,女子バレーボール,部,118,6,auto
女子バレーボール,女子バレーボール,,3,6,auto
女子バレーボール部,女子バレーボール,部,1,6,auto
女子バレーボール班,女子バレーボール,班,1,6,auto
女子バレーボール部,女子バレーボール,部,1,6,auto
バレーボール部（女子）,女子バレーボール,,1,6,auto
美術部,美術,部,116,6,auto
美術,美術,,4,6,auto
美術班,美術,班,1,6,auto
美 術,美術,,1,6,auto
美術愛好会,美術,愛好会,1,6,auto
美術同好会,美術,同好会,1,6,auto
剣道部,剣道,部,115,4,auto
剣道同好会,剣道,同好会,3,4,auto
剣道,剣道,,3,4,auto
剣道班,剣道,班,1,4,auto
茶道部,茶道,部,112,4,auto
茶道,茶道,,4,4,auto
茶道同好会,茶道,同好会,2,4,auto
茶道班,茶道,班,1,4,auto
軽音楽部,軽音楽,部,105,4,auto
軽音楽,軽音楽,,3,4,auto
軽音楽同好会,軽音楽,同好会,3,4,auto
軽音楽部（音楽村）,軽音楽,,1,4,auto
硬式野球部,硬式野球,部,108,3,auto
硬式野球,硬式野球,,2,3,auto
硬式野球班,硬式野球,班,1,3,auto
写真部,写真,部,95,4,auto
写真同好会,写真,同好会,11,4,auto
写真,写真,,2,4,auto
写 真,写真,,1,4,auto
硬式テニス部,硬式テニス,部,84,4,auto
硬式テニス,硬式テニス,,3,4,auto
硬式テニス班,硬式テニス,班,1,4,auto
硬式テニス部（男・女）,硬式テニス,,1,4,auto
男子バレーボール部,男子バレーボール,部,80,5,auto
男子バレーボール,男子バレーボール,,2,5,auto
男子バレーボール部,男子バレーボール,部,1,5,auto
男子バレーボール班,男子バレーボール,班,1,5,auto
男子バレーボール同好会,男子バレーボール,同好会,1,5,auto
ソフトテニス部,ソフトテニス,部,55,4,auto
ソフトテニス同好会,ソフトテニス,同好会,2,4,auto
ソフトテニス班,ソフトテニス,班,1,4,auto
ソフトテニス,ソフトテニス,,1,4,auto
文芸部,文芸,部,37,6,auto
文芸同好会,文芸,同好会,10,6,auto
文芸,文芸,,2,6,auto
文 芸,文芸,,1,6,auto
文芸愛好会,文芸,愛好会,1,6,auto
文芸部（KJ部）,文芸,,1,6,auto
男子硬式テニス部,男子硬式テニス,部,48,3,auto
男子硬式テニス,男子硬式テニス,,1,3,auto
硬式テニス部（男子）,男子硬式テニス,,1,3,auto
女子硬式テニス部,女子硬式テニス,部,48,3,auto
女子硬式テニス,女子硬式テニス,,1,3,auto
硬式テニス部（女子）,女子硬式テニス,,1,3,auto
パソコン部,パソコン,部,40,3,auto
パソコン同好会,パソコン,同好会,6,3,auto
パソコン,パソコン,,1,3,auto
柔道部,柔道,部,37,4,auto
柔道同好会,柔道,同好会,4,4,auto
柔道,柔道,,3,4,auto
柔道（錬身）部,柔道,部,1,4,auto
漫画研究部,漫画研究,部,41,2,auto
漫画研究,漫画研究,,3,2,auto
華道部,華道,部,41,2,auto
華道同好会,華道,同好会,3,2,auto
生物部,生物,部,36,4,auto
生物班,生物,班,2,4,auto
生物,生物,,2,4,auto
生物同好会,生物,同好会,2,4,auto
合唱部,合唱,部,34,3,auto
合唱同好会,合唱,同好会,4,3,auto
合 唱,合唱,,1,3,auto
家庭科部,家庭科,部,35,3,auto
家庭科,家庭科,,2,3,auto
家庭科同好会,家庭科,同好会,1,3,auto
ソフトボール部,ソフトボール,部,25,6,auto
ソフトボール,ソフトボール,,2,6,auto
ソフトボール同好会,ソフトボール,同好会,2,6,auto
ソフトボール部（休部中）,ソフトボール,,1,6,auto
ソフトボール部,ソフトボール,部,1,6,auto
ソフトボール部（男女）,ソフトボール,,1,6,auto
クッキング部,クッキング,部,26,3,auto
クッキング,クッキング,,2,3,auto
クッキング同好会,クッキング,同好会,2,3,auto
書道部,書道,部,23,3,auto
書道同好会,書道,同好会,6,3,auto
書 道,書道,,1,3,auto
放送部,放送,部,27,3,auto
放 送,放送,,1,3,auto
放送,放送,,1,3,auto
ハンドボール部,ハンドボール,部,24,4,auto
ハンドボール同好会,ハンドボール,同好会,2,4,auto
ハンドボール,ハンドボール,,2,4,auto
ハンドボール部,ハンドボール,部,1,4,auto
和太鼓部,和太鼓,部,28,2,auto
和太鼓同好会,和太鼓,同好会,1,2,auto
バレーボール部,バレーボール,部,23,4,auto
バレーボール同好会,バレーボール,同好会,4,4,auto
バレーボール,バレーボール,,1,4,auto
バレーボール部,バレーボール,部,1,4,auto
弓道部,弓道,部,25,2,auto
弓道,弓道,,1,2,auto
天文部,天文,部,24,2,auto
天文班,天文,班,1,2,auto
バスケットボール部,バスケットボール,部,24,2,auto
バスケットボール部（男・女）,バスケットボール,,1,2,auto
ボランティア部,ボランティア,部,20,3,auto
ボランティア同好会,ボランティア,同好会,4,3,auto
ボランティア愛好会,ボランティア,愛好会,1,3,auto
英語部,英語,部,16,4,auto
英語同好会,英語,同好会,6,4,auto
英語,英語,,1,4,auto
・英語部,英語,部,1,4,auto
女子サッカー部,女子サッカー,部,17,5,auto
女子サッカー同好会,女子サッカー,同好会,3,5,auto
サッカー部（女子）,女子サッカー,,1,5,auto
女子サッカー,女子サッカー,,1,5,auto
サッカー（女子）,女子サッカー,,1,5,auto
陸上部,陸上,部,19,4,auto
陸上,陸上,,2,4,auto
陸 上,陸上,,1,4,auto
陸上同好会,陸上,同好会,1,4,auto
科学部,科学,部,20,2,auto
科学同好会,科学,同好会,2,2,auto
野球部,野球,部,18,4,auto
野球,野球,,2,4,auto
野 球,野球,,1,4,auto
野球同好会,野球,同好会,1,4,auto
男子サッカー部,男子サッカー,部,18,4,auto
サッカー部（男子）,男子サッカー,,1,4,auto
男子サッカー,男子サッカー,,1,4,auto
サッカー（男子）,男子サッカー,,1,4,auto
ラグビー部,ラグビー,部,18,3,auto
ラグビー班,ラグビー,班,1,3,auto
ラグビー同好会,ラグビー,同好会,1,3,auto
園芸部,園芸,部,17,2,auto
園芸同好会,園芸,同好会,3,2,auto
テニス部,テニス,部,19,2,auto
テニス,テニス,,1,2,auto
ESS部,ESS,部,9,7,auto
ESS,ESS,,4,7,auto
ESS同好会,ESS,同好会,2,7,auto
ESS 同好会,ESS,同好会,1,7,auto
ESS（英語）班,ESS,班,1,7,auto
ＥＳＳ,ESS,,1,7,auto
ESS（英会話）部,ESS,部,1,7,auto
軟式野球部,軟式野球,部,18,2,auto
軟式野球同好会,軟式野球,同好会,1,2,auto
イラスト部,イラスト,部,16,1,auto
囲碁将棋部,囲碁将棋,部,10,3,auto
囲碁・将棋部,囲碁将棋,部,5,3,auto
囲碁将棋同好会,囲碁将棋,同好会,1,3,auto
音楽部,音楽,部,13,3,auto
音楽部（オーケストラ班・合唱班）,音楽,,1,3,auto
音楽同好会,音楽,同好会,1,3,auto
百人一首同好会,百人一首,同好会,7,3,auto
百人一首部,百人一首,部,7,3,auto
百人一首,百人一首,,1,3,auto
女子ハンドボール部,女子ハンドボール,部,14,1,auto
自然科学部,自然科学,部,9,2,auto
自然科学同好会,自然科学,同好会,4,2,auto
コンピュータ部,コンピュータ,部,11,2,auto
コンピュータ同好会,コンピュータ,同好会,2,2,auto
筝曲部,筝曲,部,11,2,auto
筝曲同好会,筝曲,同好会,2,2,auto
山岳部,山岳,部,13,1,auto
箏曲部,箏曲,部,10,2,auto
箏曲,箏曲,,2,2,auto
料理部,料理,部,10,2,auto
料理同好会,料理,同好会,2,2,auto
男子ハンドボール部,男子ハンドボール,部,12,1,auto
コーラス部,コーラス,部,11,1,auto
化学部,化学,部,9,3,auto
化学班,化学,班,1,3,auto
化学同好会,化学,同好会,1,3,auto
競技かるた部,競技かるた,部,8,2,auto
競技かるた同好会,競技かるた,同好会,3,2,auto
茶華道部,茶華道,部,11,1,auto
女子バレー部,女子バレー,部,7,2,auto
女子バレー,女子バレー,,2,2,auto
料理研究部,料理研究,部,8,2,auto
料理研究同好会,料理研究,同好会,1,2,auto
男子バスケット部,男子バスケット,部,7,2,auto
男子バスケット,男子バスケット,,2,2,auto
男子テニス部,男子テニス,部,9,1,auto
男子バドミントン部,男子バドミントン,部,9,1,auto
女子バドミントン部,女子バドミントン,部,9,1,auto
フォークソング部,フォークソング,部,7,2,auto
フォークソング部,フォークソング,部,1,2,auto
フットサル部,フットサル,部,4,3,auto
フットサル同好会,フットサル,同好会,3,3,auto
フットサル,フットサル,,1,3,auto
チアリーディング部,チアリーディング,部,7,2,auto
チアリーディング,チアリーディング,,1,2,auto
空手道部,空手道,部,8,1,auto
トレーニング同好会,トレーニング,同好会,7,2,auto
トレーニング部,トレーニング,部,1,2,auto
女子ソフトボール部,女子ソフトボール,部,7,2,auto
ソフトボール部（女子）,女子ソフトボール,,1,2,auto
女子テニス部,女子テニス,部,8,1,auto
クイズ研究部,クイズ研究,部,4,2,auto
クイズ研究同好会,クイズ研究,同好会,3,2,auto
男子バレー部,男子バレー,部,5,3,auto
男子バレー,男子バレー,,1,3,auto
男子バレー同好会,男子バレー,同好会,1,3,auto
かるた同好会,かるた,同好会,4,3,auto
かるた部,かるた,部,2,3,auto
かるた,かるた,,1,3,auto
イラストレーション部,イラストレーション,部,7,1,auto
簿記部,簿記,部,7,1,auto
映画研究部,映画研究,部,6,2,auto
映画研究,映画研究,,1,2,auto
女子バスケット部,女子バスケット,部,5,2,auto
女子バスケット,女子バスケット,,2,2,auto
歴史研究同好会,歴史研究,同好会,4,2,auto
歴史研究部,歴史研究,部,3,2,auto
ワンダーフォーゲル部,ワンダーフォーゲル,部,5,2,auto
ワンダーフォーゲル部,ワンダーフォーゲル,部,1,2,auto
弦楽部,弦楽,部,3,4,auto
弦楽班,弦楽,班,1,4,auto
弦楽,弦楽,,1,4,auto
弦楽同好会,弦楽,同好会,1,4,auto
地学部,地学,部,4,2,auto
地学同好会,地学,同好会,2,2,auto
自転車競技同好会,自転車競技,同好会,3,2,auto
自転車競技部,自転車競技,部,3,2,auto
自動車部,自動車,部,6,1,auto
体操部,体操,部,5,2,auto
体操同好会,体操,同好会,1,2,auto
模型部,模型,部,6,1,auto
漫画部,漫画,部,4,2,auto
漫画同好会,漫画,同好会,2,2,auto
物理部,物理,部,5,1,auto
軽音部,軽音,部,4,2,auto
軽音愛好会,軽音,愛好会,1,2,auto
管弦楽部,管弦楽,部,5,1,auto
ブラスバンド部,ブラスバンド,部,4,2,auto
ブラスバンド班,ブラスバンド,班,1,2,auto
バトミントン部,バトミントン,部,5,1,auto
機械工作部,機械工作,部,4,2,auto
機械工作同好会,機械工作,同好会,1,2,auto
ホームメイキング部,ホームメイキング,部,5,1,auto
男子ソフトテニス部,男子ソフトテニス,部,5,1,auto
女子ソフトテニス部,女子ソフトテニス,部,5,1,auto
科学研究,科学研究,,1,5,auto
科学研究同好会,科学研究,同好会,1,5,auto
科学研究部（物理・数学班）,科学研究,,1,5,auto
科学研究部（生物化学班）,科学研究,,1,5,auto
科学研究部（生活科学班）,科学研究,,1,5,auto
造園部,造園,部,3,3,auto
造園部（造園班）,造園,,1,3,auto
造園部（フラワーデザイン班）,造園,,1,3,auto
陶芸部,陶芸,部,5,1,auto
家庭部,家庭,部,5,1,auto
アーチェリー部,アーチェリー,部,5,1,auto
鉄道研究部,鉄道研究,部,5,1,auto
漫画イラスト部,漫画イラスト,部,2,3,auto
漫画・イラスト部,漫画イラスト,部,2,3,auto
漫画イラスト同好会,漫画イラスト,同好会,1,3,auto
調理部,調理,部,5,1,auto
アメリカンフットボール部,アメリカンフットボール,部,1,4,auto
アメリカン・フットボール部,アメリカンフットボール,部,1,4,auto
アメリカンフットボール部,アメリカンフットボール,部,1,4,auto
アメリカンフットボール,アメリカンフットボール,,1,4,auto
コンピューター部,コンピューター,部,3,2,auto
コンピューター,コンピューター,,1,2,auto
伝統文化,伝統文化,,1,4,auto
伝統文化部,伝統文化,部,1,4,auto
伝統文化同好会,伝統文化,同好会,1,4,auto
伝統文化（かるた）部,伝統文化,部,1,4,auto
合気道部,合気道,部,3,2,auto
合気道同好会,合気道,同好会,1,2,auto
手話部,手話,部,4,1,auto
アコースティックギター部,アコースティックギター,部,4,1,auto
映像研究部,映像研究,部,3,2,auto
映像研究同好会,映像研究,同好会,1,2,auto
空手部,空手,部,3,2,auto
空手,空手,,1,2,auto
釣り部,釣り,部,4,1,auto
ウェイトトレーニング部,ウェイトトレーニング,部,4,1,auto
JRC部,JRC,部,3,2,auto
JRC同好会,JRC,同好会,1,2,auto
アウトドア部,アウトドア,部,4,1,auto
将棋班,将棋,班,1,3,auto
将棋部,将棋,部,1,3,auto
将棋同好会,将棋,同好会,1,3,auto
鉄道同好会,鉄道,同好会,1,3,auto
鉄 道,鉄道,,1,3,auto
鉄道部,鉄道,部,1,3,auto
ハンドメイキング部,ハンドメイキング,部,3,1,auto
eスポーツ部,eスポーツ,部,3,1,auto
福祉部,福祉,部,2,2,auto
福祉同好会,福祉,同好会,1,2,auto
理科部,理科,部,2,2,auto
理科同好会,理科,同好会,1,2,auto
ワープロ部,ワープロ,部,3,1,auto
国際交流部,国際交流,部,2,2,auto
国際交流クラブ,国際交流,クラブ,1,2,auto
新聞部,新聞,部,3,1,auto
天文気象部,天文気象,部,3,1,auto
マンガイラスト部,マンガイラスト,部,2,2,auto
マンガ・イラスト部,マンガイラスト,部,1,2,auto
ジャズ,ジャズ,,1,3,auto
ジャズ同好会,ジャズ,同好会,1,3,auto
ジャズ部,ジャズ,部,1,3,auto
美術工芸部,美術工芸,部,2,2,auto
美術・工芸部,美術工芸,部,1,2,auto
イラスト研究部,イラスト研究,部,3,1,auto
ファッション部,ファッション,部,2,2,auto
ファッション,ファッション,,1,2,auto
デジタルクリエイト部,デジタルクリエイト,部,2,2,auto
デジタルクリエイト同好会,デジタルクリエイト,同好会,1,2,auto
現代視覚文化研究部,現代視覚文化研究,部,3,1,auto
アニメーション部,アニメーション,部,3,1,auto
自転車部,自転車,部,3,1,auto
ガーデニング部,ガーデニング,部,3,1,auto
女子ダンス部,女子ダンス,部,3,1,auto
囲碁部,囲碁,部,3,1,auto
男女バドミントン部,男女バドミントン,部,2,2,auto
男女バドミントン,男女バドミントン,,1,2,auto
天文地学部,天文地学,部,3,1,auto
マシンクラフト部,マシンクラフト,部,3,1,auto
ボート部,ボート,部,2,2,auto
ボート,ボート,,1,2,auto
ローイング部,ローイング,部,1,3,auto
ローイング(ボート)部,ローイング,部,1,3,auto
ローイング（ボート）部,ローイング,部,1,3,auto
なぎなた部,なぎなた,部,3,1,auto
ハンドメイド,ハンドメイド,,1,3,auto
ハンドメイド部,ハンドメイド,部,1,3,auto
ハンドメイド同好会,ハンドメイド,同好会,1,3,auto
バトントワリング部,バトントワリング,部,3,1,auto
室内楽部,室内楽,部,3,1,auto
棋道部,棋道,部,2,1,auto
漫画文芸部,漫画文芸,部,2,1,auto
ホームメイド部,ホームメイド,部,1,2,auto
ホームメイド部,ホームメイド,部,1,2,auto
情報処理部,情報処理,部,2,1,auto
芸術部,芸術,部,2,1,auto
勉強部,勉強,部,1,2,auto
勉強同好会,勉強,同好会,1,2,auto
ボードゲーム同好会,ボードゲーム,同好会,2,1,auto
アート部,アート,部,2,1,auto
男女サッカー部,男女サッカー,部,2,1,auto
自然研究部,自然研究,部,2,1,auto
ＰＣ資格検定,PC資格検定,,1,2,auto
PC資格検定部,PC資格検定,部,1,2,auto
マルチメディア,マルチメディア,,1,2,auto
マルチメディア部,マルチメディア,部,1,2,auto
イラスト文芸部,イラスト文芸,部,2,1,auto
創作部,創作,部,2,1,auto
男子バスケ部,男子バスケ,部,2,1,auto
バトン部,バトン,部,2,1,auto
ブレイクダンス部,ブレイクダンス,部,2,1,auto
バレー部,バレー,部,2,1,auto
野菜部,野菜,部,2,1,auto
果樹部,果樹,部,2,1,auto
国際協力ボランティア同好会,国際協力ボランティア,同好会,1,2,auto
国際協力ボランティア部,国際協力ボランティア,部,1,2,auto
優秀賞（国際地理）,優秀賞,,1,2,auto
優秀賞（外国語科）,優秀賞,,1,2,auto
サイエンス部,サイエンス,部,2,1,auto
ジャグリング部,ジャグリング,部,2,1,auto
社会科同好会,社会科,同好会,2,1,auto
数学研究同好会,数学研究,同好会,2,1,auto
工作,工作,,1,2,auto
工作部,工作,部,1,2,auto
物理化学部,物理化学,部,1,2,auto
物理・化学部,物理化学,部,1,2,auto
ギター同好会,ギター,同好会,1,2,auto
ギター部,ギター,部,1,2,auto
メーキング部,メーキング,部,2,1,auto
マンガアニメ部,マンガアニメ,部,1,2,auto
マンガ・アニメ部,マンガアニメ,部,1,2,auto
フェンシング部,フェンシング,部,2,1,auto
理科研究部,理科研究,部,2,1,auto
珠算部,珠算,部,2,1,auto
ハイキング部,ハイキング,部,2,1,auto
食品加工部,食品加工,部,2,1,auto
化学研究部,化学研究,部,2,1,auto
電子工作部,電子工作,部,2,1,auto
模型工作部,模型工作,部,2,1,auto
ダンスパフォーマンス部,ダンスパフォーマンス,部,2,1,auto
漫画イラスト研究部,漫画イラスト研究,部,2,1,auto
服飾部,服飾,部,2,1,auto
美術陶芸部,美術陶芸,部,1,2,auto
美術・陶芸部,美術陶芸,部,1,2,auto
ＩＴ写真,IT写真,,1,2,auto
IT写真部,IT写真,部,1,2,auto
理化部,理化,部,2,1,auto
数学部,数学,部,1,2,auto
数学班,数学,班,1,2,auto
男女テニス部,男女テニス,部,2,1,auto
社会福祉部,社会福祉,部,2,1,auto
情報技術部,情報技術,部,2,1,auto
音楽村,音楽村,,2,1,auto
物理・コンピュータ部,物理コンピュータ,部,1,2,auto
物理コンピュータ部,物理コンピュータ,部,1,2,auto
ボクシング部,ボクシング,部,2,1,auto
フリーライティング部,フリーライティング,部,2,1,auto
原動機部,原動機,部,2,1,auto
生物科学部,生物科学,部,2,1,auto
英会話部,英会話,部,2,1,auto
トレッキング部,トレッキング,部,2,1,auto
マーケティング同好会,マーケティング,同好会,1,2,auto
マーケティング部,マーケティング,部,1,2,auto
応援部,応援,部,2,1,auto
ロボット部,ロボット,部,2,1,auto
服飾デザイン部,服飾デザイン,部,2,1,auto
製菓部,製菓,部,2,1,auto
男女硬式テニス部,男女硬式テニス,部,2,1,auto
コンピュータ研究同好会,コンピュータ研究,同好会,2,1,auto
ロボット研究部,ロボット研究,部,2,1,auto
美術イラスト部,美術イラスト,部,1,2,auto
美術・イラスト部,美術イラスト,部,1,2,auto
少林寺拳法部,少林寺拳法,部,2,1,auto
映画制作部,映画制作,部,2,1,auto
弦楽合奏部,弦楽合奏,部,2,1,auto
落語研究同好会,落語研究,同好会,1,2,auto
落語研究部,落語研究,部,1,2,auto
郷土芸能部,郷土芸能,部,2,1,auto
農産加工同好会,農産加工,同好会,1,2,auto
農産加工部,農産加工,部,1,2,auto
太鼓部,太鼓,部,1,2,auto
太鼓同好会,太鼓,同好会,1,2,auto
セーリング部,セーリング,部,1,2,auto
セーリング部,セーリング,部,1,2,auto
生物研究部,生物研究,部,1,1,auto
美術研究部,美術研究,部,1,1,auto
化学探究部,化学探究,部,1,1,auto
雑草研究部,雑草研究,部,1,1,auto
物理地学研究部,物理地学研究,部,1,1,auto
音楽部合唱班,音楽部合唱,班,1,1,auto
音楽部オーケストラ班,音楽部オーケストラ,班,1,1,auto
劇壇同好会,劇壇,同好会,1,1,auto
武道部,武道,部,1,1,auto
ペーパージオラマ部,ペーパージオラマ,部,1,1,auto
防災部,防災,部,1,1,auto
筝曲・華道部,筝曲華道,部,1,1,auto
食文化研究部,食文化研究,部,1,1,auto
箏曲・華道部,箏曲華道,部,1,1,auto
食物部,食物,部,1,1,auto
理数研究部,理数研究,部,1,1,auto
ページの先頭へ,ページの先頭へ,,1,1,auto
サイトポリシー,サイトポリシー,,1,1,auto
東京都立八潮高等学校,東京都立八潮高等学校,,1,1,auto
〒140-0002,〒140-0002,,1,1,auto
器械体操班,器械体操,班,1,1,auto
物理ラジオ班,物理ラジオ,班,1,1,auto
ホームサークル班,ホームサークル,班,1,1,auto
KBS（放送）班,KBS,班,1,1,auto
総合科学部,総合科学,部,1,1,auto
ピアノ部,ピアノ,部,1,1,auto
ロックバンド部,ロックバンド,部,1,1,auto
アニスト部,アニスト,部,1,1,auto
社会科学同好会,社会科学,同好会,1,1,auto
部活動の紹介,部活動の紹介,,1,1,auto
デジタル・ドローン・プログラミング同好会,デジタルドローンプログラミング,同好会,1,1,auto
ねぶた部,ねぶた,部,1,1,auto
男子ソフトボール部,男子ソフトボール,部,1,1,auto
珠算競技部,珠算競技,部,1,1,auto
ひがた部,ひがた,部,1,1,auto
いけだ部,いけだ,部,1,1,auto
フラダンス同好会,フラダンス,同好会,1,1,auto
漫画アニメ部,漫画アニメ,部,1,1,auto
デザイン同好会,デザイン,同好会,1,1,auto
文学部,文学,部,1,1,auto
地理歴史部,地理歴史,部,1,1,auto
クイズ同好会,クイズ,同好会,1,1,auto
体操競技部,体操競技,部,1,1,auto
駒場フィルハーモニーオーケストラ部,駒場フィルハーモニーオーケストラ,部,1,1,auto
KMC部,KMC,部,1,1,auto
沖縄太鼓部,沖縄太鼓,部,1,1,auto
放送局,放送局,,1,1,auto
新聞局,新聞局,,1,1,auto
放送研究部,放送研究,部,1,1,auto
演劇研究部,演劇研究,部,1,1,auto
アルペン部,アルペン,部,1,1,auto
漫画愛好部,漫画愛好,部,1,1,auto
テーブルゲーム同好会,テーブルゲーム,同好会,1,1,auto
クリエイト同好会,クリエイト,同好会,1,1,auto
女子バスケ部,女子バスケ,部,1,1,auto
描く部,描く,部,1,1,auto
珠算・電卓部,珠算電卓,部,1,1,auto
国際交流ボランティア部,国際交流ボランティア,部,1,1,auto
イラスト創作文芸部,イラスト創作文芸,部,1,1,auto
商業研究同好会,商業研究,同好会,1,1,auto
簿記研究部,簿記研究,部,1,1,auto
ロボット技術研究部,ロボット技術研究,部,1,1,auto
ラジコン部,ラジコン,部,1,1,auto
プログラムクリエーター同好会,プログラムクリエーター,同好会,1,1,auto
交通研究同好会,交通研究,同好会,1,1,auto
デジタルグラフィックサークル,デジタルグラフィックサークル,,1,1,auto
造形（プラモデル）サークル,造形サークル,,1,1,auto
建築サークル,建築サークル,,1,1,auto
演劇サークル,演劇サークル,,1,1,auto
RC（ラジコンカー）部,RC,部,1,1,auto
写真・デジタルグラフィック同好会,写真デジタルグラフィック,同好会,1,1,auto
都市工同好会,都市工,同好会,1,1,auto
花卉部,花卉,部,1,1,auto
盆栽部,盆栽,部,1,1,auto
フレンド・オブ・アニマルズ部,フレンドオブアニマルズ,部,1,1,auto
食品科学部,食品科学,部,1,1,auto
昆虫部,昆虫,部,1,1,auto
植物バイオテクノロジー部,植物バイオテクノロジー,部,1,1,auto
DIY同好会,DIY,同好会,1,1,auto
ハト部,ハト,部,1,1,auto
バラ園プロジェクト,バラ園プロジェクト,,1,1,auto
花王公式Youtube,花王公式Youtube,,1,1,auto
KATE再生リスト,KATE再生リスト,,1,1,auto
ウインドアンサンブル部,ウインドアンサンブル,部,1,1,auto
シンポジウム部,シンポジウム,部,1,1,auto
表象文化部,表象文化,部,1,1,auto
ジャパニーズスタイル,ジャパニーズスタイル,,1,1,auto
＜コンクール,<コンクール,,1,1,auto
Competition＞,Competition>,,1,1,auto
第18回,第18回,,1,1,auto
環境フォトコンテスト,環境フォトコンテスト,,1,1,auto
学校家庭クラブ活動,学校家庭クラブ活動,,1,1,auto
功労賞（家庭科）,功労賞,,1,1,auto
第61回,第61回,,1,1,auto
コンテンポラリーダンスコース部,コンテンポラリーダンスコース,部,1,1,auto
ジャズ研究部,ジャズ研究,部,1,1,auto
プチコンセール部,プチコンセール,部,1,1,auto
カレー部,カレー,部,1,1,auto
メサイア研究部,メサイア研究,部,1,1,auto
ヴォーカルアンサンブル部,ヴォーカルアンサンブル,部,1,1,auto
殺陣部,殺陣,部,1,1,auto
映像放送制作部,映像放送制作,部,1,1,auto
バックステージ同好会,バックステージ,同好会,1,1,auto
卓上ゲーム同好会,卓上ゲーム,同好会,1,1,auto
Art,Art,,1,1,auto
Night同好会,Night,同好会,1,1,auto
食物研究同好会,食物研究,同好会,1,1,auto
造形部,造形,部,1,1,auto
コンテンポラリーダンス部,コンテンポラリーダンス,部,1,1,auto
男子バトミントン部,男子バトミントン,部,1,1,auto
女子バトミントン部,女子バトミントン,部,1,1,auto
宇宙研究部,宇宙研究,部,1,1,auto
ゴスペルフリークス部,ゴスペルフリークス,部,1,1,auto
CR東日本,CR東日本,,1,1,auto
ディベート部,ディベート,部,1,1,auto
シブ楽隊,シブ楽隊,,1,1,auto
つるばみ同好会,つるばみ,同好会,1,1,auto
ベトリナ,ベトリナ,,1,1,auto
ケルト音楽研究,ケルト音楽研究,,1,1,auto
ORIGAMI,ORIGAMI,,1,1,auto
ヲタ芸,ヲタ芸,,1,1,auto
英語ディベート,英語ディベート,,1,1,auto
NISH FLYER,NISHFLYER,,1,1,auto
SDGsの会,SDGsの,,1,1,auto
西高生にささやかなスパイスを,西高生にささやかなスパイスを,,1,1,auto
ポケモン,ポケモン,,1,1,auto
西論会,西論,,1,1,auto
特別部,特別,部,1,1,auto
体操ダンス部,体操ダンス,部,1,1,auto
ファッションクリエイト部,ファッションクリエイト,部,1,1,auto
ESS（English,ESS(English,,1,1,auto
Speaking,Speaking,,1,1,auto
Society）部,Society),部,1,1,auto
社会福祉研究部,社会福祉研究,部,1,1,auto
天文学部,天文学,部,1,1,auto
マイコン部,マイコン,部,1,1,auto
中国語部,中国語,部,1,1,auto
Vocal同好会,Vocal,同好会,1,1,auto
ゲームプログラミング同好会,ゲームプログラミング,同好会,1,1,auto
TESS部,TESS,部,1,1,auto
SSWE部,SSWE,部,1,1,auto
ファッション＆クッキング部,ファッション&クッキング,部,1,1,auto
日本の伝統文化部,日本の伝統文化,部,1,1,auto
文芸創作部,文芸創作,部,1,1,auto
野外活動部,野外活動,部,1,1,auto
韓国語部,韓国語,部,1,1,auto
被服部,被服,部,1,1,auto
フラ部,フラ,部,1,1,auto
イラストデザイン部,イラストデザイン,部,1,1,auto
生活デザイン同好会,生活デザイン,同好会,1,1,auto
電子機械工作部,電子機械工作,部,1,1,auto
読書部,読書,部,1,1,auto
無線部,無線,部,1,1,auto
ユースボランティア部,ユースボランティア,部,1,1,auto
馬術部,馬術,部,1,1,auto
外国研究部,外国研究,部,1,1,auto
果樹研究部,果樹研究,部,1,1,auto
草花研究部,草花研究,部,1,1,auto
植物バイオテクノロジー研究部,植物バイオテクノロジー研究,部,1,1,auto
野菜研究部,野菜研究,部,1,1,auto
製菓製パン研究部,製菓製パン研究,部,1,1,auto
農産加工研究部,農産加工研究,部,1,1,auto
造園測量部,造園測量,部,1,1,auto
農芸研究部,農芸研究,部,1,1,auto
折り紙研究部,折り紙研究,部,1,1,auto
海外文化研究同好会,海外文化研究,同好会,1,1,auto
進路探究部,進路探究,部,1,1,auto
社会調査,社会調査,,1,1,auto
ストリートパフォーマンス部,ストリートパフォーマンス,部,1,1,auto
天文地球科学部,天文地球科学,部,1,1,auto
フリーミュージック部,フリーミュージック,部,1,1,auto
アコースティックハーモニー部,アコースティックハーモニー,部,1,1,auto
作法部,作法,部,1,1,auto
バトントワール部,バトントワール,部,1,1,auto
学習部,学習,部,1,1,auto
漫画研究・美術部,漫画研究美術,部,1,1,auto
ラクロス部,ラクロス,部,1,1,auto
日本拳法部,日本拳法,部,1,1,auto
映画・アニメ部,映画アニメ,部,1,1,auto
弦楽オーケストラ部,弦楽オーケストラ,部,1,1,auto
被服手芸部,被服手芸,部,1,1,auto
数学解法研究同好会,数学解法研究,同好会,1,1,auto
ＭＩＣ（マンガイラスト）,MIC,,1,1,auto
グラスアート部,グラスアート,部,1,1,auto
クラフト部,クラフト,部,1,1,auto
テクニカル部,テクニカル,部,1,1,auto
電力部,電力,部,1,1,auto
無線技術部,無線技術,部,1,1,auto
立体創作部,立体創作,部,1,1,auto
デジタル・ドローン・防災部,デジタルドローン防災,部,1,1,auto
男女バスケットボール部,男女バスケットボール,部,1,1,auto
物理研究,物理研究,,1,1,auto
外国文化研究部,外国文化研究,部,1,1,auto
アニメ研究部,アニメ研究,部,1,1,auto
くっきんぐ部,くっきんぐ,部,1,1,auto
ストリングオーケストラ部,ストリングオーケストラ,部,1,1,auto
アニメーション研究部,アニメーション研究,部,1,1,auto
フリークライミング部,フリークライミング,部,1,1,auto
理化部 化学,理化部化学,,1,1,auto
理化部 天文・地学,理化部天文地学,,1,1,auto
ビーチボールバレー部,ビーチボールバレー,部,1,1,auto
コーラスパフォーマンス部,コーラスパフォーマンス,部,1,1,auto
検定同好会,検定,同好会,1,1,auto
音楽館（軽音楽）部,音楽館,部,1,1,auto
華道/茶道部,華道/茶道,部,1,1,auto
相撲部,相撲,部,1,1,auto
登山部,登山,部,1,1,auto
アームレスリング部,アームレスリング,部,1,1,auto
多文化研究部,多文化研究,部,1,1,auto
自動車工作部,自動車工作,部,1,1,auto
ロボティクス研究部,ロボティクス研究,部,1,1,auto
建築研究部,建築研究,部,1,1,auto
情報電気部,情報電気,部,1,1,auto
応援団,応援団,,1,1,auto
パソコン研究部,パソコン研究,部,1,1,auto
ものづくり同好会,ものづくり,同好会,1,1,auto
ＡＩ部,AI,部,1,1,auto
邦楽部,邦楽,部,1,1,auto
English,English,,1,1,auto
Club,Club,,1,1,auto
Club・英語部,Club英語,部,1,1,auto
家政部,家政,部,1,1,auto
まんが部,まんが,部,1,1,auto
JRCボランティア部,JRCボランティア,部,1,1,auto
ＤＸ愛好会,DX,愛好会,1,1,auto
ヨット部,ヨット,部,1,1,auto
男子剣道部,男子剣道,部,1,1,auto
女子剣道部,女子剣道,部,1,1,auto
テコンドー部,テコンドー,部,1,1,auto
中国研究部,中国研究,部,1,1,auto
ＦＥＳＳ部,FESS,部,1,1,auto
ＭＡＣ部,MAC,部,1,1,auto
創作ダンス部,創作ダンス,部,1,1,auto
サステナブル同好会,サステナブル,同好会,1,1,auto
チアバトン部,チアバトン,部,1,1,auto
ゲートボール同好会,ゲートボール,同好会,1,1,auto
イラストコミック部,イラストコミック,部,1,1,auto
ミュージック部,ミュージック,部,1,1,auto
コンピューターサークル,コンピューターサークル,,1,1,auto
英検サークル,英検サークル,,1,1,auto
吹奏楽 軽音楽,吹奏楽軽音楽,,1,1,auto
Cooking,Cooking,,1,1,auto
メディア,メディア,,1,1,auto
声優研究,声優研究,,1,1,auto
ファッションデザイン部,ファッションデザイン,部,1,1,auto
メイプル部,メイプル,部,1,1,auto
福祉・ボランティア部,福祉ボランティア,部,1,1,auto
葛商AI同好会,葛商AI,同好会,1,1,auto
ゲーム部,ゲーム,部,1,1,auto
アニメコミック部,アニメコミック,部,1,1,auto
レスリング部,レスリング,部,1,1,auto
美術建築部,美術建築,部,1,1,auto
模型ラジコン部,模型ラジコン,部,1,1,auto
機械技術研究部,機械技術研究,部,1,1,auto
ラグビーフットボール部,ラグビーフットボール,部,1,1,auto
電子部,電子,部,1,1,auto
建築部,建築,部,1,1,auto
生花茶道部,生花茶道,部,1,1,auto
アウトドアライフ部,アウトドアライフ,部,1,1,auto
ＭＣＧ部,MCG,部,1,1,auto
調理科学部,調理科学,部,1,1,auto
ＬＥＧＯ競技同好会,LEGO競技,同好会,1,1,auto
魚類研究同好会,魚類研究,同好会,1,1,auto
フライングオブジェクトプロジェクト,フライングオブジェクトプロジェクト,,1,1,auto
奇術愛好会,奇術,愛好会,1,1,auto
武術研究愛好会,武術研究,愛好会,1,1,auto
小説・漫画愛好会,小説漫画,愛好会,1,1,auto
園芸加工部,園芸加工,部,1,1,auto
穀類加工部,穀類加工,部,1,1,auto
畜産加工部,畜産加工,部,1,1,auto
応用微生物部,応用微生物,部,1,1,auto
醸造部,醸造,部,1,1,auto
エンターテイメント部,エンターテイメント,部,1,1,auto
美術・アニメ・イラスト部,美術アニメイラスト,部,1,1,auto
ものつくり部,ものつくり,部,1,1,auto
ビジネス部,ビジネス,部,1,1,auto
競技カルタサークル,競技カルタサークル,,1,1,auto
囲碁・将棋サークル,囲碁将棋サークル,,1,1,auto
女子ラクロス部,女子ラクロス,部,1,1,auto
陶芸美術部,陶芸美術,部,1,1,auto
マンガ部,マンガ,部,1,1,auto
IT部,IT,部,1,1,auto
ネイチャー・ウォッチング同好会,ネイチャーウォッチング,同好会,1,1,auto
映画鑑賞部,映画鑑賞,部,1,1,auto
デザイン・イラスト部,デザインイラスト,部,1,1,auto
グローカル探究部,グローカル探究,部,1,1,auto
マニュアルアーツ部,マニュアルアーツ,部,1,1,auto
映画演劇部,映画演劇,部,1,1,auto
外国語同好会,外国語,同好会,1,1,auto
ひのミラ（持続可能な日野の未来を創る高校生チーム）,ひのミラ,,1,1,auto
将棋・チェス部,将棋チェス,部,1,1,auto
写真・映像部,写真映像,部,1,1,auto
茶生花部,茶生花,部,1,1,auto
トランポリン部,トランポリン,部,1,1,auto
ユニバーサルスポーツ同好会,ユニバーサルスポーツ,同好会,1,1,auto
漫画研究・文芸部,漫画研究文芸,部,1,1,auto
茶道・花道部,茶道花道,部,1,1,auto
茶道・華道部,茶道華道,部,1,1,auto
光画部,光画,部,1,1,auto
創作音楽同好会,創作音楽,同好会,1,1,auto
ゲームクリエイト部,ゲームクリエイト,部,1,1,auto
ビジネスライセンス部,ビジネスライセンス,部,1,1,auto
デザイン工芸部,デザイン工芸,部,1,1,auto
パソコン同好部,パソコン同好,部,1,1,auto
最新情報,最新情報,,1,1,auto
ストリートダンス部,ストリートダンス,部,1,1,auto
ブラックダンス部,ブラックダンス,部,1,1,auto
現代舞踊部,現代舞踊,部,1,1,auto
踊り部,踊り,部,1,1,auto
自然総合部,自然総合,部,1,1,auto
ＤＡＮＣＥ部,DANCE,部,1,1,auto
篠笛部,篠笛,部,1,1,auto
◆ 運 動 部,◆運動,部,1,1,auto
◆ 文 化 部,◆文化,部,1,1,auto
部,,部,1,1,auto
製菓製パン部,製菓製パン,部,1,1,auto
日本文化部,日本文化,部,1,1,auto
里山ネイチャー同好会,里山ネイチャー,同好会,1,1,auto
畑栽培部,畑栽培,部,1,1,auto
工芸同好会,工芸,同好会,1,1,auto
ソフトウェア開発同好会,ソフトウェア開発,同好会,1,1,auto
食品研究部,食品研究,部,1,1,auto
動物愛好部,動物愛好,部,1,1,auto
バイテク部,バイテク,部,1,1,auto
ESS英語同好会,ESS英語,同好会,1,1,auto
新体操部,新体操,部,1,1,auto
野外研究部,野外研究,部,1,1,auto
現代音楽部,現代音楽,部,1,1,auto
執筆部,執筆,部,1,1,auto
学力推進同好会,学力推進,同好会,1,1,auto
女子フットサル部,女子フットサル,部,1,1,auto
ハイキング・生物部,ハイキング生物,部,1,1,auto
ギター音楽部,ギター音楽,部,1,1,auto
調理研究同好会,調理研究,同好会,1,1,auto
ビームライフル部,ビームライフル,部,1,1,auto
ライトミュージック部,ライトミュージック,部,1,1,auto
スイーツ研究部,スイーツ研究,部,1,1,auto
レゴ部,レゴ,部,1,1,auto
民族音楽部,民族音楽,部,1,1,auto
野外活動研究部,野外活動研究,部,1,1,auto
中国切り絵部,中国切り絵,部,1,1,auto
カヌー＆ブリッジ同好会,カヌー&ブリッジ,同好会,1,1,auto
イラスト美術部,イラスト美術,部,1,1,auto
測量部,測量,部,1,1,auto
ガジェット同好会,ガジェット,同好会,1,1,auto
歩く建築同好会,歩く建築,同好会,1,1,auto
化学物理班,化学物理,班,1,1,auto
生活科学班,生活科学,班,1,1,auto
無線工作部,無線工作,部,1,1,auto
科学研究部数学班,科学研究部数学,班,1,1,auto
科学研究部生物班,科学研究部生物,班,1,1,auto
科学研究部生活科学班,科学研究部生活科学,班,1,1,auto
科学研究部化学物理班,科学研究部化学物理,班,1,1,auto
文芸漫画部,文芸漫画,部,1,1,auto
自然観察部,自然観察,部,1,1,auto
男女ハンドボール部,男女ハンドボール,部,1,1,auto
ユニバーサルホッケー部,ユニバーサルホッケー,部,1,1,auto
イラストアート部,イラストアート,部,1,1,auto
東京都立調布南高等学校硬式野球部,東京都立調布南高等学校硬式野球,部,1,1,auto
英語研究部,英語研究,部,1,1,auto
軽音学部,軽音学,部,1,1,auto
日本語クラブ,日本語,クラブ,1,1,auto
クラシックバレエ部,クラシックバレエ,部,1,1,auto
民俗音楽研究部,民俗音楽研究,部,1,1,auto
文学研究部,文学研究,部,1,1,auto
マジック研究部,マジック研究,部,1,1,auto
バドミンドン部,バドミンドン,部,1,1,auto
映画部,映画,部,1,1,auto
現代文芸同好会,現代文芸,同好会,1,1,auto
チアダンス部,チアダンス,部,1,1,auto
卓球研究会,卓球研究,,1,1,auto
イラスト・小説同好会,イラスト小説,同好会,1,1,auto
ダブルダッチ同好会,ダブルダッチ,同好会,1,1,auto
和（なごみ）同好会,和,同好会,1,1,auto
ピアノ研究会,ピアノ研究,,1,1,auto
自動車整備部,自動車整備,部,1,1,auto
マンガ研究部,マンガ研究,部,1,1,auto
CAD部,CAD,部,1,1,auto
食品化学部,食品化学,部,1,1,auto
児童研究部,児童研究,部,1,1,auto
神代農場部,神代農場,部,1,1,auto
サウンド部,サウンド,部,1,1,auto
専門部,専門,部,1,1,auto
文化部,文化,部,1,1,auto
男子バスケトボール部,男子バスケトボール,部,1,1,auto
Hawaii,Hawaii,,1,1,auto
Project,Project,,1,1,auto
神津高チャレンジ同好会,神津高チャレンジ,同好会,1,1,auto
軟式テニス部,軟式テニス,部,1,1,auto
潜水部,潜水,部,1,1,auto
カッター部,カッター,部,1,1,auto
ボルダリング部,ボルダリング,部,1,1,auto
ラケットスポーツ部,ラケットスポーツ,部,1,1,auto
大学受験同好会,大学受験,同好会,1,1,auto
自然保護研究会,自然保護研究,,1,1,auto
