school_number,name,slug,access_url
401010,一橋,hitotsubashi-hc,https://www.metro.ed.jp/hitotsubashi-hc/access/access.html
401020,日比谷,hibiya-h,https://www.metro.ed.jp/hibiya-h/access/access.html
401040,三田,mita-h,https://www.metro.ed.jp/mita-h/access/access.html
401210,大崎,osaki-h,https://www.metro.ed.jp/osaki-h/access/access.html
401230,小山台,koyamadai-h,https://www.metro.ed.jp/koyamadai-h/access/access.html
401240,雪谷,yukigaya-h,https://www.metro.ed.jp/yukigaya-h/access/access.html
401250,大森,omori-h,https://www.metro.ed.jp/omori-h/access/access.html
401290,蒲田,kamata-h,https://www.metro.ed.jp/kamata-h/access/access.html
401410,つばさ総合,tsubasasogo-h,https://www.metro.ed.jp/tsubasasogo-h/access/access.html
401420,六本木,roppongi-he,https://www.metro.ed.jp/roppongi-he/access/access.html
401520,美原,mihara-h,https://www.metro.ed.jp/mihara-h/access/access.html
401620,大田桜台,otasakuradai-h,https://www.metro.ed.jp/otasakuradai-h/access/access.html
402010,戸山,toyama-h,https://www.metro.ed.jp/toyama-h/access/access.html
402030,駒場,komaba-h,https://www.metro.ed.jp/komaba-h/access/access.html
402040,目黒,meguro-h,https://www.metro.ed.jp/meguro-h/access/access.html
402060,新宿,shinjuku-h,https://www.metro.ed.jp/shinjuku-h/access/access.html
402070,青山,aoyama-h,https://www.metro.ed.jp/aoyama-h/access/access.html
402210,松原,matsubara-h,https://www.metro.ed.jp/matsubara-h/access/access.html
402220,桜町,sakuramachi-h,https://www.metro.ed.jp/sakuramachi-h/access/access.html
402250,千歳丘,chitosegaoka-h,https://www.metro.ed.jp/chitosegaoka-h/access/access.html
402270,深沢,fukasawa-h,https://www.metro.ed.jp/fukasawa-h/access/access.html
402410,世田谷泉,setagayaizumi-he,https://www.metro.ed.jp/setagayaizumi-he/access/access.html
402420,世田谷総合,setagayasogo-h,https://www.metro.ed.jp/setagayasogo-h/access/access.html
402520,新宿山吹,shinjukuyamabuki-h,https://www.metro.ed.jp/shinjukuyamabuki-h/access/access.html
402530,芦花,roka-h,https://www.metro.ed.jp/roka-h/access/access.html
402620,第一商業,daiichishogyo-h,https://www.metro.ed.jp/daiichishogyo-h/access/access.html
402750,総合工科,sogokoka-h,https://www.metro.ed.jp/sogokoka-h/access/access.html
402810,園芸,engei-h,https://www.metro.ed.jp/engei-h/access/access.html
403010,鷺宮,saginomiya-h,https://www.metro.ed.jp/saginomiya-h/access/access.html
403020,富士,fuji-s,https://www.metro.ed.jp/fuji-s/access/access.html
403030,武蔵丘,musashigaoka-h,https://www.metro.ed.jp/musashigaoka-h/access/access.html
403040,荻窪,ogikubo-he,https://www.metro.ed.jp/ogikubo-he/access/access.html
403050,西,nishi-h,https://www.metro.ed.jp/nishi-h/access/access.html
403060,豊多摩,toyotama-h,https://www.metro.ed.jp/toyotama-h/access/access.html
403070,杉並,suginami-h,https://www.metro.ed.jp/suginami-h/access/access.html
403210,石神井,shakujii-h,https://www.metro.ed.jp/shakujii-h/access/access.html
403220,井草,igusa-h,https://www.metro.ed.jp/igusa-h/access/access.html
403230,大泉,oizumi-h,https://www.metro.ed.jp/oizumi-h/access/access.html
403240,練馬,nerima-h,https://www.metro.ed.jp/nerima-h/access/access.html
403250,光丘,hikarigaoka-h,https://www.metro.ed.jp/hikarigaoka-h/access/access.html
403280,田柄,tagara-h,https://www.metro.ed.jp/tagara-h/access/access.html
403410,杉並総合,suginamisogo-h,https://www.metro.ed.jp/suginamisogo-h/access/access.html
403420,稔ヶ丘,minorigaoka-he,https://www.metro.ed.jp/minorigaoka-he/access/access.html
403510,大泉桜,oizumisakura-h,https://www.metro.ed.jp/oizumisakura-h/access/access.html
403710,中野工科,nakanokoka-h,https://www.metro.ed.jp/nakanokoka-h/access/access.html
403720,杉並工科,suginamikoka-h,https://www.metro.ed.jp/suginamikoka-h/access/access.html
403730,練馬工科,nerimakoka-h,https://www.metro.ed.jp/nerimakoka-h/access/access.html
403810,農芸,nogei-h,https://www.metro.ed.jp/nogei-h/access/access.html
404010,竹早,takehaya-h,https://www.metro.ed.jp/takehaya-h/access/access.html
404020,向丘,mukogaoka-h,https://www.metro.ed.jp/mukogaoka-h/access/access.html
404040,豊島,toshima-h,https://www.metro.ed.jp/toshima-h/access/access.html
404050,文京,bunkyo-h,https://www.metro.ed.jp/bunkyo-h/access/access.html
404210,北園,kitazono-h,https://www.metro.ed.jp/kitazono-h/access/access.html
404220,板橋,itabashi-h,https://www.metro.ed.jp/itabashi-h/access/access.html
404260,高島,takashima-h,https://www.metro.ed.jp/takashima-h/access/access.html
404410,桐ヶ丘,kirigaoka-he,https://www.metro.ed.jp/kirigaoka-he/access/access.html
404510,飛鳥,asuka-h,https://www.metro.ed.jp/asuka-h/access/access.html
404520,板橋有徳,itabashiyutoku-h,https://www.metro.ed.jp/itabashiyutoku-h/access/access.html
404640,千早,chihaya-h,https://www.metro.ed.jp/chihaya-h/access/access.html
404710,工芸,kogei-h,https://www.metro.ed.jp/kogei-h/access/access.html
404730,北豊島工科,kitatoshimakoka-h,https://www.metro.ed.jp/kitatoshimakoka-h/access/access.html
404910,赤羽北桜,akabanehokuo-h,https://www.metro.ed.jp/akabanehokuo-h/access/access.html
405040,白鴎,hakuo-h,https://www.metro.ed.jp/hakuo-h/access/access.html
405050,忍岡,shinobugaoka-h,https://www.metro.ed.jp/shinobugaoka-h/access/access.html
405060,上野,ueno-h,https://www.metro.ed.jp/ueno-h/access/access.html
405070,竹台,takenodai-h,https://www.metro.ed.jp/takenodai-h/access/access.html
405210,足立,adachi-h,https://www.metro.ed.jp/adachi-h/access/access.html
405220,江北,kohoku-h,https://www.metro.ed.jp/kohoku-h/access/access.html
405230,淵江,fuchie-h,https://www.metro.ed.jp/fuchie-h/access/access.html
405240,足立西,adachinishi-h,https://www.metro.ed.jp/adachinishi-h/access/access.html
405250,足立東,adachihigashi-h,https://www.metro.ed.jp/adachihigashi-h/access/access.html
405260,青井,aoi-h,https://www.metro.ed.jp/aoi-h/access/access.html
405270,足立新田,adachishinden-h,https://www.metro.ed.jp/adachishinden-h/access/access.html
405410,晴海総合,harumisogo-h,https://www.metro.ed.jp/harumisogo-h/access/access.html
405420,小台橋,odaibashi-he,https://www.metro.ed.jp/odaibashi-he/access/access.html
405520,浅草,asakusa-he,https://www.metro.ed.jp/asakusa-he/access/access.html
405710,蔵前工科,kuramaekoka-h,https://www.metro.ed.jp/kuramaekoka-h/access/access.html
405720,荒川工科,arakawakoka-h,https://www.metro.ed.jp/arakawakoka-h/access/access.html
405730,足立工科,adachikoka-h,https://www.metro.ed.jp/adachikoka-h/access/access.html
406010,両国,ryogoku-h,https://www.metro.ed.jp/ryogoku-h/access/access.html
406020,墨田川,sumidagawa-h,https://www.metro.ed.jp/sumidagawa-h/access/access.html
406030,本所,honjo-h,https://www.metro.ed.jp/honjo-h/access/access.html
406040,葛飾野,katsushikano-h,https://www.metro.ed.jp/katsushikano-h/access/access.html
406050,南葛飾,minamikatsushika-h,https://www.metro.ed.jp/minamikatsushika-h/access/access.html
406070,日本橋,nihonbashi-h,https://www.metro.ed.jp/nihonbashi-h/access/access.html
406210,深川,fukagawa-h,https://www.metro.ed.jp/fukagawa-h/access/access.html
406220,東,higashi-h,https://www.metro.ed.jp/higashi-h/access/access.html
406230,城東,joto-h,https://www.metro.ed.jp/joto-h/access/access.html
406240,小松川,komatsugawa-h,https://www.metro.ed.jp/komatsugawa-h/access/access.html
406250,江戸川,edogawa-h,https://www.metro.ed.jp/edogawa-h/access/access.html
406260,小岩,koiwa-h,https://www.metro.ed.jp/koiwa-h/access/access.html
406270,葛西南,kasaiminami-h,https://www.metro.ed.jp/kasaiminami-h/access/access.html
406280,篠崎,shinozaki-h,https://www.metro.ed.jp/shinozaki-h/access/access.html
406290,紅葉川,momijigawa-h,https://www.metro.ed.jp/momijigawa-h/access/access.html
406410,大江戸,oedo-he,https://www.metro.ed.jp/oedo-he/access/access.html
406420,葛飾総合,katsushikasogo-h,https://www.metro.ed.jp/katsushikasogo-h/access/access.html
406720,本所工科,honjokoka-he,https://www.metro.ed.jp/honjokoka-he/access/access.html
406730,墨田工科,sumidakoka-h,https://www.metro.ed.jp/sumidakoka-h/access/access.html
406760,葛西工科,kasaikoka-h,https://www.metro.ed.jp/kasaikoka-h/access/access.html
406810,農産,nosan-h,https://www.metro.ed.jp/nosan-h/access/access.html
406910,橘,tachibana-h,https://www.metro.ed.jp/tachibana-h/access/access.html
407020,富士森,fujimori-h,https://www.metro.ed.jp/fujimori-h/access/access.html
407030,片倉,katakura-h,https://www.metro.ed.jp/katakura-h/access/access.html
407040,八王子東,hachiojihigashi-h,https://www.metro.ed.jp/hachiojihigashi-h/access/access.html
407050,八王子北,hachiojikita-h,https://www.metro.ed.jp/hachiojikita-h/access/access.html
407070,松が谷,matsugaya-h,https://www.metro.ed.jp/matsugaya-h/access/access.html
407080,日野,hino-h,https://www.metro.ed.jp/hino-h/access/access.html
407090,日野台,hinodai-h,https://www.metro.ed.jp/hinodai-h/access/access.html
407100,南平,minamidaira-h,https://www.metro.ed.jp/minamidaira-h/access/access.html
407210,町田,machida-h,https://www.metro.ed.jp/machida-h/access/access.html
407230,野津田,nozuta-h,https://www.metro.ed.jp/nozuta-h/access/access.html
407240,成瀬,naruse-h,https://www.metro.ed.jp/naruse-h/access/access.html
407250,小川,ogawa-h,https://www.metro.ed.jp/ogawa-h/access/access.html
407260,山崎,yamasaki-h,https://www.metro.ed.jp/yamasaki-h/access/access.html
407420,町田総合,machidasogo-h,https://www.metro.ed.jp/machidasogo-h/access/access.html
407510,翔陽,shoyo-h,https://www.metro.ed.jp/shoyo-h/access/access.html
407520,八王子拓真,hachiojitakushin-he,https://www.metro.ed.jp/hachiojitakushin-he/access/access.html
407720,町田工科,machidakoka-h,https://www.metro.ed.jp/machidakoka-h/access/access.html
408010,立川,tachikawa-h,https://www.metro.ed.jp/tachikawa-h/access/access.html
408030,砂川,sunagawa-hc,https://www.metro.ed.jp/sunagawa-hc/access/access.html
408040,昭和,showa-h,https://www.metro.ed.jp/showa-h/access/access.html
408050,拝島,haijima-h,https://www.metro.ed.jp/haijima-h/access/access.html
408060,東大和,higashiyamato-h,https://www.metro.ed.jp/higashiyamato-h/access/access.html
408070,武蔵村山,musashimurayama-h,https://www.metro.ed.jp/musashimurayama-h/access/access.html
408090,東大和南,higashiyamatominami-h,https://www.metro.ed.jp/higashiyamatominami-h/access/access.html
408210,多摩,tama-h,https://www.metro.ed.jp/tama-h/access/access.html
408230,福生,fussa-h,https://www.metro.ed.jp/fussa-h/access/access.html
408240,秋留台,akirudai-h,https://www.metro.ed.jp/akirudai-h/access/access.html
408250,羽村,hamura-h,https://www.metro.ed.jp/hamura-h/access/access.html
408420,青梅総合,omesogo-h,https://www.metro.ed.jp/omesogo-h/access/access.html
408430,立川緑,tachikawamidori-he,https://www.metro.ed.jp/tachikawamidori-he/access/access.html
408510,上水,josui-h,https://www.metro.ed.jp/josui-h/access/access.html
408710,多摩工科,tamakoka-h,https://www.metro.ed.jp/tamakoka-h/access/access.html
408820,瑞穂農芸,mizuhonogei-h,https://www.metro.ed.jp/mizuhonogei-h/access/access.html
409010,武蔵,musashi-h,https://www.metro.ed.jp/musashi-h/access/access.html
409020,武蔵野北,musashinokita-h,https://www.metro.ed.jp/musashinokita-h/access/access.html
409030,小金井北,koganeikita-h,https://www.metro.ed.jp/koganeikita-h/access/access.html
409040,保谷,hoya-h,https://www.metro.ed.jp/hoya-h/access/access.html
409060,久留米西,kurumenishi-h,https://www.metro.ed.jp/kurumenishi-h/access/access.html
409070,田無,tanashi-h,https://www.metro.ed.jp/tanashi-h/access/access.html
409210,小平,kodaira-h,https://www.metro.ed.jp/kodaira-h/access/access.html
409220,小平西,kodairanishi-h,https://www.metro.ed.jp/kodairanishi-h/access/access.html
409230,東村山,higashimurayama-h,https://www.metro.ed.jp/higashimurayama-h/access/access.html
409240,国分寺,kokubunji-h,https://www.metro.ed.jp/kokubunji-h/access/access.html
409250,清瀬,kiyose-h,https://www.metro.ed.jp/kiyose-h/access/access.html
409270,小平南,kodairaminami-h,https://www.metro.ed.jp/kodairaminami-h/access/access.html
409280,東村山西,higashimurayamanishi-h,https://www.metro.ed.jp/higashimurayamanishi-h/access/access.html
409410,東久留米総合,higashikurumesogo-h,https://www.metro.ed.jp/higashikurumesogo-h/access/access.html
409710,小金井工科,koganeikoka-he,https://www.metro.ed.jp/koganeikoka-he/access/access.html
409720,田無工科,tanashikoka-h,https://www.metro.ed.jp/tanashikoka-h/access/access.html
409730,多摩科学技術,tamakagakugijutsu-h,https://www.metro.ed.jp/tamakagakugijutsu-h/access/access.html
410020,神代,jindai-h,https://www.metro.ed.jp/jindai-h/access/access.html
410030,調布北,chofukita-h,https://www.metro.ed.jp/chofukita-h/access/access.html
410040,調布南,chofuminami-h,https://www.metro.ed.jp/chofuminami-h/access/access.html
410050,狛江,komae-h,https://www.metro.ed.jp/komae-h/access/access.html
410210,府中,fuchu-h,https://www.metro.ed.jp/fuchu-h/access/access.html
410220,府中東,fuchuhigashi-h,https://www.metro.ed.jp/fuchuhigashi-h/access/access.html
410230,府中西,fuchunishi-h,https://www.metro.ed.jp/fuchunishi-h/access/access.html
410240,国立,kunitachi-h,https://www.metro.ed.jp/kunitachi-h/access/access.html
410250,永山,nagayama-h,https://www.metro.ed.jp/nagayama-h/access/access.html
410410,若葉総合,wakabasogo-h,https://www.metro.ed.jp/wakabasogo-h/access/access.html
410710,府中工科,fuchukoka-h,https://www.metro.ed.jp/fuchukoka-h/access/access.html
410810,農業,nogyo-h,https://www.metro.ed.jp/nogyo-h/access/access.html
411010,大島,oshima-h,https://www.metro.ed.jp/oshima-h/access/access.html
411030,新島,niijima-h,https://www.metro.ed.jp/niijima-h/access/access.html
412010,三宅,miyake-h,https://www.metro.ed.jp/miyake-h/access/access.html
413010,八丈,hachijo-h,https://www.metro.ed.jp/hachijo-h/access/access.html
414010,小笠原,ogasawara-h,https://www.metro.ed.jp/ogasawara-h/access/access.html
