school_number,name,station,mode,ride_min,walk_min,total_min,alight_stop,detail,source_url
405250,足立東,亀有,walk,,25,25,,JR常磐線 亀有駅（徒歩 約25分）,https://www.metro.ed.jp/adachihigashi-h/access/access.html
405250,足立東,北綾瀬,walk,,25,25,,東京メトロ千代田線 北綾瀬駅（徒歩 約25分）,https://www.metro.ed.jp/adachihigashi-h/access/access.html
405250,足立東,北綾瀬,bus,,,,,最寄駅からバスを使う場合,https://www.metro.ed.jp/adachihigashi-h/access/access.html
405250,足立東,亀有,bus,,,,,亀有駅北口バス停 4番乗り場,https://www.metro.ed.jp/adachihigashi-h/access/access.html
405250,足立東,八潮,bus,,2,,中川小学校前,有64八潮駅南口行 「中川小学校前」下車 徒歩 約2分,https://www.metro.ed.jp/adachihigashi-h/access/access.html
405250,足立東,亀有,bus,,5,,大谷田陸橋,有26葛飾車庫行 「大谷田陸橋」下車 徒歩 約5分,https://www.metro.ed.jp/adachihigashi-h/access/access.html
405250,足立東,亀有,bus,,5,,大谷田四丁目,有28六ツ木都住行 「大谷田四丁目」下車 徒歩 約5分,https://www.metro.ed.jp/adachihigashi-h/access/access.html
405730,足立工科,谷在家,bus,,10,,,日暮里・舎人ライナー「谷在家」駅 東口下車 徒歩10分,https://www.metro.ed.jp/adachikoka-h/access/access.html
405730,足立工科,大師前,bus,,15,,,東武鉄道 大師線 「大師前」駅 下車 徒歩15分,https://www.metro.ed.jp/adachikoka-h/access/access.html
405730,足立工科,西新井,bus,,,,,東武鉄道 東武スカイツリ－ライン(東京メトロ 日比谷線・半蔵門線 直通) 「西新井」駅 下車,https://www.metro.ed.jp/adachikoka-h/access/access.html
405730,足立工科,西新井,bus,,3,,西新井駅西口,「西新井駅西口」バス停より 2番のりば 〔西03〕流通センターゆき 「足立工科高校前」下車 徒歩3分,https://www.metro.ed.jp/adachikoka-h/access/access.html
405730,足立工科,西新井,bus,,2,,西新井駅,「西新井駅」バス停より 5番のりば 〔赤23〕荒川大橋経由赤羽駅東口ゆき 「足立工科高校南」下車 徒歩2分,https://www.metro.ed.jp/adachikoka-h/access/access.html
405240,足立西,江北,walk,,8,8,,日暮里・舎人ライナー江北駅より徒歩約8分,https://www.metro.ed.jp/adachinishi-h/access/access.html
405240,足立西,王子,bus,,,,,王子駅よりバス（東武/都営/国際興業）,https://www.metro.ed.jp/adachinishi-h/access/access.html
405270,足立新田,王子神谷,walk,,12,12,,東京メトロ南北線「王子神谷駅」より徒歩約12分,https://www.metro.ed.jp/adachishinden-h/access/access.html
405270,足立新田,王子,bus,,2,,王子駅,JR京浜東北線、東京メトロ南北線「王子駅」よりバス「新田三丁目」下車徒歩約2分,https://www.metro.ed.jp/adachishinden-h/access/access.html
405270,足立新田,北千住,bus,,2,,北千住駅,JR常磐線、東京メトロ千代田線・日比谷線、東武スカイツリーライン、つくばエクスプレス「北千住駅」よりバス「新田三丁目」下車徒歩約2分,https://www.metro.ed.jp/adachishinden-h/access/access.html
405270,足立新田,赤羽,bus,,3,,新田二丁目,JR各線「赤羽駅」東口よりバス「新田二丁目」より徒歩約3分、または「環七新田」下車徒歩約5分,https://www.metro.ed.jp/adachishinden-h/access/access.html
405270,足立新田,上板橋,bus,,10,,上板橋駅,東武東上線「上板橋駅」よりバス「北区神谷町」より徒歩約10分,https://www.metro.ed.jp/adachishinden-h/access/access.html
404910,赤羽北桜,本蓮沼,walk,,10,10,,地下鉄 都営三田線 本蓮沼駅 徒歩10分,https://www.metro.ed.jp/akabanehokuo-h/access/access.html
404910,赤羽北桜,赤羽,walk,,20,20,,JR 赤羽駅西口 徒歩20分,https://www.metro.ed.jp/akabanehokuo-h/access/access.html
404910,赤羽北桜,王子,bus,6,0,6,,国際興業バス［王子駅］行 6番のりばHPSC 陸上門 6分・徒歩0分,https://www.metro.ed.jp/akabanehokuo-h/access/access.html
404910,赤羽北桜,十条,walk,,20,20,,JR 十条駅北口 徒歩20分,https://www.metro.ed.jp/akabanehokuo-h/access/access.html
404910,赤羽北桜,赤羽,bus,10,1,11,,南口 国際興業バス［赤羽駅西口］行HPSC 陸上門10分・徒歩1分,https://www.metro.ed.jp/akabanehokuo-h/access/access.html
408240,秋留台,東秋留,bus,,20,,東秋留駅,JR五日市線 「東秋留駅」下車 徒歩20分,https://www.metro.ed.jp/akirudai-h/access/access.html
408240,秋留台,福生,bus,,10,,福生駅,JR青梅線「福生駅」下車後、西東京バス乗り換え「草花駅」下車 徒歩10分,https://www.metro.ed.jp/akirudai-h/access/access.html
405260,青井,五反野,walk,,12,12,,東武スカイツリーライン 五反野駅下車 徒歩12分,https://www.metro.ed.jp/aoi-h/access/access.html
405260,青井,青井,walk,,12,12,,つくばエクスプレス 青井駅下車 徒歩12分,https://www.metro.ed.jp/aoi-h/access/access.html
405260,青井,青井,bus,,6,,,都バス 一ツ家三丁目下車 徒歩6分,https://www.metro.ed.jp/aoi-h/access/access.html
402070,青山,外苑前,walk,,3,3,,交通機関 東京メトロ銀座線 外苑前駅 （出口2b）より 徒歩3分,https://www.metro.ed.jp/aoyama-h/access/access.html
402070,青山,国立競技場,walk,,15,15,,都営地下鉄大江戸線 国立競技場駅 より 徒歩15分,https://www.metro.ed.jp/aoyama-h/access/access.html
402070,青山,信濃町,walk,,15,15,,JR中央・総武線 信濃町駅 または 千駄ヶ谷駅 より 徒歩15分,https://www.metro.ed.jp/aoyama-h/access/access.html
402070,青山,渋谷,bus,,,,,都バス 早81系 早大正門～渋谷駅 霞ヶ丘団地 下車,https://www.metro.ed.jp/aoyama-h/access/access.html
402070,青山,目黒,bus,,,,,黒77系 目黒駅～千駄ヶ谷駅 北青山三丁目 下車,https://www.metro.ed.jp/aoyama-h/access/access.html
405720,荒川工科,南千住,walk,,12,12,,JR常磐線 南千住駅 徒歩12分,https://www.metro.ed.jp/arakawakoka-h/access/access.html
405720,荒川工科,千住大橋,walk,,12,12,,京成電鉄 千住大橋駅 徒歩12分,https://www.metro.ed.jp/arakawakoka-h/access/access.html
405720,荒川工科,三ノ輪,walk,,12,12,,地下鉄日比谷線 三ノ輪駅 徒歩12分,https://www.metro.ed.jp/arakawakoka-h/access/access.html
405720,荒川工科,南千住,walk,,12,12,,JR常磐線・地下鉄日比谷線・つくばエクスプレス 南千住駅 徒歩12分,https://www.metro.ed.jp/arakawakoka-he/access/access.html
405720,荒川工科,千住大橋,walk,,12,12,,京成電鉄 千住大橋駅 徒歩12分,https://www.metro.ed.jp/arakawakoka-he/access/access.html
405720,荒川工科,三ノ輪橋,walk,,10,10,,都電荒川線 三ノ輪橋停留場 徒歩10分,https://www.metro.ed.jp/arakawakoka-he/access/access.html
405720,荒川工科,三ノ輪,walk,,12,12,,地下鉄日比谷線 三ノ輪駅 徒歩12分,https://www.metro.ed.jp/arakawakoka-he/access/access.html
405520,浅草,浅草,walk,,10,10,,東武スカイツリーライン 浅草駅 中央改札口から 徒歩約１０分,https://www.metro.ed.jp/asakusa-he/access/access.html
405520,浅草,南千住,bus,,,,,都バス（東４２甲）「南千住駅西口・車庫」行,https://www.metro.ed.jp/asakusa-he/access/access.html
405520,浅草,浅草橋,bus,15,2,17,浅草橋駅,「浅草橋駅」より約１５分／「東武浅草駅」より約５分、「浅草七丁目」にて下車し徒歩２分,https://www.metro.ed.jp/asakusa-he/access/access.html
405520,浅草,東京,bus,,,,,都バス（東４２甲）「東京駅八重洲口・東神田駅」行,https://www.metro.ed.jp/asakusa-he/access/access.html
405520,浅草,南千住,bus,10,1,11,南千住駅,「南千住駅」より約１０分、「浅草七丁目」にて下車し徒歩１分,https://www.metro.ed.jp/asakusa-he/access/access.html
405520,浅草,尾久,bus,25,6,31,尾久駅前,「尾久駅前」より約２５分、「浅草警察署前」にて下車し徒歩６分,https://www.metro.ed.jp/asakusa-he/access/access.html
405520,浅草,尾久,bus,,,,,→ バスの案内図はこちら,https://www.metro.ed.jp/asakusa-he/access/access.html
404510,飛鳥,ときわ台,bus,,3,,,新宿西口・上板橋・ときわ台駅・西新井大師・北千住方面より王子4丁目バス停徒歩3分,https://www.metro.ed.jp/asuka-h/access/access.html
404510,飛鳥,江北,bus,,8,,,日暮里舎人ライナー江北駅より王40系統王子方面行きバス豊島4丁目下車徒歩8分,https://www.metro.ed.jp/asuka-h/access/access.html
404050,文京,大塚,walk,,7,7,,JR山手線「大塚駅」北口から徒歩7分,https://www.metro.ed.jp/bunkyo-h/access/access.html
404050,文京,巣鴨新田,walk,,1,1,,都電荒川線「巣鴨新田駅」から徒歩1分,https://www.metro.ed.jp/bunkyo-h/access/access.html
404050,文京,西巣鴨,walk,,11,11,,都営三田線「西巣鴨駅」から徒歩11分,https://www.metro.ed.jp/bunkyo-h/access/access.html
404640,千早,千川,walk,,7,7,,東京メトロ有楽町線副都心線 千川駅 A3出口より徒歩7分,https://www.metro.ed.jp/chihaya-h/access/access.html
404640,千早,東長崎,walk,,10,10,,西武池袋線東長崎駅北口より徒歩10分,https://www.metro.ed.jp/chihaya-h/access/access.html
410030,調布北,調布,bus,15,,15,調布北高校前,調布駅北口12番乗り場から「三鷹駅行き」（鷹56） 所要時間約15分 「調布北高校前」下車,https://www.metro.ed.jp/chofukita-h/access/access.html
410030,調布北,吉祥寺,bus,20,,20,調布北高校前,吉祥寺駅４番乗り場から「調布駅北口行き」（吉06） 所要時間約20分 「調布北高校前」下車,https://www.metro.ed.jp/chofukita-h/access/access.html
410030,調布北,三鷹,bus,15,,15,調布北高校前,三鷹駅（南口）２番乗り場から「調布駅北口行き」（鷹56） 所用時間約15分 「調布北高校前」下車,https://www.metro.ed.jp/chofukita-h/access/access.html
410030,調布北,武蔵境,bus,10,,10,野崎八幡,武蔵境駅南口２番乗り場から「境南循環経由 武蔵境駅南口行き」（境92） 所要時間約10分 「野崎八幡」下車,https://www.metro.ed.jp/chofukita-h/access/access.html
410040,調布南,京王多摩川,walk,,3,3,,京王相模原線 京王多摩川駅から徒歩3分,https://www.metro.ed.jp/chofuminami-h/access/access.html
410040,調布南,調布,walk,,12,12,,京王線 調布駅から徒歩12分,https://www.metro.ed.jp/chofuminami-h/access/access.html
410610,第五商業,国立,walk,,18,18,,徒歩18分,https://www.metro.ed.jp/daigosyogyo-he/access/access.html
410610,第五商業,立川,bus,,2,,,国立駅6番バス停『立川駅南口行き』乗車『五商入口』にて下車徒歩2分,https://www.metro.ed.jp/daigosyogyo-he/access/access.html
410610,第五商業,谷保,walk,,16,16,,徒歩16分,https://www.metro.ed.jp/daigosyogyo-he/access/access.html
402620,第一商業,渋谷,walk,,13,13,,JR線・地下鉄 渋谷駅 徒歩13分,https://www.metro.ed.jp/daiichishogyo-h/access/access.html
402620,第一商業,代官山,walk,,7,7,,東急東横線 代官山駅 徒歩7分,https://www.metro.ed.jp/daiichishogyo-h/access/access.html
402620,第一商業,中目黒,walk,,12,12,,地下鉄 中目黒駅 徒歩12分,https://www.metro.ed.jp/daiichishogyo-h/access/access.html
402620,第一商業,神泉,walk,,17,17,,京王井の頭線 神泉駅 徒歩17分,https://www.metro.ed.jp/daiichishogyo-h/access/access.html
402620,第一商業,神泉,bus,,,,,バスの場合,https://www.metro.ed.jp/daiichishogyo-h/access/access.html
402620,第一商業,渋谷,bus,,,,第一商業高校,JR渋谷駅南口 35番バス乗り場から東急トランセ「第一商業高校」下車,https://www.metro.ed.jp/daiichishogyo-h/access/access.html
406640,第三商業,門前仲町,bus,,,,,場所は下町情緒あふれる門前仲町・深川界隈に位置し、交通機関は、東西線および大江戸線（門前仲町駅下車）、有楽町線（豊洲駅下車）、JR京葉線（越中島駅下車）、都バス（都立三商前下車）があり、どの方面からも通学が大変便利です。,https://www.metro.ed.jp/daisansyogyo-h/access/access.html
406640,第三商業,門前仲町,bus,,,,門前仲町,東京メトロ東西線・都営地下鉄大江戸線 「門前仲町」下車,https://www.metro.ed.jp/daisansyogyo-h/access/access.html
406640,第三商業,門前仲町,walk,,15,15,,〇２番出口から徒歩15分,https://www.metro.ed.jp/daisansyogyo-h/access/access.html
406640,第三商業,門前仲町,bus,,,,都立三商前,〇３番出口から都営バスに乗車 「都立三商前」下車,https://www.metro.ed.jp/daisansyogyo-h/access/access.html
406640,第三商業,豊洲,bus,,,,豊洲駅,東京メトロ有楽町線 「豊洲駅」下車,https://www.metro.ed.jp/daisansyogyo-h/access/access.html
406640,第三商業,豊洲,walk,,20,20,,〇１ａ番出口から徒歩20分,https://www.metro.ed.jp/daisansyogyo-h/access/access.html
406640,第三商業,豊洲,bus,,,,都立三商前,〇３番出口から都営バスに乗車 「都立三商前」下車,https://www.metro.ed.jp/daisansyogyo-h/access/access.html
406640,第三商業,越中島,walk,,8,8,,〇２番出口から徒歩８分,https://www.metro.ed.jp/daisansyogyo-h/access/access.html
406640,第三商業,門前仲町,bus,,,,,場所は下町情緒あふれる門前仲町・深川界隈に位置し、交通機関は、東西線および大江戸線（門前仲町駅下車）、有楽町線（豊洲駅下車）、JR京葉線（越中島駅下車）、都バス（都立三商前下車）があり、どの方面からも通学が大変便利です。,https://www.metro.ed.jp/daisansyogyo-he/access/access.html
406640,第三商業,門前仲町,walk,,18,18,,出口２番から徒歩１８分,https://www.metro.ed.jp/daisansyogyo-he/access/access.html
406640,第三商業,有明テニスの森,bus,,,,都立三商前,各「都立三商前」下車,https://www.metro.ed.jp/daisansyogyo-he/access/access.html
406640,第三商業,豊洲,walk,,20,20,,出口１番から徒歩２０分,https://www.metro.ed.jp/daisansyogyo-he/access/access.html
406640,第三商業,越中島,walk,,8,8,,徒歩８分,https://www.metro.ed.jp/daisansyogyo-he/access/access.html
403630,第四商業,富士見台,bus,,8,,,西武池袋線富士見台駅 北口 下車、徒歩8分,https://www.metro.ed.jp/daiyonsyogyo-h/access/access.html
403630,第四商業,練馬高野台,bus,,12,,,西武池袋線練馬高野台駅 北口 下車、徒歩12分,https://www.metro.ed.jp/daiyonsyogyo-h/access/access.html
406250,江戸川,新小岩,walk,,15,15,,南口より徒歩15分,https://www.metro.ed.jp/edogawa-h/access/access.html
406250,江戸川,西葛西,bus,,,,,都バス（葛西駅・西葛西駅・船堀駅ゆき）,https://www.metro.ed.jp/edogawa-h/access/access.html
406250,江戸川,江戸川,bus,,,,,江戸川高校前下車（徒歩2分）,https://www.metro.ed.jp/edogawa-h/access/access.html
406250,江戸川,江戸川,walk,,2,2,,江戸川高校前下車（徒歩2分）,https://www.metro.ed.jp/edogawa-h/access/access.html
402810,園芸,等々力,walk,,15,15,,東急大井町線 等々力駅下車 徒歩15分,https://www.metro.ed.jp/engei-h/access/access.html
402810,園芸,等々力,bus,,,,,東急バス利用の場合,https://www.metro.ed.jp/engei-h/access/access.html
402810,園芸,等々力,bus,5,3,8,園芸高校前,→等々力駅からバス5分、「園芸高校前」下車徒歩3分,https://www.metro.ed.jp/engei-h/access/access.html
402810,園芸,桜新町,walk,,20,20,,東急田園都市線 桜新町駅下車 徒歩20分,https://www.metro.ed.jp/engei-h/access/access.html
402810,園芸,桜新町,bus,,,,,東急バス利用の場合,https://www.metro.ed.jp/engei-h/access/access.html
402810,園芸,桜新町,bus,10,5,15,日本体育大学前,→桜新町駅からバス10分、「日本体育大学前」下車徒歩5分,https://www.metro.ed.jp/engei-h/access/access.html
402810,園芸,梅ヶ丘,bus,30,3,33,園芸高校前,→梅ヶ丘駅からバス30分、「園芸高校前」下車徒歩3分,https://www.metro.ed.jp/engei-h/access/access.html
402810,園芸,三軒茶屋,bus,,,,,「東急バス(渋82）等々力行き」は、渋谷・三軒茶屋・駒澤大学駅からも乗車できます。,https://www.metro.ed.jp/engei-h/access/access.html
402810,園芸,等々力,walk,,15,15,,東急大井町線 等々力駅下車 徒歩15分,https://www.metro.ed.jp/engei-he/access/access.html
402810,園芸,等々力,bus,,,,,東急バス利用の場合,https://www.metro.ed.jp/engei-he/access/access.html
402810,園芸,等々力,bus,5,3,8,園芸高校前,→等々力駅からバス5分、「園芸高校前」下車徒歩3分,https://www.metro.ed.jp/engei-he/access/access.html
402810,園芸,桜新町,walk,,20,20,,東急田園都市線 桜新町駅下車 徒歩20分,https://www.metro.ed.jp/engei-he/access/access.html
402810,園芸,桜新町,bus,,,,,東急バス利用の場合,https://www.metro.ed.jp/engei-he/access/access.html
402810,園芸,桜新町,bus,10,5,15,日本体育大学前,→桜新町駅からバス10分、「日本体育大学前」下車徒歩5分,https://www.metro.ed.jp/engei-he/access/access.html
402810,園芸,梅ヶ丘,bus,30,3,33,園芸高校前,→梅ヶ丘駅からバス30分、「園芸高校前」下車徒歩3分,https://www.metro.ed.jp/engei-he/access/access.html
402810,園芸,三軒茶屋,bus,,,,,「東急バス(渋82）等々力行き」は、渋谷・三軒茶屋・駒澤大学駅からも乗車できます。,https://www.metro.ed.jp/engei-he/access/access.html
402810,園芸,用賀,bus,,,,,「東急バス(等12）成城学園前駅行き」は、用賀駅からも乗車できます。,https://www.metro.ed.jp/engei-he/access/access.html
405230,淵江,秋葉原,bus,25,,25,,秋葉原からTX線・バスで25分,https://www.metro.ed.jp/fuchie-h/access/access.html
405230,淵江,西日暮里,bus,21,,21,,西日暮里から千代田線・TX線・バスで21分,https://www.metro.ed.jp/fuchie-h/access/access.html
410210,府中,北府中,walk,,12,12,,JR武蔵野線 北府中駅から 徒歩12分,https://www.metro.ed.jp/fuchu-h/access/access.html
410210,府中,府中,bus,,,,,京王線 府中駅北口からバス,https://www.metro.ed.jp/fuchu-h/access/access.html
410210,府中,国分寺,bus,7,,7,,「（寺91系統） 国分寺駅南口行」バス7分,https://www.metro.ed.jp/fuchu-h/access/access.html
410210,府中,国分寺,bus,,5,,明星学苑,「明星学苑」下車、徒歩5分,https://www.metro.ed.jp/fuchu-h/access/access.html
410210,府中,国立,bus,,,,,JR中央線 国立駅南口からバス,https://www.metro.ed.jp/fuchu-h/access/access.html
410210,府中,府中,bus,,6,,第九小学校,「第九小学校」下車、徒歩6分,https://www.metro.ed.jp/fuchu-h/access/access.html
410220,府中東,武蔵野台,walk,,15,15,,京王線 武蔵野台駅・飛田給駅 徒歩15分,https://www.metro.ed.jp/fuchuhigashi-h/access/access.html
410220,府中東,白糸台,walk,,25,25,,西武鉄道多摩川線 白糸台駅 徒歩25分,https://www.metro.ed.jp/fuchuhigashi-h/access/access.html
410710,府中工科,東府中,bus,,10,,,京王線 「東府中駅」北口下車徒歩10分,https://www.metro.ed.jp/fuchukoka-h/access/access.html
410710,府中工科,武蔵小金井,bus,15,,15,府中工業高校,JR中央線 「武蔵小金井駅」南口より東府中行バス15分（「府中工業高校」下車 ）,https://www.metro.ed.jp/fuchukoka-h/access/access.html
410230,府中西,西府,walk,,15,15,,JR南武線「西府」駅より 徒歩15分,https://www.metro.ed.jp/fuchunishi-h/access/access.html
410230,府中西,国立,bus,15,,15,,「聖蹟桜ヶ丘駅行き」バス15分,https://www.metro.ed.jp/fuchunishi-h/access/access.html
410230,府中西,国立,bus,,1,,府中西高校入口,「府中西高校入口」下車徒歩１分,https://www.metro.ed.jp/fuchunishi-h/access/access.html
410230,府中西,聖蹟桜ヶ丘,bus,15,,15,,「国立駅行き」バス15分,https://www.metro.ed.jp/fuchunishi-h/access/access.html
410230,府中西,聖蹟桜ヶ丘,bus,,1,,府中西高校入口,「府中西高校入口」下車徒歩１分,https://www.metro.ed.jp/fuchunishi-h/access/access.html
403020,富士,中野富士見町,walk,,1,1,,東京メトロ丸ノ内線「中野富士見町」駅より徒歩1分,https://www.metro.ed.jp/fuji-s/access/access.html
403020,富士,新宿,bus,,,,,（南口ターミナル1番線 京王バス 渋63渋谷駅行・新45新宿駅西口行,https://www.metro.ed.jp/fuji-s/access/access.html
403020,富士,新宿,bus,,2,,中野車庫,「中野車庫」下車徒歩2分又は「富士高校」下車徒歩1分,https://www.metro.ed.jp/fuji-s/access/access.html
403020,富士,幡ヶ谷,bus,,1,,富士高校,（京王バス 渋63中野駅行）「富士高校」下車徒歩1分,https://www.metro.ed.jp/fuji-s/access/access.html
403020,富士,笹塚,bus,10,4,14,笹塚中学,京王線「笹塚」駅から徒歩4分「笹塚中学」バス停から10分,https://www.metro.ed.jp/fuji-s/access/access.html
403020,富士,笹塚,bus,,1,,富士高校,（京王バス 渋63・宿45中野駅行「富士高校」下車徒歩1分）,https://www.metro.ed.jp/fuji-s/access/access.html
403020,富士,中野,bus,,2,,中野車庫,（中71中野駅行「中野車庫」下車徒歩2分,https://www.metro.ed.jp/fuji-s/access/access.html
407020,富士森,西八王子,walk,,13,13,,JR西八王子駅下車、北口より徒歩１３分,https://www.metro.ed.jp/fujimori-h/access/access.html
407020,富士森,西八王子,bus,5,1,6,富士森高校,西東京バス、西八王子駅（北口）または中央図書館前より富士森高校経由長房団地ゆき・城山手ゆき約５分「富士森高校」下車、徒歩１分（本校経由のみ利用）,https://www.metro.ed.jp/fujimori-h/access/access.html
407020,富士森,京王八王子,bus,25,1,26,富士森高校,西東京バス、京王八王子駅または、JR八王子北口より富士森高校経由長房団地ゆき・城山手ゆき約２５分「富士森高校」下車、徒歩１分（本校経由のみ利用）,https://www.metro.ed.jp/fujimori-h/access/access.html
406210,深川,東陽町,walk,,2,2,,東京メトロ東西線東陽町駅１番出口から 徒歩２分,https://www.metro.ed.jp/fukagawa-h/access/access.html
406210,深川,錦糸町,bus,,1,,江東区役所前,JR 錦糸町駅南口より都バス【東22】東陽町駅または東京駅丸の内北口行き「江東区役所前」下車徒歩１分,https://www.metro.ed.jp/fukagawa-h/access/access.html
406210,深川,錦糸町,bus,,,,,【主要駅からのバス所要時間】 ※時間帯により多少時間が掛かることがあります。,https://www.metro.ed.jp/fukagawa-h/access/access.html
402270,深沢,桜新町,walk,,15,15,,・東急田園都市線 桜新町駅（徒歩１５分）,https://www.metro.ed.jp/fukasawa-h/access/access.html
402270,深沢,桜新町,bus,,,,,南口を上がったところに東急バス黒０７のバス停があります。,https://www.metro.ed.jp/fukasawa-h/access/access.html
408230,福生,牛浜,bus,20,12,32,,JR青梅線利用の場合福生駅より徒歩12分、牛浜駅からだと20分、バスを利用する場合は「 永田橋（別ウインドウが開きます）,https://www.metro.ed.jp/fussa-h/access/access.html
408230,福生,八王子,bus,,6,,大和田坂上,JR中央線 豊田駅北口から 八王子駅北口行バスで「大和田坂上」下車、徒歩6分,https://www.metro.ed.jp/fussa-he/access/access.html
408230,福生,八王子,bus,,6,,旭ヶ丘中央公園,または平山工業団地循環バスで「旭ヶ丘中央公園」下車、徒歩6分,https://www.metro.ed.jp/fussa-he/access/access.html
408230,福生,北八王子,walk,,11,11,,JR八高線 北八王子駅から徒歩11分,https://www.metro.ed.jp/fussa-he/access/access.html
407040,八王子東,北八王子,walk,,11,11,,JR八高線「北八王子」駅から徒歩11分,https://www.metro.ed.jp/hachiojihigashi-h/access/access.html
407040,八王子東,京王八王子,bus,,,,,JR中央線「八王子」駅北口・「京王八王子」駅からバス,https://www.metro.ed.jp/hachiojihigashi-h/access/access.html
407040,八王子東,日野,bus,,6,,大和田坂上,日野台経由日野駅または豊田駅北口行バスで「大和田坂上」下車、徒歩6分,https://www.metro.ed.jp/hachiojihigashi-h/access/access.html
407040,八王子東,豊田,bus,,20,,,JR中央線「豊田」駅北口からバス、徒歩20分,https://www.metro.ed.jp/hachiojihigashi-h/access/access.html
407040,八王子東,八王子,bus,,6,,大和田坂上,八王子駅北口行バスで「大和田坂上」下車、徒歩6分,https://www.metro.ed.jp/hachiojihigashi-h/access/access.html
407040,八王子東,八王子,bus,,6,,旭が丘中央公園,平山工業団地循環バスで「旭が丘中央公園」下車、徒歩6分,https://www.metro.ed.jp/hachiojihigashi-h/access/access.html
407050,八王子北,八王子,bus,,,,,北口バス乗り場（7）（川口小学校行・上川霊園行・今熊行・武蔵五日市行・サマーランド行）,https://www.metro.ed.jp/hachiojikita-h/access/access.html
407050,八王子北,八王子,bus,,,,楢原町,「楢原町」下車,https://www.metro.ed.jp/hachiojikita-h/access/access.html
407050,八王子北,西八王子,bus,,,,,北口を出て右手バス乗り場（1）（市役所経由楢原町行・川口小学校行）,https://www.metro.ed.jp/hachiojikita-h/access/access.html
407050,八王子北,西八王子,bus,,,,楢原町,「楢原町」下車,https://www.metro.ed.jp/hachiojikita-h/access/access.html
407520,八王子拓真,西八王子,walk,,8,8,,ＪＲ西八王子駅から徒歩約８分、京王線 山田駅から徒歩約２０分,https://www.metro.ed.jp/hachiojitakushin-he/access/access.html
407520,八王子拓真,京王八王子,bus,10,,10,,京王八王子駅１番バスのりばで長房団地行き、城山手行きまたは館ヶ丘団地行きに乗り、 西八王子駅入口下車（約１０分間隔で発車、所要時間１１分）、,https://www.metro.ed.jp/hachiojitakushin-he/access/access.html
407520,八王子拓真,京王八王子,walk,,7,7,,千人町交差点を右に折れ、御所水通りを富士森公園方向に徒歩約７分,https://www.metro.ed.jp/hachiojitakushin-he/access/access.html
408050,拝島,拝島,bus,10,3,13,,バスで拝島大師まで10分、拝島大師より徒歩3分,https://www.metro.ed.jp/haijima-h/access/access.html
408050,拝島,拝島,walk,,27,27,,徒歩で27分,https://www.metro.ed.jp/haijima-h/access/access.html
408050,拝島,昭島,walk,,23,23,,徒歩で23分,https://www.metro.ed.jp/haijima-h/access/access.html
408050,拝島,立川,bus,25,3,28,,バスで拝島大師まで25分、拝島大師より徒歩3分,https://www.metro.ed.jp/haijima-h/access/access.html
408250,羽村,羽村,bus,,,,,羽村駅東口からバスの場合,https://www.metro.ed.jp/hamura-h/access/access.html
408250,羽村,箱根ヶ崎,bus,,,,,立川バス乗り場から「長岡循環」「箱根ヶ崎駅」乗車,https://www.metro.ed.jp/hamura-h/access/access.html
408250,羽村,箱根ヶ崎,bus,8,,8,東台,→「東台」下車(所要時間約8分),https://www.metro.ed.jp/hamura-h/access/access.html
408250,羽村,羽村,walk,,20,20,,羽村駅東口から徒歩で約20分,https://www.metro.ed.jp/hamura-h/access/access.html
408250,羽村,箱根ヶ崎,walk,,20,20,,箱根ヶ崎駅から徒歩で約20分,https://www.metro.ed.jp/hamura-h/access/access.html
405410,晴海総合,月島,walk,,8,8,,（10）番出口より徒歩8分,https://www.metro.ed.jp/harumisogo-h/access/access.html
405410,晴海総合,月島,bus,,,,,バスの場合,https://www.metro.ed.jp/harumisogo-h/access/access.html
405410,晴海総合,亀戸,bus,,6,,,都営バス 門33系統 亀戸駅前発 豊海水産埠頭行 月島三丁目下車 徒歩6分,https://www.metro.ed.jp/harumisogo-h/access/access.html
405410,晴海総合,東京,bus,,1,,,東15系統 深川車庫前発 東京駅八重洲口行 晴海一丁目下車 徒歩1分,https://www.metro.ed.jp/harumisogo-h/access/access.html
401020,日比谷,永田町,walk,,8,8,,「永田町駅」6番出口より徒歩8分,https://www.metro.ed.jp/hibiya-h/access/access.html
401020,日比谷,赤坂見附,walk,,8,8,,「赤坂見附駅」11番出口より徒歩8分,https://www.metro.ed.jp/hibiya-h/access/access.html
401020,日比谷,国会議事堂前,walk,,7,7,,「溜池山王・国会議事堂前駅」5番出口より徒歩7分,https://www.metro.ed.jp/hibiya-h/access/access.html
406220,東,南砂町,walk,,12,12,,「南砂町駅」５番出口 徒歩１２分,https://www.metro.ed.jp/higashi-h/access/access.html
406220,東,南砂町,bus,,,,,都営バス,https://www.metro.ed.jp/higashi-h/access/access.html
406220,東,南砂町,bus,,3,,東砂四丁目,「東砂四丁目」バス停下車 徒歩３分,https://www.metro.ed.jp/higashi-h/access/access.html
406220,東,大島,bus,10,,10,,大島駅より 都営バス 亀２１系統 １０分,https://www.metro.ed.jp/higashi-h/access/access.html
406220,東,東大島,bus,10,,10,,東大島駅より 都営バス 門２１系統 １０分,https://www.metro.ed.jp/higashi-h/access/access.html
406220,東,西大島,bus,10,,10,,西大島駅より 都営バス 両２８系統・亀２９系統 １０分,https://www.metro.ed.jp/higashi-h/access/access.html
406220,東,亀戸,bus,18,,18,,亀戸駅より 都営バス 両２８系統・亀２９・亀２１系統 １５～１８分,https://www.metro.ed.jp/higashi-h/access/access.html
409230,東村山,東村山,walk,,12,12,,西武新宿線／西武国分寺線・東村山駅東口より徒歩12分,https://www.metro.ed.jp/higashimurayama-h/access/access.html
409230,東村山,東村山,bus,3,,3,野際通り西,銀河鉄道バス「野際通り西」下車（所用3分）,https://www.metro.ed.jp/higashimurayama-h/access/access.html
409230,東村山,東村山,bus,,,,東村山高校,グリーンバス「東村山高校」下車,https://www.metro.ed.jp/higashimurayama-h/access/access.html
409280,東村山西,立川,bus,8,7,15,,西武バス [立３４] 立川駅北口行8分 明法学院前下車徒歩7分,https://www.metro.ed.jp/higashimurayamanishi-h/access/access.html
409280,東村山西,八坂,walk,,15,15,,西武多摩湖線 八坂駅 徒歩15分,https://www.metro.ed.jp/higashimurayamanishi-h/access/access.html
409280,東村山西,小川,walk,,20,20,,西武国分寺線・拝島線 小川駅 徒歩20分,https://www.metro.ed.jp/higashimurayamanishi-h/access/access.html
408060,東大和,上北台,walk,,10,10,,「上北台駅」より 徒歩10分,https://www.metro.ed.jp/higashiyamato-h/access/access.html
408060,東大和,東大和市,walk,,25,25,,「東大和市駅」より 徒歩25分,https://www.metro.ed.jp/higashiyamato-h/access/access.html
408060,東大和,東大和市,bus,,,,,西武バス,https://www.metro.ed.jp/higashiyamato-h/access/access.html
408060,東大和,東村山,bus,25,5,30,庚申塚,東村山駅西口行・イオンモール行 約25分「庚申塚」下車 徒歩5分,https://www.metro.ed.jp/higashiyamato-h/access/access.html
408060,東大和,東村山,bus,,,,,西武バス,https://www.metro.ed.jp/higashiyamato-h/access/access.html
408060,東大和,立川,bus,30,1,31,東大和高校,芝中団地行 約30分「東大和高校」下車 徒歩1分,https://www.metro.ed.jp/higashiyamato-h/access/access.html
408060,東大和,立川,bus,,,,,都営バス,https://www.metro.ed.jp/higashiyamato-h/access/access.html
408060,東大和,庚申塚,bus,5,5,10,庚申塚,青梅車庫行 約5分「庚申塚」下車 徒歩5分,https://www.metro.ed.jp/higashiyamato-h/access/access.html
408060,東大和,庚申塚,bus,,,,,西武バス,https://www.metro.ed.jp/higashiyamato-h/access/access.html
408060,東大和,立川,bus,15,5,20,庚申塚,立川駅北口行 約15分「庚申塚」下車 徒歩5分,https://www.metro.ed.jp/higashiyamato-h/access/access.html
403250,光丘,光が丘,walk,,12,12,,都営地下鉄大江戸線「光が丘」駅から徒歩12分,https://www.metro.ed.jp/hikarigaoka-h/access/access.html
403250,光丘,成増,walk,,15,15,,東武東上線「成増」駅から徒歩15分,https://www.metro.ed.jp/hikarigaoka-h/access/access.html
403250,光丘,成増,bus,,,,,成増駅より下車南口4番のりば 西武バス,https://www.metro.ed.jp/hikarigaoka-h/access/access.html
403250,光丘,成増,bus,,1,,光丘高校,（光31）光が丘駅行「光丘高校」下車、徒歩1分,https://www.metro.ed.jp/hikarigaoka-h/access/access.html
403250,光丘,練馬高野台,bus,,1,,光丘高校,西武バス（練高01）（練高02）成増駅行「光丘高校」下車、徒歩1分,https://www.metro.ed.jp/hikarigaoka-h/access/access.html
403250,光丘,石神井公園,bus,,5,,土支田交番,西武バス（吉60）成増駅行「土支田交番」下車、徒歩5分,https://www.metro.ed.jp/hikarigaoka-h/access/access.html
403250,光丘,保谷,bus,,1,,光丘高校角,コミュニティバス「みどりバス」光が丘駅行き「光丘高校角」下車、徒歩1分,https://www.metro.ed.jp/hikarigaoka-h/access/access.html
403250,光丘,保谷,bus,,,,,※バスでお越しの場合は、交通状況により遅延する恐れがありますので、余裕を持った移動をオススメします。,https://www.metro.ed.jp/hikarigaoka-h/access/access.html
407090,日野台,日野,walk,,13,13,,徒歩13分,https://www.metro.ed.jp/hinodai-h/access/access.html
407090,日野台,八王子,bus,5,4,9,日野自動車前,京王バス (日50)八王子駅北口行 約5分「日野自動車前」下車、徒歩4分,https://www.metro.ed.jp/hinodai-h/access/access.html
407090,日野台,豊田,bus,5,3,8,日野自動車前,京王バス (日11)豊田駅北口行 約5分「日野自動車前」下車、徒歩3分,https://www.metro.ed.jp/hinodai-h/access/access.html
407090,日野台,豊田,walk,,20,20,,徒歩20分,https://www.metro.ed.jp/hinodai-h/access/access.html
407090,日野台,日野,bus,5,3,8,日野自動車前,京王バス (日11)日野駅行 約5分「日野自動車前」下車、徒歩3分,https://www.metro.ed.jp/hinodai-h/access/access.html
407090,日野台,高幡不動,bus,,,,,京王線高幡不動駅（南口）下車,https://www.metro.ed.jp/hinodai-h/access/access.html
407090,日野台,日野,bus,15,15,30,日野市役所,京王バス (日02)日野駅行 約15分「日野市役所」下車、徒歩約15分,https://www.metro.ed.jp/hinodai-h/access/access.html
407090,日野台,日野,bus,15,15,30,日野市役所東,京王バス (日03)日野駅行 約15分「日野市役所東」下車、徒歩約15分,https://www.metro.ed.jp/hinodai-h/access/access.html
401010,一橋,馬喰町,walk,,3,3,,馬喰町 JR 総武快速線 徒歩3分,https://www.metro.ed.jp/hitotsubashi-hc/access/access.html
401010,一橋,馬喰横山,walk,,4,4,,馬喰横山 都営地下鉄新宿線 徒歩4分,https://www.metro.ed.jp/hitotsubashi-hc/access/access.html
401010,一橋,浅草橋,walk,,7,7,,浅草橋 徒歩7分,https://www.metro.ed.jp/hitotsubashi-hc/access/access.html
401010,一橋,東日本橋,walk,,8,8,,東日本橋 都営地下鉄浅草線 徒歩8分,https://www.metro.ed.jp/hitotsubashi-hc/access/access.html
401010,一橋,岩本町,walk,,10,10,,岩本町 都営地下鉄新宿線 徒歩10分,https://www.metro.ed.jp/hitotsubashi-hc/access/access.html
401010,一橋,秋葉原,walk,,13,13,,秋葉原 徒歩13分,https://www.metro.ed.jp/hitotsubashi-hc/access/access.html
401010,一橋,馬喰町,walk,,3,3,,馬喰町 JR 総武快速線 徒歩3分,https://www.metro.ed.jp/hitotsubashi-he/access/access.html
401010,一橋,馬喰横山,walk,,4,4,,馬喰横山 都営地下鉄新宿線 徒歩4分,https://www.metro.ed.jp/hitotsubashi-he/access/access.html
401010,一橋,浅草橋,walk,,7,7,,浅草橋 徒歩7分,https://www.metro.ed.jp/hitotsubashi-he/access/access.html
401010,一橋,東日本橋,walk,,8,8,,東日本橋 都営地下鉄浅草線 徒歩8分,https://www.metro.ed.jp/hitotsubashi-he/access/access.html
401010,一橋,岩本町,walk,,10,10,,岩本町 都営地下鉄新宿線 徒歩10分,https://www.metro.ed.jp/hitotsubashi-he/access/access.html
401010,一橋,秋葉原,walk,,13,13,,秋葉原 徒歩13分,https://www.metro.ed.jp/hitotsubashi-he/access/access.html
406030,本所,曳舟,bus,,10,,,曳舟駅【東武鉄道】下車 徒歩10分,https://www.metro.ed.jp/honjo-h/access/access.html
406030,本所,とうきょうスカイツリー,bus,,10,,,とうきょうスカイツリー駅【東武鉄道】下車 徒歩１０分,https://www.metro.ed.jp/honjo-h/access/access.html
406030,本所,錦糸町,bus,,2,,,向島2丁目バス停【都営バス】下車 徒歩2分,https://www.metro.ed.jp/honjo-h/access/access.html
406030,本所,金町,bus,,,,,※バスの本数は多くありません。詳しくは東京都交通局HPでご確認ください。,https://www.metro.ed.jp/honjo-h/access/access.html
406720,本所工科,金町,walk,,15,15,,地下鉄千代田線直通常磐線各駅停車金町駅北口より徒歩15分,https://www.metro.ed.jp/honjokoka-he/access/access.html
409040,保谷,保谷,walk,,15,15,,西武池袋線保谷駅下車 徒歩15分,https://www.metro.ed.jp/hoya-h/access/access.html
409040,保谷,ひばりヶ丘,walk,,18,18,,西武池袋線ひばりヶ丘駅下車 徒歩18分,https://www.metro.ed.jp/hoya-h/access/access.html
409040,保谷,武蔵境,bus,,18,,谷戸住宅,武蔵境駅～（境03／ひばりケ丘駅行き）「谷戸住宅」下車 徒歩18分,https://www.metro.ed.jp/hoya-h/access/access.html
409040,保谷,三鷹,bus,,9,,保谷庁舎,三鷹駅～（鷹21 ／保谷駅南口・天神山行き）「保谷庁舎」下車 徒歩9分,https://www.metro.ed.jp/hoya-h/access/access.html
409040,保谷,吉祥寺,bus,,9,,保谷庁舎,吉祥寺駅～（吉63 ／保谷駅南口・天神山行き）「保谷庁舎」下車 徒歩9分,https://www.metro.ed.jp/hoya-h/access/access.html
409040,保谷,吉祥寺,bus,,15,,保谷駅南口,吉祥寺駅～（吉66 ／保谷駅南口・天神山行き）「保谷駅南口」下車 徒歩15分,https://www.metro.ed.jp/hoya-h/access/access.html
409040,保谷,田無,bus,,8,,保谷庁舎,田無駅～（田41／天神山行き）「保谷庁舎」下車 徒歩8分,https://www.metro.ed.jp/hoya-h/access/access.html
409040,保谷,田無,bus,,18,,谷戸住宅,田無駅～（境03／ひばりケ丘駅行き）「谷戸住宅」下車 徒歩18分,https://www.metro.ed.jp/hoya-h/access/access.html
409040,保谷,西武柳沢,bus,,9,,保谷庁舎,西武柳沢駅～（吉63／保谷駅南口・天神山行き）「保谷庁舎」下車 徒歩9分,https://www.metro.ed.jp/hoya-h/access/access.html
409040,保谷,東伏見,bus,,15,,保谷駅南口,東伏見駅～（吉66／保谷駅南口・天神山行き）「保谷駅南口」下車 徒歩15分,https://www.metro.ed.jp/hoya-h/access/access.html
409040,保谷,保谷,bus,,9,,保谷庁舎,（はなバス／保谷駅南口行き）「保谷庁舎」下車 徒歩9分,https://www.metro.ed.jp/hoya-h/access/access.html
403220,井草,上石神井,walk,,10,10,,上石神井駅から 徒歩10分（急行・準急停車）,https://www.metro.ed.jp/igusa-h/access/access.html
403220,井草,上井草,walk,,8,8,,上井草駅から 徒歩8分（各駅停車）,https://www.metro.ed.jp/igusa-h/access/access.html
403220,井草,石神井公園,bus,,1,,,西武バス 石神井公園駅から荻窪駅行 井草高校前下車 徒歩1分,https://www.metro.ed.jp/igusa-h/access/access.html
404520,板橋有徳,東武練馬,bus,,5,,東武練馬駅,東武東上線「東武練馬駅」下車 徒歩5分,https://www.metro.ed.jp/itabashiyutoku-h/access/access.html
404520,板橋有徳,東武練馬,bus,,,,,バス停,https://www.metro.ed.jp/itabashiyutoku-h/access/access.html
404520,板橋有徳,東武練馬,bus,,3,,板橋有徳高校入口,「板橋有徳高校入口」下車 徒歩3分,https://www.metro.ed.jp/itabashiyutoku-h/access/access.html
404520,板橋有徳,東武練馬,bus,,3,,不動通り,「不動通り」下車 徒歩3分,https://www.metro.ed.jp/itabashiyutoku-h/access/access.html
404520,板橋有徳,東武練馬,bus,,5,,東武練馬駅,【電車】東武東上線「東武練馬駅」下車 徒歩５分,https://www.metro.ed.jp/itabashiyutoku-he/access/access.html
404520,板橋有徳,東武練馬,bus,,3,,板橋有徳高校入口,【バス】国際興業バス「板橋有徳高校入口」下車 徒歩３分,https://www.metro.ed.jp/itabashiyutoku-he/access/access.html
404520,板橋有徳,東武練馬,bus,,3,,不動通り,「不動通り」下車 徒歩３分,https://www.metro.ed.jp/itabashiyutoku-he/access/access.html
410020,神代,仙川,walk,,7,7,,①京王線仙川駅下車南へ徒歩約7分,https://www.metro.ed.jp/jindai-h/access/access.html
410020,神代,成城学園前,bus,,,,,②成城学園前駅より調布駅南口行バス 神代高校前下車すぐ,https://www.metro.ed.jp/jindai-h/access/access.html
410020,神代,狛江,bus,,,,,③狛江駅より成城学園前駅行バス 神代高校前下車すぐ,https://www.metro.ed.jp/jindai-h/access/access.html
410020,神代,吉祥寺,bus,,10,,,④三鷹・吉祥寺から仙川行バス 終点から徒歩約10 分,https://www.metro.ed.jp/jindai-h/access/access.html
410020,神代,仙川,walk,,7,7,,①京王線仙川駅下車南へ徒歩約7分,https://www.metro.ed.jp/jindai-he/access/access.html
410020,神代,成城学園前,bus,,,,,②成城学園前駅より調布駅南口行バス 神代高校前下車すぐ,https://www.metro.ed.jp/jindai-he/access/access.html
410020,神代,狛江,bus,,,,,③狛江駅より成城学園前駅行バス 神代高校前下車すぐ,https://www.metro.ed.jp/jindai-he/access/access.html
410020,神代,吉祥寺,bus,,10,,,④三鷹・吉祥寺から仙川行バス 終点から徒歩約10 分,https://www.metro.ed.jp/jindai-he/access/access.html
408510,上水,玉川上水,walk,,10,10,,玉川上水駅下車 徒歩10分,https://www.metro.ed.jp/josui-h/access/access.html
406780,科学技術,西大島,walk,,8,8,,東京メトロ半蔵門線「住吉」駅または都営新宿線「住吉」駅「西大島」駅下車徒歩８分,https://www.metro.ed.jp/kagakugijyutu-h/access/access.html
406780,科学技術,東京,bus,7,5,12,猿江2丁目,①都バス（東22）東京駅丸の内北口行または東陽町駅行約７分「猿江２丁目」下車 徒歩５分,https://www.metro.ed.jp/kagakugijyutu-h/access/access.html
406780,科学技術,東京,bus,8,2,10,大島2丁目,②都バス（錦28）東大島行約８分「大島２丁目」下車徒歩２分,https://www.metro.ed.jp/kagakugijyutu-h/access/access.html
406780,科学技術,東京,walk,,20,20,,③徒歩約２０分,https://www.metro.ed.jp/kagakugijyutu-h/access/access.html
406780,科学技術,亀戸,bus,6,5,11,大島1丁目,①都バス（亀29）なぎさニュータウン行約６分「大島１丁目」下車徒歩５分,https://www.metro.ed.jp/kagakugijyutu-h/access/access.html
406780,科学技術,西大島,bus,5,8,13,西大島駅前,②都バス（亀24）葛西橋行約５分「西大島駅前」下車徒歩約８分,https://www.metro.ed.jp/kagakugijyutu-h/access/access.html
406780,科学技術,東陽町,bus,8,5,13,猿江2丁目,東京メトロ東西線「東陽町」駅から、都バス（東22）錦糸町駅行約８分「猿江２丁目」下車徒歩５分,https://www.metro.ed.jp/kagakugijyutu-h/access/access.html
401290,蒲田,蒲田,walk,,7,7,,JR・東急池上線・東急多摩川線 JR蒲田駅 東口より 徒歩7分,https://www.metro.ed.jp/kamata-h/access/access.html
401290,蒲田,京急蒲田,walk,,15,15,,京急線 京急蒲田駅より 徒歩15分,https://www.metro.ed.jp/kamata-h/access/access.html
406270,葛西南,葛西,bus,,,,,都営バス 葛西24・臨海28－1・臨海28－2（8番乗り場）,https://www.metro.ed.jp/kasaiminami-h/access/access.html
406270,葛西南,西葛西,bus,,,,,都営バス 西葛20甲（1番乗り場）・亀29（5番乗り場）,https://www.metro.ed.jp/kasaiminami-h/access/access.html
406270,葛西南,葛西臨海公園,bus,,,,,都営バス 臨海28甲,https://www.metro.ed.jp/kasaiminami-h/access/access.html
406270,葛西南,葛西,bus,,,,,都営バス 葛西24甲・臨海28甲・臨海28乙（8番乗り場）,https://www.metro.ed.jp/kasaiminami-he/access/access.html
406270,葛西南,西葛西,bus,,,,,都営バス 西葛20甲（1番乗り場）・亀29（5番乗り場）,https://www.metro.ed.jp/kasaiminami-he/access/access.html
406270,葛西南,葛西臨海公園,bus,,,,,都営バス 臨海28甲,https://www.metro.ed.jp/kasaiminami-he/access/access.html
407030,片倉,江戸川,bus,,5,,,江戸川スポーツランド行または瑞江駅行 本一色下車 徒歩5分,https://www.metro.ed.jp/katakura-h/access/access.html
407030,片倉,中学校,bus,,5,,,東京ディズニーリゾート⇔亀有易 上一色中学校下車 徒歩5分,https://www.metro.ed.jp/katakura-h/access/access.html
406040,葛飾野,亀有,walk,,15,15,,徒歩15分,https://www.metro.ed.jp/katsushikano-h/access/access.html
406040,葛飾野,亀有,bus,,5,,,京成バス（京成小岩駅行または新小岩駅行）修徳学園入口下車 徒歩5分,https://www.metro.ed.jp/katsushikano-h/access/access.html
406040,葛飾野,お花茶屋,walk,,12,12,,徒歩12分,https://www.metro.ed.jp/katsushikano-h/access/access.html
406040,葛飾野,お花茶屋,bus,,,,,京成タウンバス（金町駅行）葛飾野高校下車,https://www.metro.ed.jp/katsushikano-h/access/access.html
406420,葛飾総合,金町,bus,,,,,常磐線各駅停車（東京メトロ千代田線直通）金町駅北口下車,https://www.metro.ed.jp/katsushikasogo-h/access/access.html
406420,葛飾総合,金町,bus,,,,葛飾総合高校,金町駅北口から京成バス「西水元三丁目」または「大場川水門」乗車、3つめの「葛飾総合高校」下車,https://www.metro.ed.jp/katsushikasogo-h/access/access.html
406420,葛飾総合,金町,walk,,15,15,,金町駅北口から徒歩15分です。,https://www.metro.ed.jp/katsushikasogo-h/access/access.html
406620,葛飾商業,京成高砂,walk,,10,10,,京成線「京成高砂」駅から徒歩１０分,https://www.metro.ed.jp/katsushikasyogyo-h/access/access.html
406620,葛飾商業,金町,walk,,20,20,,JR常磐線「金町」駅から徒歩２０分,https://www.metro.ed.jp/katsushikasyogyo-h/access/access.html
406620,葛飾商業,京成高砂,walk,,10,10,,京成線「京成高砂」駅から徒歩１０分,https://www.metro.ed.jp/katsushikasyogyo-he/access/access.html
406620,葛飾商業,金町,walk,,20,20,,JR常磐線「金町」駅から徒歩２０分,https://www.metro.ed.jp/katsushikasyogyo-he/access/access.html
404410,桐ヶ丘,北赤羽,walk,,8,8,,●JR埼京線・北赤羽駅 （赤羽口）から徒歩で約8分,https://www.metro.ed.jp/kirigaoka-he/access/access.html
404410,桐ヶ丘,赤羽,bus,5,,5,,●JR赤羽駅からバス（桐ヶ丘高校下車）で約5分,https://www.metro.ed.jp/kirigaoka-he/access/access.html
404410,桐ヶ丘,志村坂上,walk,,15,15,,●都営地下鉄三田線・志村坂上駅から徒歩で約15分,https://www.metro.ed.jp/kirigaoka-he/access/access.html
404730,北豊島工科,板橋本町,walk,,11,11,,都営三田線 板橋本町駅A4出口から 徒歩11分,https://www.metro.ed.jp/kitatoshimakoka-h/access/access.html
404730,北豊島工科,中板橋,walk,,9,9,,東武東上線 中板橋駅北口から 徒歩9分,https://www.metro.ed.jp/kitatoshimakoka-h/access/access.html
404730,北豊島工科,富士見町,walk,,3,3,,関東・国際 富士見町都営住宅前 徒歩3分,https://www.metro.ed.jp/kitatoshimakoka-h/access/access.html
404730,北豊島工科,富士見町,bus,,3,,,都バス 富士見町都営住宅前 徒歩3分,https://www.metro.ed.jp/kitatoshimakoka-h/access/access.html
404730,北豊島工科,板橋本町,walk,,11,11,,都営三田線 板橋本町駅 A4出口から 徒歩11分,https://www.metro.ed.jp/kitatoshimakoka-he/access/access.html
404730,北豊島工科,中板橋,walk,,9,9,,東武東上線 中板橋駅 北口から 徒歩9分,https://www.metro.ed.jp/kitatoshimakoka-he/access/access.html
404730,北豊島工科,中板橋,bus,,3,,,国際興業バス 北豊島工科高校前 徒歩3分,https://www.metro.ed.jp/kitatoshimakoka-he/access/access.html
404730,北豊島工科,富士見町,bus,,3,,,関東バス・国際興業バス 富士見町都営住宅前 徒歩3分,https://www.metro.ed.jp/kitatoshimakoka-he/access/access.html
404210,北園,下板橋,walk,,7,7,,東武東上線「下板橋駅」徒歩7分,https://www.metro.ed.jp/kitazono-h/access/access.html
404210,北園,板橋,walk,,9,9,,JR埼京線「板橋駅」徒歩9分,https://www.metro.ed.jp/kitazono-h/access/access.html
404210,北園,新板橋,walk,,6,6,,都営三田線「新板橋駅」徒歩6分,https://www.metro.ed.jp/kitazono-h/access/access.html
409250,清瀬,国分寺,bus,,,,,路線バス情報,https://www.metro.ed.jp/kiyose-h/access/access.html
409250,清瀬,武蔵小金井,walk,,1,1,,武蔵小金井駅→清瀬駅南口行「保育園入口」徒歩1分,https://www.metro.ed.jp/kiyose-h/access/access.html
409250,清瀬,清瀬,walk,,7,7,,志木・旭ヶ丘団地→清瀬駅北口行「清瀬駅北口」徒歩7分,https://www.metro.ed.jp/kiyose-h/access/access.html
409210,小平,小平,walk,,10,10,,西武新宿線 小平駅 南口出口より徒歩10分,https://www.metro.ed.jp/kodaira-h/access/access.html
409210,小平,青梅街道,walk,,10,10,,西武多摩湖線 青梅街道駅 改札出口より徒歩10分,https://www.metro.ed.jp/kodaira-h/access/access.html
409210,小平,新小平,walk,,20,20,,JR武蔵野線 新小平駅 改札出口より徒歩20分,https://www.metro.ed.jp/kodaira-h/access/access.html
409210,小平,国分寺,bus,,,,,西武バス 仲町バス停 武蔵小金井／国分寺駅より「小平駅南口」行,https://www.metro.ed.jp/kodaira-h/access/access.html
409270,小平南,国分寺,walk,,18,18,,JR中央線《国分寺》駅、西武国分寺・多摩湖線より徒歩18分。,https://www.metro.ed.jp/kodairaminami-h/access/access.html
409270,小平南,国分寺,bus,,5,,,駅北口から徒歩5分→西武バス「国分寺駅北口」停留所→「武蔵野美術大学」行,https://www.metro.ed.jp/kodairaminami-h/access/access.html
409270,小平南,国分寺,bus,,2,,けやき公園前,もしくは「小平営業所」行→2つ目の停留所「けやき公園前」下車→徒歩2分,https://www.metro.ed.jp/kodairaminami-h/access/access.html
409270,小平南,国分寺,bus,,7,,第三小学校,西武新宿線《小平》駅より 西武バス「国分寺北入口」行で「第三小学校」下車徒歩7分,https://www.metro.ed.jp/kodairaminami-h/access/access.html
409270,小平南,恋ヶ窪,walk,,15,15,,西武国分寺線《恋ヶ窪》駅より 徒歩15分,https://www.metro.ed.jp/kodairaminami-h/access/access.html
409270,小平南,一橋学園,walk,,20,20,,西武多摩湖線《一橋学園》駅より 徒歩20分,https://www.metro.ed.jp/kodairaminami-h/access/access.html
409030,小金井北,東小金井,walk,,11,11,,東小金井駅北口から、徒歩11分（案内図を参照）,https://www.metro.ed.jp/koganeikita-h/access/access.html
409030,小金井北,東小金井,bus,10,1,11,,東小金井駅北口から、武蔵小金井駅行きバス（京王）にて10分、小金井北高校下車徒歩1分,https://www.metro.ed.jp/koganeikita-h/access/access.html
409030,小金井北,武蔵小金井,walk,,15,15,,武蔵小金井駅北口から、徒歩15分,https://www.metro.ed.jp/koganeikita-h/access/access.html
409030,小金井北,武蔵小金井,bus,5,,5,,武蔵小金井駅北口から、東小金井駅行きバス（京王）にて5分、小金井北高校下車すぐ,https://www.metro.ed.jp/koganeikita-h/access/access.html
409030,小金井北,花小金井,bus,15,8,23,,花小金井駅から、武蔵小金井駅行きバス（西武）にて15分、本町二丁目下車徒歩8分,https://www.metro.ed.jp/koganeikita-h/access/access.html
409030,小金井北,清瀬,bus,25,8,33,,清瀬駅南口から、武蔵小金井駅行きバス（西武）にて25分、本町二丁目下車徒歩8分,https://www.metro.ed.jp/koganeikita-h/access/access.html
409030,小金井北,東久留米,bus,25,8,33,,東久留米駅北口バスターミナルから、武蔵小金井駅行きバス（西武）にて25分、本町二丁目下車徒歩8分,https://www.metro.ed.jp/koganeikita-h/access/access.html
409710,小金井工科,武蔵小金井,walk,,8,8,,JR中央線 武蔵小金井駅 徒歩8分,https://www.metro.ed.jp/koganeikoka-he/access/access.html
409710,小金井工科,府中,bus,,3,,,京王線府中駅から京王バス武蔵小金井駅行き小金井市役所前下車 徒歩3分,https://www.metro.ed.jp/koganeikoka-he/access/access.html
409710,小金井工科,武蔵小金井,bus,,9,,,西武新宿線花小金井駅から西武バス 武蔵小金井駅下車 徒歩9分,https://www.metro.ed.jp/koganeikoka-he/access/access.html
404710,工芸,後楽園,bus,,7,,後楽園駅,東京メトロ丸ノ内・南北線「後楽園駅」下車徒歩７分,https://www.metro.ed.jp/kogei-h/access/access.html
404710,工芸,水道橋,walk,,1,1,,JR総武線「水道橋」駅東口より徒歩1分,https://www.metro.ed.jp/kogei-he/access/access.html
404710,工芸,後楽園,walk,,7,7,,東京メトロ丸ノ内線／南北線「後楽園」駅より徒歩7分,https://www.metro.ed.jp/kogei-he/access/access.html
404710,工芸,春日,walk,,7,7,,都営三田線／大江戸線「春日」駅A1出口より徒歩7分,https://www.metro.ed.jp/kogei-he/access/access.html
405220,江北,青井,walk,,7,7,,つくばエクスプレス 青井駅から徒歩7分,https://www.metro.ed.jp/kohoku-h/access/access.html
405220,江北,綾瀬,walk,,10,10,,東京メトロ千代田線 綾瀬駅から徒歩10分,https://www.metro.ed.jp/kohoku-h/access/access.html
405220,江北,五反野,walk,,12,12,,東武スカイツリーライン 五反野駅から徒歩12分,https://www.metro.ed.jp/kohoku-h/access/access.html
406260,小岩,江戸川,bus,,5,,,江戸川スポーツランド行または瑞江駅行 本一色下車 徒歩5分,https://www.metro.ed.jp/koiwa-h/access/access.html
406260,小岩,亀有,bus,,5,,,東京ディズニーリゾート⇔亀有駅 上一色中学校下車 徒歩5分,https://www.metro.ed.jp/koiwa-h/access/access.html
409240,国分寺,国立,walk,,25,25,,徒歩 約25分,https://www.metro.ed.jp/kokubunji-h/access/access.html
409240,国分寺,国立,bus,,,,,本校までのアクセスは、バスの便数が少ないため徒歩が確実です。,https://www.metro.ed.jp/kokubunji-h/access/access.html
409240,国分寺,国分寺,bus,,3,,国分寺高校入口,→「国分寺高校入口」下車 徒歩3分(正門),https://www.metro.ed.jp/kokubunji-h/access/access.html
409240,国分寺,国分寺,bus,,5,,富士本三丁目,→「富士本三丁目」下車 徒歩5分(南門),https://www.metro.ed.jp/kokubunji-h/access/access.html
409240,国分寺,恋ヶ窪,walk,,25,25,,徒歩 約25分,https://www.metro.ed.jp/kokubunji-h/access/access.html
409240,国分寺,恋ヶ窪,bus,15,,15,,バス 約15分（立川バス）,https://www.metro.ed.jp/kokubunji-h/access/access.html
409240,国分寺,恋ヶ窪,bus,,5,,富士本三丁目,→「富士本三丁目」下車 徒歩5分(南門),https://www.metro.ed.jp/kokubunji-h/access/access.html
409240,国分寺,鷹の台,walk,,25,25,,徒歩 約25分,https://www.metro.ed.jp/kokubunji-h/access/access.html
409240,国分寺,鷹の台,bus,,,,,※時刻表やバス料金などの詳細は 立川バス株式会社のサイト をご覧ください。,https://www.metro.ed.jp/kokubunji-h/access/access.html
402030,駒場,駒場東大前,walk,,7,7,,京王井の頭線駒場東大前より徒歩7分,https://www.metro.ed.jp/komaba-h/access/access.html
402030,駒場,池尻大橋,walk,,7,7,,東急田園都市線池尻大橋より徒歩7分,https://www.metro.ed.jp/komaba-h/access/access.html
402030,駒場,池尻大橋,bus,,0,,,渋谷より東急バス51「松見坂上」徒歩0分,https://www.metro.ed.jp/komaba-h/access/access.html
406240,小松川,平井,walk,,12,12,,JR「平井」駅から徒歩12分,https://www.metro.ed.jp/komatsugawa-h/access/access.html
406240,小松川,平井,bus,,5,,小松川3丁目,都営バス 「小松川3丁目」から徒歩5分,https://www.metro.ed.jp/komatsugawa-h/access/access.html
406240,小松川,東大島,walk,,20,20,,都営新宿線 「東大島」駅から徒歩20分,https://www.metro.ed.jp/komatsugawa-h/access/access.html
406630,江東商業,亀戸水神,walk,,4,4,,東武亀戸線亀戸水神駅より徒歩４分,https://www.metro.ed.jp/kotosyogyo-h/access/access.html
406630,江東商業,亀戸,walk,,12,12,,ＪＲ総武緩行線亀戸駅北口より徒歩１２分,https://www.metro.ed.jp/kotosyogyo-h/access/access.html
401230,小山台,武蔵小山,walk,,0,0,,東急目黒線「武蔵小山」駅から徒歩0分です。「日本一駅から近い学校」と言われるほど、駅からのアクセスが良いです。,https://www.metro.ed.jp/koyamadai-h/access/access.html
410240,国立,国立,walk,,15,15,,JR中央線国立駅下車、南口より徒歩15分,https://www.metro.ed.jp/kunitachi-h/access/access.html
410240,国立,谷保,walk,,10,10,,JR南武線谷保駅下車、北口より徒歩10分,https://www.metro.ed.jp/kunitachi-h/access/access.html
410240,国立,谷保,bus,,,,,立川バス,https://www.metro.ed.jp/kunitachi-h/access/access.html
410240,国立,国立,bus,,,,,JR中央線国立駅南口4番乗り場より,https://www.metro.ed.jp/kunitachi-h/access/access.html
410240,国立,国立,bus,5,3,8,国立高校前,約5分「国立高校前」下車、徒歩3分,https://www.metro.ed.jp/kunitachi-h/access/access.html
405710,蔵前工科,浅草橋,walk,,10,10,,JR総武線 浅草橋駅 東口 徒歩10分,https://www.metro.ed.jp/kuramaekoka-h/access/access.html
405710,蔵前工科,蔵前,walk,,6,6,,都営浅草線 蔵前駅 A1出口 徒歩6分,https://www.metro.ed.jp/kuramaekoka-h/access/access.html
405710,蔵前工科,浅草橋,walk,,10,10,,JR総武線 浅草橋駅 東口 徒歩10分,https://www.metro.ed.jp/kuramaekoka-he/access/access.html
405710,蔵前工科,蔵前,walk,,6,6,,都営浅草線 蔵前駅 A1出口 徒歩6分,https://www.metro.ed.jp/kuramaekoka-he/access/access.html
409060,久留米西,清瀬,walk,,17,17,,西武池袋線 清瀬駅(南口)より徒歩17分,https://www.metro.ed.jp/kurumenishi-h/access/access.html
409060,久留米西,清瀬,bus,,,,,西武バス（清瀬駅南口より),https://www.metro.ed.jp/kurumenishi-h/access/access.html
409060,久留米西,東久留米,bus,,7,,,武蔵小金井駅行（武13）→東久留米総合高校前下車 徒歩7分,https://www.metro.ed.jp/kurumenishi-h/access/access.html
407210,町田,町田,walk,,13,13,,小田急線「町田」駅より徒歩13分,https://www.metro.ed.jp/machida-h/access/access.html
407720,町田工科,町田,bus,17,6,23,,町田バスセンターから （乗車 約15～17分 徒歩 約1～6分 290円）,https://www.metro.ed.jp/machidakoka-h/access/access.html
407720,町田工科,橋本,walk,,6,6,,橋本駅北口から （乗車 約30分 徒歩 約6分 430円）,https://www.metro.ed.jp/machidakoka-h/access/access.html
407720,町田工科,淵野辺,walk,,6,6,,淵野辺駅北口から （乗車 約10分 徒歩 約6分 260円）,https://www.metro.ed.jp/machidakoka-h/access/access.html
407420,町田総合,町田,bus,15,,15,,JR横浜線 町田駅・小田急線 町田駅よりバス１５分,https://www.metro.ed.jp/machidasogo-h/access/access.html
407420,町田総合,淵野辺,bus,,,,,町田バスセンター２番乗り場 町17 淵野辺駅北口行き ⇒ Ｂ 町田総合高校前下車,https://www.metro.ed.jp/machidasogo-h/access/access.html
407420,町田総合,古淵,walk,,25,25,,JR横浜線 古淵駅より徒歩２５分,https://www.metro.ed.jp/machidasogo-h/access/access.html
407070,松が谷,京王堀之内,walk,,15,15,,京王相模原線 京王堀之内駅下車 徒歩15分,https://www.metro.ed.jp/matsugaya-h/access/access.html
407070,松が谷,松が谷,walk,,15,15,,多摩都市モノレール 松が谷駅下車 徒歩15分,https://www.metro.ed.jp/matsugaya-h/access/access.html
407070,松が谷,多摩センター,walk,,20,20,,京王線、小田急線、多摩都市モノレール 多摩センター駅下車 徒歩 20分,https://www.metro.ed.jp/matsugaya-h/access/access.html
407070,松が谷,多摩センター,bus,,,,,京王相模原線、小田急多摩線、多摩都市モノレール 多摩センター駅9番乗り場より,https://www.metro.ed.jp/matsugaya-h/access/access.html
407070,松が谷,松が谷,bus,5,,5,松が谷高校,（本数少）[多17]系統「松が谷高校循環」に乗車 約5分、「松が谷高校」下車すぐ,https://www.metro.ed.jp/matsugaya-h/access/access.html
407070,松が谷,松が谷,bus,5,5,10,松が谷小学校,[多11]系統「松が谷循環」に乗車 約5分、「松が谷小学校」下車 徒歩5分,https://www.metro.ed.jp/matsugaya-h/access/access.html
407070,松が谷,東中野,bus,,15,,東中野,1番乗り場より[桜80]系統「南大沢駅行き」または[桜88]系統「京王堀之内駅行き」に乗車、「東中野」下車 徒歩15分,https://www.metro.ed.jp/matsugaya-h/access/access.html
401520,美原,平和島,bus,,7,,平和島,京浜急行「平和島」下車 徒歩7分 環状七号線を左手に進み、大森消防署の交差点を右折してすぐ（急行・特急は停車しますが、快特は止まらないのでご注意ください。）,https://www.metro.ed.jp/mihara-h/access/access.html
401520,美原,平和島,bus,,7,,平和島駅,JR大森駅東口より、京浜急行バス等で「平和島駅」下車 徒歩7分（森21・23・24・25・26・27・40・56系統などが利用できます）,https://www.metro.ed.jp/mihara-h/access/access.html
407100,南平,南平,walk,,10,10,,京王線南平駅より徒歩約10分,https://www.metro.ed.jp/minamidaira-h/access/access.html
403420,稔ヶ丘,下井草,walk,,7,7,,西武新宿線「下井草駅」北口から徒歩7分,https://www.metro.ed.jp/minorigaoka-he/access/access.html
403420,稔ヶ丘,富士見台,walk,,15,15,,西武池袋線「富士見台駅」南口から徒歩15分,https://www.metro.ed.jp/minorigaoka-he/access/access.html
401040,三田,田町,walk,,13,13,,JR山手線 京浜東北線「田町」駅下車徒歩13分,https://www.metro.ed.jp/mita-h/access/access.html
401040,三田,赤羽橋,walk,,5,5,,都営大江戸線 「赤羽橋」駅下車徒歩5分,https://www.metro.ed.jp/mita-h/access/access.html
401040,三田,芝公園,walk,,7,7,,都営三田線「芝公園」駅下車徒歩7分,https://www.metro.ed.jp/mita-h/access/access.html
401040,三田,三田,walk,,12,12,,都営浅草線「三田」駅下車徒歩12分,https://www.metro.ed.jp/mita-h/access/access.html
401040,三田,麻布十番,walk,,10,10,,東京メトロ南北線「麻布十番」駅下車徒歩10分,https://www.metro.ed.jp/mita-h/access/access.html
401040,三田,赤羽橋,bus,,5,,赤羽橋,都営バス「赤羽橋」下車徒歩5分,https://www.metro.ed.jp/mita-h/access/access.html
412010,三宅,浜松町,bus,,,,,【島内バス】,https://www.metro.ed.jp/miyake-h/access/access.html
408820,瑞穂農芸,箱根ヶ崎,bus,,20,,,JR八高線「箱根ヶ崎」東口下車 徒歩20分,https://www.metro.ed.jp/mizuhonogei-h/access/access.html
408820,瑞穂農芸,箱根ヶ崎,bus,,15,,瑞穂第一小学校前,「瑞穂町役場入口」or「瑞穂第一小学校前」下車 徒歩15分,https://www.metro.ed.jp/mizuhonogei-h/access/access.html
408820,瑞穂農芸,花小金井,bus,,,,,【都営バス】花小金井駅北口・小平駅・東大和市駅 ←→ 青梅車庫,https://www.metro.ed.jp/mizuhonogei-h/access/access.html
408820,瑞穂農芸,箱根ヶ崎,bus,,20,,箱根ヶ崎,JR八高線「箱根ヶ崎」下車 徒歩約20分,https://www.metro.ed.jp/mizuhonogei-he/access/access.html
408820,瑞穂農芸,箱根ヶ崎,bus,,,,,【バス利用】,https://www.metro.ed.jp/mizuhonogei-he/access/access.html
408820,瑞穂農芸,箱根ヶ崎,bus,,15,,瑞穂第一小学校前,「瑞穂町役場入口」「瑞穂第一小学校前」 バス停下車 徒歩約15分,https://www.metro.ed.jp/mizuhonogei-he/access/access.html
408820,瑞穂農芸,花小金井,bus,,,,,都営バス（ 梅70） 花小金井駅北口・小平駅・東大和市駅⇔青梅車庫,https://www.metro.ed.jp/mizuhonogei-he/access/access.html
408820,瑞穂農芸,立川,bus,,,,,立川バス（ 立10） 立川駅北口⇔瑞穂町営業所,https://www.metro.ed.jp/mizuhonogei-he/access/access.html
406290,紅葉川,西葛西,walk,,19,19,,徒歩19分,https://www.metro.ed.jp/momijigawa-h/access/access.html
406290,紅葉川,西葛西,bus,16,,16,,バス16分,https://www.metro.ed.jp/momijigawa-h/access/access.html
406290,紅葉川,葛西臨海公園,walk,,19,19,,徒歩19分,https://www.metro.ed.jp/momijigawa-h/access/access.html
404020,向丘,白山,walk,,7,7,,都営三田線「白山駅」から徒歩7分,https://www.metro.ed.jp/mukogaoka-h/access/access.html
404020,向丘,本駒込,walk,,5,5,,東京メトロ南北線「本駒込駅」から徒歩5分,https://www.metro.ed.jp/mukogaoka-h/access/access.html
404020,向丘,千駄木,walk,,12,12,,東京メトロ千代田線「千駄木駅」から徒歩12分,https://www.metro.ed.jp/mukogaoka-h/access/access.html
404020,向丘,千駄木,bus,,,,,都バス,https://www.metro.ed.jp/mukogaoka-h/access/access.html
404020,向丘,東京,bus,,2,,向丘二丁目,「向丘一丁目」「向丘二丁目」バス停より徒歩2分,https://www.metro.ed.jp/mukogaoka-h/access/access.html
404020,向丘,池袋,bus,,3,,白山上,「白山上」バス停より徒歩3分,https://www.metro.ed.jp/mukogaoka-h/access/access.html
403030,武蔵丘,富士見台,walk,,10,10,,「富士見台」駅 徒歩10分,https://www.metro.ed.jp/musashigaoka-h/access/access.html
403030,武蔵丘,鷺ノ宮,walk,,12,12,,「鷺ノ宮」駅 徒歩12分,https://www.metro.ed.jp/musashigaoka-h/access/access.html
403030,武蔵丘,鷺ノ宮,bus,,8,,,「阿佐ヶ谷」経由→北口 関東バス＜中村橋行＞→「鷺宮4丁目」徒歩8分,https://www.metro.ed.jp/musashigaoka-h/access/access.html
403030,武蔵丘,中村橋,bus,,8,,,「荻窪」経由→北口 関東バス＜中村橋・練馬駅行＞→「鷺宮4丁目」徒歩8分,https://www.metro.ed.jp/musashigaoka-h/access/access.html
408070,武蔵村山,昭島,bus,,,,,JR青梅線昭島駅北口から（立川バス）,https://www.metro.ed.jp/musashimurayama-h/access/access.html
408070,武蔵村山,昭島,bus,25,5,30,武蔵村山高校南,約25分乗車「武蔵村山高校南」下車 徒歩約5分,https://www.metro.ed.jp/musashimurayama-h/access/access.html
408070,武蔵村山,西武立川,bus,,,,,西武拝島線 西武立川駅入口から、西武立川駅西から（立川バス）,https://www.metro.ed.jp/musashimurayama-h/access/access.html
408070,武蔵村山,西武立川,bus,15,5,20,武蔵村山高校南,約15分乗車「武蔵村山高校南」下車 徒歩約5分,https://www.metro.ed.jp/musashimurayama-h/access/access.html
408070,武蔵村山,箱根ヶ崎,bus,,,,,JR八高線箱根ヶ崎駅から（立川バス）,https://www.metro.ed.jp/musashimurayama-h/access/access.html
408070,武蔵村山,昭島,bus,15,8,23,新道,約15分乗車「新道」下車 徒歩約8分,https://www.metro.ed.jp/musashimurayama-h/access/access.html
408070,武蔵村山,東大和市,bus,,,,,西武拝島線東大和市駅前から（都営バス）,https://www.metro.ed.jp/musashimurayama-h/access/access.html
408070,武蔵村山,東大和市,bus,30,8,38,三ツ木薬師前,約30分乗車「三ツ木薬師前」下車 徒歩約8分,https://www.metro.ed.jp/musashimurayama-h/access/access.html
408070,武蔵村山,青梅,bus,,,,,JR青梅駅から（都営バス）,https://www.metro.ed.jp/musashimurayama-h/access/access.html
408070,武蔵村山,青梅,bus,40,8,48,新道,約40分乗車「新道」下車 徒歩約8分,https://www.metro.ed.jp/musashimurayama-h/access/access.html
409020,武蔵野北,三鷹,bus,12,,12,,三鷹駅(北口)からバスで12分 [鷹13/鷹21/鷹22/鷹25],https://www.metro.ed.jp/musashinokita-h/access/access.html
409020,武蔵野北,吉祥寺,bus,15,,15,,吉祥寺駅(北口)からバス15分 [吉52/吉53],https://www.metro.ed.jp/musashinokita-h/access/access.html
409020,武蔵野北,吉祥寺,bus,,,,武蔵野北高校,「武蔵野北高校」下車,https://www.metro.ed.jp/musashinokita-h/access/access.html
409020,武蔵野北,西武柳沢,walk,,15,15,,西武柳沢駅(南口)から徒歩15分,https://www.metro.ed.jp/musashinokita-h/access/access.html
409020,武蔵野北,西武柳沢,bus,5,,5,,西武柳沢駅(南口)からバス5分 [鷹13/吉53],https://www.metro.ed.jp/musashinokita-h/access/access.html
409020,武蔵野北,西武柳沢,bus,,,,武蔵野北高校,「武蔵野北高校」下車,https://www.metro.ed.jp/musashinokita-h/access/access.html
409020,武蔵野北,保谷,bus,15,,15,,保谷駅(南口)からバス15分,https://www.metro.ed.jp/musashinokita-h/access/access.html
409020,武蔵野北,保谷,bus,,,,武蔵野北高校,「武蔵野北高校」下車,https://www.metro.ed.jp/musashinokita-h/access/access.html
410250,永山,聖蹟桜ヶ丘,bus,20,,20,永山高校,京王線聖蹟桜ヶ丘駅11番から永山5丁目行、京王多摩車庫行、鶴川行のいずれかで「永山高校」下車（所要時間約20分）。,https://www.metro.ed.jp/nagayama-h/access/access.html
410250,永山,聖蹟桜ヶ丘,bus,,3,,,降りたらバスの進行と逆方向に徒歩約3分。,https://www.metro.ed.jp/nagayama-h/access/access.html
410250,永山,聖蹟桜ヶ丘,bus,5,,5,永山駅,「永山駅」から永山5丁目行、京王多摩車庫行、鶴川行のいずれかで「永山高校」下車（所要時間約5分）。,https://www.metro.ed.jp/nagayama-h/access/access.html
403710,中野工科,野方,bus,,,,野方駅,本校へ来校される際は、西武新宿線「野方駅」から徒歩（７分）で来られるか、バスにて最寄りのバス停までお越しください,https://www.metro.ed.jp/nakanokoka-h/access/access.html
403710,中野工科,野方,walk,,7,7,,本校へ来校される際は、西武新宿線「野方駅」から徒歩（７分）で来られるか、バスにて最寄りのバス停までお越しください,https://www.metro.ed.jp/nakanokoka-h/access/access.html
403710,中野工科,高円寺,bus,,4,,,JR中央線高円寺駅北口から関東バス 赤羽駅・練馬駅行きにて野方駅入口下車 徒歩4分,https://www.metro.ed.jp/nakanokoka-h/access/access.html
403710,中野工科,中野,bus,,5,,,JR中央線中野駅北口から関東バス 野方行にて終点下車 徒歩5分,https://www.metro.ed.jp/nakanokoka-h/access/access.html
403710,中野工科,練馬,bus,,4,,,西武池袋線練馬駅から関東バス 高円寺行にて野方駅入口下車 徒歩4分,https://www.metro.ed.jp/nakanokoka-h/access/access.html
403710,中野工科,赤羽,bus,,4,,,JR京浜東北線赤羽駅から関東バス（国際興行）高円寺行にて野方駅入口（野方駅南口）下車 徒歩4分,https://www.metro.ed.jp/nakanokoka-h/access/access.html
403710,中野工科,野方,walk,,7,7,,西武新宿線野方駅より徒歩7分,https://www.metro.ed.jp/nakanokoka-he/access/access.html
403710,中野工科,高円寺,bus,,4,,,JR中央線高円寺駅北口から関東バス 赤羽駅・練馬駅行きにて野方駅入口下車 徒歩4分,https://www.metro.ed.jp/nakanokoka-he/access/access.html
403710,中野工科,中野,bus,,5,,,JR中央線中野駅北口から関東バス 野方行にて終点下車 徒歩5分,https://www.metro.ed.jp/nakanokoka-he/access/access.html
403710,中野工科,練馬,bus,,4,,,西武池袋線練馬駅から関東バス 高円寺行にて野方駅入口下車 徒歩4分,https://www.metro.ed.jp/nakanokoka-he/access/access.html
403710,中野工科,赤羽,bus,,4,,,JR京浜東北線赤羽駅から関東バス（国際興行）高円寺行にて野方駅入口（野方駅南口）下車 徒歩4分,https://www.metro.ed.jp/nakanokoka-he/access/access.html
407240,成瀬,成瀬,bus,,10,,成瀬駅,ＪＲ横浜線「成瀬駅」下車、徒歩10分,https://www.metro.ed.jp/naruse-h/access/access.html
407240,成瀬,成瀬,bus,,1,,成瀬高校入口,北口バス乗り場①番（神奈中バス）「成瀬高校入口」下車 徒歩1分,https://www.metro.ed.jp/naruse-h/access/access.html
403240,練馬,練馬春日町,walk,,12,12,,都営地下鉄大江戸線「練馬春日町駅」（A2出口）より徒歩12分,https://www.metro.ed.jp/nerima-h/access/access.html
403240,練馬,平和台,walk,,17,17,,東京メトロ有楽町線・副都心線「平和台駅」（北口）より徒歩17分,https://www.metro.ed.jp/nerima-h/access/access.html
403240,練馬,平和台,bus,,,,,●バスでのアクセス,https://www.metro.ed.jp/nerima-h/access/access.html
403240,練馬,平和台,bus,,,,平和台駅,東京メトロ有楽町線・副都心線「平和台駅」より国際興業バス,https://www.metro.ed.jp/nerima-h/access/access.html
403240,練馬,光が丘,bus,,3,,田柄中学校,光が丘駅行・日大練馬光が丘病院行で「田柄中学校」下車徒歩3分,https://www.metro.ed.jp/nerima-h/access/access.html
403240,練馬,下赤塚,bus,,,,下赤塚駅,東武東上線「下赤塚駅」より西武バス,https://www.metro.ed.jp/nerima-h/access/access.html
403240,練馬,練馬,bus,,5,,練馬高校,練馬駅行で「練馬高校」下車徒歩5分,https://www.metro.ed.jp/nerima-h/access/access.html
403240,練馬,豊島園,bus,,,,豊島園駅,西武池袋線「練馬駅」または「豊島園駅」より西武バス,https://www.metro.ed.jp/nerima-h/access/access.html
403240,練馬,成増,bus,,5,,練馬高校,成増駅南口行で「練馬高校」下車徒歩5分,https://www.metro.ed.jp/nerima-h/access/access.html
403730,練馬工科,平和台,walk,,5,5,,有楽町線・副都心線 平和台駅 徒歩5分,https://www.metro.ed.jp/nerimakoka-h/access/access.html
403730,練馬工科,練馬春日町,walk,,15,15,,大江戸線 練馬春日町駅より徒歩15分,https://www.metro.ed.jp/nerimakoka-h/access/access.html
403730,練馬工科,豊島園,walk,,20,20,,西武線 豊島園駅より徒歩20分,https://www.metro.ed.jp/nerimakoka-h/access/access.html
406070,日本橋,曳舟,walk,,5,5,,京成押上線曳舟駅下車 徒歩５分,https://www.metro.ed.jp/nihonbashi-h/access/access.html
406070,日本橋,亀戸,bus,15,,15,,都バス ＪＲ亀戸駅６番バス乗り場より（里２２）日暮里駅行き約１５分,https://www.metro.ed.jp/nihonbashi-h/access/access.html
406070,日本橋,亀戸,bus,,3,,明治通り,「明治通り」下車徒歩３分,https://www.metro.ed.jp/nihonbashi-h/access/access.html
403050,西,久我山,walk,,10,10,,京王井の頭線「久我山」駅下車 徒歩10分,https://www.metro.ed.jp/nishi-h/access/access.html
403050,西,荻窪,bus,,3,,宮前4丁目,JR中央線「荻窪」駅より関東バス宮前3丁目行き「宮前4丁目」下車 徒歩3分,https://www.metro.ed.jp/nishi-h/access/access.html
403050,西,西荻窪,bus,,,,西高校西門前,JR中央線「西荻窪」駅より南北バスすぎ丸「久我山駅」行き「西高校西門前」下車すぐ,https://www.metro.ed.jp/nishi-h/access/access.html
403810,農芸,西荻窪,walk,,20,20,,JR中央線「西荻窪」から徒歩20分,https://www.metro.ed.jp/nogei-h/access/access.html
403810,農芸,西荻窪,bus,,,,西荻窪,JR中央線「西荻窪」から関東バス[系統西50] 「井荻」行 農芸高校前下車目の前,https://www.metro.ed.jp/nogei-h/access/access.html
403810,農芸,西荻窪,bus,,3,,荻窪,JR中央線「荻窪」から西武バス[系統荻14]「石神井公園」行 農芸高校下車徒歩3分,https://www.metro.ed.jp/nogei-h/access/access.html
403810,農芸,上井草,walk,,10,10,,西武新宿線「上井草」から徒歩10分,https://www.metro.ed.jp/nogei-h/access/access.html
403810,農芸,石神井公園,bus,,3,,石神井公園,西武池袋線「石神井公園」から西武バス「荻窪」行 農芸高校下車徒歩3分,https://www.metro.ed.jp/nogei-h/access/access.html
403810,農芸,西荻窪,walk,,20,20,,JR中央線「西荻窪」から徒歩20分,https://www.metro.ed.jp/nogei-he/access/access.html
403810,農芸,西荻窪,bus,,,,西荻窪,JR中央線「西荻窪」から関東バス[系統西50] 「井荻」行 農芸高校前下車目の前,https://www.metro.ed.jp/nogei-he/access/access.html
403810,農芸,西荻窪,bus,,3,,荻窪,JR中央線「荻窪」から西武バス[系統荻14]「石神井公園」行 農芸高校下車徒歩3分,https://www.metro.ed.jp/nogei-he/access/access.html
403810,農芸,上井草,walk,,10,10,,西武新宿線「上井草」から徒歩10分,https://www.metro.ed.jp/nogei-he/access/access.html
403810,農芸,石神井公園,bus,,3,,石神井公園,西武池袋線「石神井公園」から西武バス「荻窪」行 農芸高校下車徒歩3分,https://www.metro.ed.jp/nogei-he/access/access.html
410810,農業,府中,walk,,5,5,,京王線府中駅下車、徒歩5分,https://www.metro.ed.jp/nogyo-h/access/access.html
410810,農業,国分寺,bus,20,1,21,農業高校前,京王バスJR中央線 国分寺駅南口より（寺91）府中駅行き約20分「農業高校前」下車、徒歩1分,https://www.metro.ed.jp/nogyo-h/access/access.html
410810,農業,北府中,walk,,12,12,,JR武蔵野線 北府中駅下車、徒歩12分,https://www.metro.ed.jp/nogyo-h/access/access.html
410810,農業,府中本町,walk,,15,15,,JR武蔵野線・JR南武線 府中本町駅下車、徒歩15分,https://www.metro.ed.jp/nogyo-h/access/access.html
410810,農業,府中,walk,,5,5,,京王線府中駅下車、徒歩5分,https://www.metro.ed.jp/nogyo-he/access/access.html
410810,農業,国分寺,bus,20,1,21,農業高校前,京王バスJR中央線 国分寺駅南口より（寺91）府中駅行き約20分「農業高校前」下車、徒歩1分,https://www.metro.ed.jp/nogyo-he/access/access.html
410810,農業,北府中,walk,,12,12,,JR武蔵野線 北府中駅下車、徒歩12分,https://www.metro.ed.jp/nogyo-he/access/access.html
410810,農業,府中本町,walk,,15,15,,JR武蔵野線・JR南武線 府中本町駅下車、徒歩15分,https://www.metro.ed.jp/nogyo-he/access/access.html
406810,農産,亀有,walk,,15,15,,JR常磐線各駅停車（東京メトロ千代田線との直通運転）亀有駅下車 南口より徒歩15分,https://www.metro.ed.jp/nosan-h/access/access.html
406810,農産,亀有,bus,30,,30,上千葉砂原公園,亀有駅南口から、京成タウンバス（有57系統）ご利用の場合は、「上千葉砂原公園」下車 運行は30分に1本程度ですのでご注意ください。亀有駅発時刻表（別ウインドウが開きます）,https://www.metro.ed.jp/nosan-h/access/access.html
406810,農産,お花茶屋,bus,,20,,,京成本線お花茶屋駅（各駅停車のみ停車）下車 北口より徒歩20分,https://www.metro.ed.jp/nosan-h/access/access.html
406810,農産,お花茶屋,bus,30,,30,上千葉砂原公園,お花茶屋駅北口から、京成タウンバス（有57系統）ご利用の場合は、「上千葉砂原公園」下車。運行は30分に1本程度です。（別ウインドウが開きます）,https://www.metro.ed.jp/nosan-h/access/access.html
406810,農産,亀有,walk,,15,15,,JR常磐線各駅停車（東京メトロ千代田線との直通運転）亀有駅下車 南口より徒歩15分,https://www.metro.ed.jp/nosan-he/access/access.html
406810,農産,亀有,bus,30,,30,上千葉砂原公園,亀有駅南口から、京成タウンバス（有57系統）ご利用の場合は、「上千葉砂原公園」下車 運行は30分に1本程度ですのでご注意ください。,https://www.metro.ed.jp/nosan-he/access/access.html
406810,農産,お花茶屋,bus,,20,,,京成本線お花茶屋駅（各駅停車のみ停車）下車 北口より徒歩20分,https://www.metro.ed.jp/nosan-he/access/access.html
406810,農産,お花茶屋,bus,30,,30,上千葉砂原公園,お花茶屋駅北口から、京成タウンバス（有57系統）ご利用の場合は、「上千葉砂原公園」下車。運行は30分に1本程度ですのでご注意ください。,https://www.metro.ed.jp/nosan-he/access/access.html
407230,野津田,町田,bus,,,,町田駅,JR横浜線・小田急「町田駅」よりバス,https://www.metro.ed.jp/nozuta-h/access/access.html
407230,野津田,町田,bus,,,,,町田駅14番のりば,https://www.metro.ed.jp/nozuta-h/access/access.html
407230,野津田,鶴川,bus,,,,鶴川駅,小田急線「鶴川駅」よりバス,https://www.metro.ed.jp/nozuta-h/access/access.html
407230,野津田,鶴川,bus,,10,,,（鶴33・鶴66）野津田車庫行（本町田経由）→野津田車庫下車 徒歩10分,https://www.metro.ed.jp/nozuta-h/access/access.html
407230,野津田,淵野辺,bus,,,,淵野辺駅,JR横浜線「淵野辺駅」よりバス,https://www.metro.ed.jp/nozuta-h/access/access.html
407230,野津田,淵野辺,bus,,10,,,（淵23）野津田車庫行→神学校下車 徒歩10分,https://www.metro.ed.jp/nozuta-h/access/access.html
407230,野津田,多摩センター,bus,,,,多摩センター駅,京王線・小田急線・多摩都市モノレール「多摩センター駅」よりバス,https://www.metro.ed.jp/nozuta-h/access/access.html
407230,野津田,多摩センター,bus,,15,,,（鶴32）鶴川駅行（小野路・青木葉公園経）→小野神社前下車 徒歩15分,https://www.metro.ed.jp/nozuta-h/access/access.html
406410,大江戸,東陽町,bus,15,,15,,都営新宿線住吉駅出口A3→住吉駅前（東22系統 東陽町駅前行または東京駅丸の内北口行 都営バス）→千田（都営バス）→大江戸高校およそ15分,https://www.metro.ed.jp/oedo-he/access/access.html
406410,大江戸,錦糸町,bus,15,,15,,東京メトロ東陽町出口1→東陽町駅前（東22系統 錦糸町駅前行 都営バス）→千田（都営バス）→大江戸高校およそ15分,https://www.metro.ed.jp/oedo-he/access/access.html
403040,荻窪,荻窪,bus,,,,,バス…関東バスでは主に以下の乗り場から荻窪駅に行けます,https://www.metro.ed.jp/ogikubo-he/access/access.html
403040,荻窪,練馬高野台,bus,,,,,荻11・14（石神井公園駅）、荻12（井荻駅入口）、荻15（長久保・大泉学園南口、阿佐ヶ谷駅行途中下車）、荻17（練馬高野台駅）,https://www.metro.ed.jp/ogikubo-he/access/access.html
404250,大山,小竹向原,walk,,15,15,,東京メトロ有楽町線・西武有楽町線 小竹向原駅徒歩15分,https://www.metro.ed.jp/ohyama-he/access/access.html
404250,大山,氷川台,walk,,15,15,,東京メトロ有楽町線・副都心線 氷川台駅徒歩15分,https://www.metro.ed.jp/ohyama-he/access/access.html
404250,大山,上板橋,walk,,15,15,,東武東上線上板橋駅徒歩15分,https://www.metro.ed.jp/ohyama-he/access/access.html
408420,青梅総合,東青梅,walk,,3,3,,JR青梅線 東青梅駅から徒歩3分,https://www.metro.ed.jp/ome-sogo-he/access/access.html
408420,青梅総合,東青梅,walk,,3,3,,JR東青梅駅南口から徒歩3分（約200m）,https://www.metro.ed.jp/omesogo-h/access/access.html
401250,大森,池上,walk,,8,8,,東急池上線 池上駅より徒歩8分,https://www.metro.ed.jp/omori-h/access/access.html
401250,大森,蒲田,walk,,18,18,,東急池上線・JR京浜東北線 蒲田駅より徒歩18分,https://www.metro.ed.jp/omori-h/access/access.html
401250,大森,大森,bus,,,,,東急バス JR大森駅西口より,https://www.metro.ed.jp/omori-h/access/access.html
401210,大崎,戸越公園,walk,,4,4,,東急大井町線戸越公園駅より徒歩4分,https://www.metro.ed.jp/osaki-h/access/access.html
401210,大崎,戸越,walk,,12,12,,都営地下鉄浅草線 戸越駅より徒歩12分,https://www.metro.ed.jp/osaki-h/access/access.html
401210,大崎,荏原中延,walk,,12,12,,池上線荏原中延駅より徒歩12分,https://www.metro.ed.jp/osaki-h/access/access.html
401210,大崎,荏原中延,bus,,7,,,東急バス戸越3丁目より徒歩7分,https://www.metro.ed.jp/osaki-h/access/access.html
401210,大崎,戸越銀座,walk,,12,12,,本校から徒歩12分の「戸越銀座商店街」は、全国各地にある「銀座」の名がつく商店街のなかで最初にできたもので、いつも非常ににぎわっています。,https://www.metro.ed.jp/osaki-h/access/access.html
401210,大崎,戸越公園,walk,,4,4,,大井町線 戸越公園駅より 徒歩4分,https://www.metro.ed.jp/osaki-he/access/access.html
401210,大崎,戸越,walk,,12,12,,都営地下鉄浅草線 戸越駅より 徒歩12分,https://www.metro.ed.jp/osaki-he/access/access.html
401210,大崎,荏原中延,walk,,12,12,,池上線 荏原中延駅より 徒歩12分,https://www.metro.ed.jp/osaki-he/access/access.html
401210,大崎,荏原中延,bus,,7,,,東急バス 戸越3丁目より 徒歩7分,https://www.metro.ed.jp/osaki-he/access/access.html
401620,大田桜台,西馬込,walk,,10,10,,都営浅草線「西馬込」駅西口より徒歩10分,https://www.metro.ed.jp/otasakuradai-h/access/access.html
401620,大田桜台,西馬込,bus,,7,,稲荷坂,東急バス07系統「稲荷坂」より徒歩7分,https://www.metro.ed.jp/otasakuradai-h/access/access.html
401620,大田桜台,西馬込,bus,,10,,立正大学付属立正中高前,東急バス反01系統「立正大学付属立正中高前」より徒歩10分,https://www.metro.ed.jp/otasakuradai-h/access/access.html
404420,王子総合,西巣鴨,walk,,6,6,,都営三田線西巣鴨駅から徒歩6分,https://www.metro.ed.jp/oujisogo-h/access/access.html
404420,王子総合,王子,walk,,13,13,,東京メトロ南北線・JR京浜東北線王子駅北口から徒歩13分,https://www.metro.ed.jp/oujisogo-h/access/access.html
404420,王子総合,板橋,walk,,14,14,,JR埼京線板橋駅東口から徒歩14分,https://www.metro.ed.jp/oujisogo-h/access/access.html
404420,王子総合,池袋,bus,15,1,16,,JR山手線池袋駅東口からバス15分徒歩1分,https://www.metro.ed.jp/oujisogo-h/access/access.html
402530,芦花,千歳烏山,walk,,13,13,,京王線 千歳烏山駅下車 徒歩約13分,https://www.metro.ed.jp/roka-h/access/access.html
402530,芦花,成城学園前,bus,12,2,14,,小田急線 成城学園前駅より バス約12分（千歳船橋駅行）千歳中学校前下車徒歩2分,https://www.metro.ed.jp/roka-h/access/access.html
402530,芦花,中学校,bus,7,2,9,,バス約7分（成城学園駅前行）千歳中学校前下車徒歩2分,https://www.metro.ed.jp/roka-h/access/access.html
406010,両国,錦糸町,walk,,5,5,,JR「錦糸町駅」より 徒歩約5分,https://www.metro.ed.jp/ryogoku-h/access/access.html
406010,両国,菊川,walk,,10,10,,都営新宿線「菊川駅」より 徒歩約10分,https://www.metro.ed.jp/ryogoku-h/access/access.html
406010,両国,住吉,walk,,10,10,,都営新宿線「住吉駅」より 徒歩約10分,https://www.metro.ed.jp/ryogoku-h/access/access.html
403010,鷺宮,中村橋,bus,8,,8,鷺ノ宮駅前,西武池袋線「中村橋」駅下車、関東バス阿佐ヶ谷行、荻窪行利用「鷺ノ宮駅前」下車8分,https://www.metro.ed.jp/saginomiya-h/access/access.html
403010,鷺宮,鷺ノ宮,bus,8,,8,鷺ノ宮駅前,JR「阿佐ヶ谷」駅・「荻窪」駅下車、関東バス「中村橋」行利用「鷺ノ宮駅前」下車8分,https://www.metro.ed.jp/saginomiya-h/access/access.html
402220,桜町,桜新町,walk,,9,9,,東急田園都市線「桜新町駅」より徒歩9分、「用賀駅」より徒歩8分,https://www.metro.ed.jp/sakuramachi-h/access/access.html
402220,桜町,桜新町,bus,,,,,東急バス停,https://www.metro.ed.jp/sakuramachi-h/access/access.html
402220,桜町,桜新町,walk,,11,11,,東急田園都市線 桜新町駅より徒歩11分,https://www.metro.ed.jp/sakuramachi-he/access/access.html
402220,桜町,用賀,walk,,11,11,,東急田園都市線 用賀駅より徒歩11分,https://www.metro.ed.jp/sakuramachi-he/access/access.html
402220,桜町,渋谷,bus,,,,,渋谷駅から二子玉川駅行きに乗り「桜町高校前」で下車,https://www.metro.ed.jp/sakuramachi-he/access/access.html
402220,桜町,二子玉川,bus,,,,,二子玉川駅から渋谷駅行きに乗り「桜町高校前」で下車,https://www.metro.ed.jp/sakuramachi-he/access/access.html
402410,世田谷泉,千歳烏山,bus,,15,,千歳烏山駅,京王線「千歳烏山駅」下車徒歩15分（特急・急行・快速・各停）,https://www.metro.ed.jp/setagayaizumi-he/access/access.html
402410,世田谷泉,千歳烏山,bus,,5,,昭和大学附属烏山病院,JR中央・総武線「吉祥寺駅」南口より小田急バス「吉02 千歳烏山駅北口」行き「 ときわ橋」または「昭和大学附属烏山病院」 下車徒歩 5 分,https://www.metro.ed.jp/setagayaizumi-he/access/access.html
402410,世田谷泉,高井戸,bus,,5,,高井戸駅,JR中央・総武線、メトロ丸の内線「荻窪駅」南口および京王井の頭線「高井戸駅」より関東バス「荻 58 北野」行き「 中給田」下車徒歩 5 分,https://www.metro.ed.jp/setagayaizumi-he/access/access.html
402420,世田谷総合,二子玉川,walk,,15,15,,徒歩約15分,https://www.metro.ed.jp/setagayasogo-h/access/access.html
402420,世田谷総合,二子玉川,bus,9,,9,,バス計・約９分（東急バス・小田急バス）,https://www.metro.ed.jp/setagayasogo-h/access/access.html
402420,世田谷総合,成城学園前,bus,,,,,【成城学園前駅】【調布駅南口】【宇奈根一丁目】行き,https://www.metro.ed.jp/setagayasogo-h/access/access.html
402420,世田谷総合,世田谷,bus,,,,世田谷総合高校,「世田谷総合高校」バス停下車,https://www.metro.ed.jp/setagayasogo-h/access/access.html
402420,世田谷総合,二子玉川,bus,,,,世田谷総合高校,【二子玉川駅】行き「世田谷総合高校」バス停下車,https://www.metro.ed.jp/setagayasogo-h/access/access.html
403210,石神井,武蔵関,walk,,7,7,,西武新宿線「武蔵関」駅下車 北口 徒歩７分,https://www.metro.ed.jp/shakujii-h/access/access.html
403210,石神井,武蔵関,bus,,,,,関東バス「武蔵関駅（荻32）」行き,https://www.metro.ed.jp/shakujii-h/access/access.html
403210,石神井,武蔵関,bus,,7,,武蔵関駅,バス停「武蔵関駅」下車 徒歩７分,https://www.metro.ed.jp/shakujii-h/access/access.html
403210,石神井,吉祥寺,bus,,,,,西武バス「吉祥寺駅（吉61/吉61-1）」行き,https://www.metro.ed.jp/shakujii-h/access/access.html
403210,石神井,吉祥寺,bus,,6,,関町北四丁目,バス停「関町北四丁目」下車 徒歩６分,https://www.metro.ed.jp/shakujii-h/access/access.html
402060,新宿,新宿,walk,,4,4,,JR線「新宿」駅：南口・東南口・甲州街道改札 徒歩4分,https://www.metro.ed.jp/shinjuku-h/access/access.html
402060,新宿,新宿三丁目,walk,,2,2,,東京メトロ副都心線「新宿三丁目」駅 徒歩2分,https://www.metro.ed.jp/shinjuku-h/access/access.html
402060,新宿,西武新宿,walk,,11,11,,西武新宿線「西武新宿」駅 徒歩11分,https://www.metro.ed.jp/shinjuku-h/access/access.html
402520,新宿山吹,江戸川橋,walk,,10,10,,東京メトロ有楽町線 江戸川橋駅 より徒歩10分,https://www.metro.ed.jp/shinjukuyamabuki-h/access/access.html
402520,新宿山吹,早稲田,walk,,10,10,,早稲田駅 より徒歩10分,https://www.metro.ed.jp/shinjukuyamabuki-h/access/access.html
402520,新宿山吹,神楽坂,walk,,10,10,,神楽坂駅 より徒歩10分,https://www.metro.ed.jp/shinjukuyamabuki-h/access/access.html
402520,新宿山吹,新宿西口,bus,,,,都立新宿山吹高校前,都営バス 新宿西口3番乗場より、白61系統「練馬車庫」行き乗車「都立新宿山吹高校前」下車すぐ,https://www.metro.ed.jp/shinjukuyamabuki-h/access/access.html
402520,新宿山吹,牛込柳町,walk,,15,15,,都営地下鉄大江戸線 牛込柳町駅下車 より徒歩15分,https://www.metro.ed.jp/shinjukuyamabuki-h/access/access.html
402520,新宿山吹,早稲田,bus,,15,,,都電荒川線 早稲田電停下車 より徒歩15分,https://www.metro.ed.jp/shinjukuyamabuki-h/access/access.html
405050,忍岡,浅草橋,walk,,5,5,,JR総武線「浅草橋駅」西口より徒歩5分,https://www.metro.ed.jp/shinobugaoka-h/access/access.html
405050,忍岡,新御徒町,walk,,10,10,,都営地下鉄大江戸線・つくばエクスプレス「新御徒町駅」A4出口より徒歩10分,https://www.metro.ed.jp/shinobugaoka-h/access/access.html
405050,忍岡,秋葉原,walk,,12,12,,東京メトロ日比谷線「秋葉原駅」1番出口より徒歩12分,https://www.metro.ed.jp/shinobugaoka-h/access/access.html
406280,篠崎,篠崎,bus,,,,,都営新宿線 篠崎駅 3番のりば,https://www.metro.ed.jp/shinozaki-h/access/access.html
406280,篠崎,篠崎,bus,5,5,10,スポーツランド入口,【瑞江駅行き】【一之江行き】５分 『スポーツランド入口』バス停下車 徒歩5分,https://www.metro.ed.jp/shinozaki-h/access/access.html
406280,篠崎,江戸川,bus,8,2,10,江戸川スポーツランド,【江戸川スポーツランド行き】８分 『江戸川スポーツランド』バス停下車 徒歩2分,https://www.metro.ed.jp/shinozaki-h/access/access.html
406280,篠崎,瑞江,bus,7,5,12,スポーツランド入口,【小岩駅行き】【新小岩駅行き】７分 『スポーツランド入口』バス停下車 徒歩5分,https://www.metro.ed.jp/shinozaki-h/access/access.html
406280,篠崎,一之江,bus,15,5,20,スポーツランド入口,【小岩駅行き】【新小岩駅行き】15分 『スポーツランド入口』バス停下車 徒歩5分,https://www.metro.ed.jp/shinozaki-h/access/access.html
406280,篠崎,小岩,bus,20,5,25,スポーツランド入口,【瑞江駅行き】【一之江行き】20分 『スポーツランド入口』バス停下車 徒歩5分,https://www.metro.ed.jp/shinozaki-h/access/access.html
408040,昭和,東中神,walk,,8,8,,東中神駅下車 徒歩8分,https://www.metro.ed.jp/showa-h/access/access.html
408040,昭和,西立川,walk,,10,10,,西立川駅下車 徒歩10分,https://www.metro.ed.jp/showa-h/access/access.html
407510,翔陽,高尾,bus,,,,,JR中央線 高尾駅または京王線 高尾駅 南口下車,https://www.metro.ed.jp/shoyo-h/access/access.html
407510,翔陽,高尾,bus,,,,京王バス バスナビサイト,「京王バス バスナビサイト」より高尾駅南口 時刻表（別ウインドウが開きます）,https://www.metro.ed.jp/shoyo-h/access/access.html
401610,芝商業,浜松町,walk,,5,5,,浜松町駅 （山手線・京浜東北線・東京モノレール）北口 ： 徒歩５分,https://www.metro.ed.jp/sibasyogyo-h/access/access.html
401610,芝商業,大門,walk,,5,5,,大門駅 （都営地下鉄浅草線・大江戸線）Ｂ１出口 ： 徒歩５分,https://www.metro.ed.jp/sibasyogyo-h/access/access.html
401610,芝商業,竹芝,walk,,5,5,,竹芝駅 （ゆりかもめ） ： 徒歩５分,https://www.metro.ed.jp/sibasyogyo-h/access/access.html
401610,芝商業,御成門,walk,,15,15,,御成門駅 （都営地下鉄三田線）Ａ２出口 ： 徒歩１５分,https://www.metro.ed.jp/sibasyogyo-h/access/access.html
402940,総合芸術,新宿御苑前,bus,,11,,新宿御苑前駅,東京メトロ丸ノ内線「新宿御苑前駅」下車、大木戸門口（２番出口）より徒歩１１分,https://www.metro.ed.jp/sogo-geijutsu-h/access/access.html
402940,総合芸術,曙橋,bus,,9,,曙橋駅,都営地下鉄新宿線「曙橋駅」下車、Ａ２口より徒歩９分,https://www.metro.ed.jp/sogo-geijutsu-h/access/access.html
402940,総合芸術,新宿三丁目,bus,,15,,新宿三丁目駅,東京メトロ副都心線・丸ノ内線、都営地下鉄新宿線「新宿三丁目駅」下車、Ｃ７口又はＥ３口より徒歩１５分,https://www.metro.ed.jp/sogo-geijutsu-h/access/access.html
402940,総合芸術,若松河田,bus,,12,,若松河田駅,都営地下鉄大江戸線「若松河田駅」下車、河田口より徒歩１２分,https://www.metro.ed.jp/sogo-geijutsu-h/access/access.html
402940,総合芸術,東新宿,bus,,15,,東新宿駅,都営地下鉄大江戸線、東京メトロ副都心線「東新宿駅」下車、Ａ２口より徒歩１５分,https://www.metro.ed.jp/sogo-geijutsu-h/access/access.html
402940,総合芸術,新宿,bus,,20,,新宿駅,ＪＲ線「新宿駅」下車、東口より徒歩２０分,https://www.metro.ed.jp/sogo-geijutsu-h/access/access.html
402940,総合芸術,新宿,bus,5,,5,,都バス ＪＲ新宿駅西口バスターミナルより練馬車庫行約５分,https://www.metro.ed.jp/sogo-geijutsu-h/access/access.html
402940,総合芸術,新宿,bus,,3,,市ヶ谷富久町,「花園町」または「市ヶ谷富久町」下車、徒歩３分,https://www.metro.ed.jp/sogo-geijutsu-h/access/access.html
402940,総合芸術,西武新宿,bus,,20,,西武新宿駅,西武新宿線「西武新宿駅」下車、徒歩２０分 または都バス「歌舞伎町」より,https://www.metro.ed.jp/sogo-geijutsu-h/access/access.html
402940,総合芸術,西武新宿,bus,4,3,7,市ヶ谷富久町,練馬車庫行約４分「花園町」または「市ヶ谷富久町」下車、徒歩３分,https://www.metro.ed.jp/sogo-geijutsu-h/access/access.html
402750,総合工科,成城学園前,bus,7,,7,,小田急線 成城学園前駅よりバスで約７分（徒歩約15分）,https://www.metro.ed.jp/sogokoka-h/access/access.html
402750,総合工科,成城学園前,walk,,15,15,,小田急線 成城学園前駅よりバスで約７分（徒歩約15分）,https://www.metro.ed.jp/sogokoka-h/access/access.html
402750,総合工科,千歳烏山,bus,,,,,千歳烏山駅北口、千歳烏山駅南口、千歳船橋駅、狛江営業所、狛江駅北口行きに乗り 「都立総合工科高校前」 で下車,https://www.metro.ed.jp/sogokoka-h/access/access.html
402750,総合工科,成城学園前,bus,7,,7,,小田急線 成城学園前駅よりバスで約７分（徒歩約15分）,https://www.metro.ed.jp/sogokoka-he/access/access.html
402750,総合工科,成城学園前,walk,,15,15,,小田急線 成城学園前駅よりバスで約７分（徒歩約15分）,https://www.metro.ed.jp/sogokoka-he/access/access.html
402750,総合工科,千歳烏山,bus,,,,,千歳烏山駅北口、千歳烏山駅南口、千歳船橋駅、狛江営業所、狛江駅北口行きに乗り 「都立総合工科高校前」 で下車,https://www.metro.ed.jp/sogokoka-he/access/access.html
403720,杉並工科,上石神井,walk,,20,20,,上石神井駅 南口より徒歩20分,https://www.metro.ed.jp/suginamikoka-h/access/access.html
403720,杉並工科,上井草,walk,,15,15,,上井草駅 南口より徒歩15分,https://www.metro.ed.jp/suginamikoka-h/access/access.html
403720,杉並工科,荻窪,bus,,5,,,"荻窪駅 関東バス(荻32 武蔵関駅行,荻34 北裏行,荻36 南善福寺行) 「八幡宮裏」降車後 徒歩5分",https://www.metro.ed.jp/suginamikoka-h/access/access.html
403720,杉並工科,西荻窪,bus,,3,,,西荻窪駅 関東バス(西50 井荻駅行)「今川三丁目」降車後 徒歩3分,https://www.metro.ed.jp/suginamikoka-h/access/access.html
403410,杉並総合,浜田山,walk,,10,10,,井の頭線「浜田山」駅・・・徒歩約10分,https://www.metro.ed.jp/suginamisogo-h/access/access.html
403410,杉並総合,上北沢,walk,,12,12,,京王線「上北沢」駅・・・徒歩約12分,https://www.metro.ed.jp/suginamisogo-h/access/access.html
406020,墨田川,東向島,walk,,6,6,,東武線スカイツリーライン 東向島駅下車 徒歩6分,https://www.metro.ed.jp/sumidagawa-h/access/access.html
406020,墨田川,曳舟,walk,,8,8,,東武亀戸線 曳舟駅下車 徒歩8分,https://www.metro.ed.jp/sumidagawa-h/access/access.html
406020,墨田川,京成曳舟,walk,,10,10,,京成押上線 京成曳舟駅下車 徒歩10分,https://www.metro.ed.jp/sumidagawa-h/access/access.html
406730,墨田工科,菊川,bus,,5,,菊川駅,都営新宿線「菊川駅」下車 徒歩5分,https://www.metro.ed.jp/sumidakoka-h/access/access.html
406730,墨田工科,清澄白河,bus,,15,,清澄白河駅,東京メトロ半蔵門線「清澄白河駅」下車 徒歩15分,https://www.metro.ed.jp/sumidakoka-h/access/access.html
406730,墨田工科,木場,bus,,,,木場駅,東西線「木場駅」より都営バス「森下5丁目」下車,https://www.metro.ed.jp/sumidakoka-h/access/access.html
406730,墨田工科,新宿,bus,20,5,25,菊川駅,新宿駅より都営新宿線20分「菊川駅」下車徒歩5分,https://www.metro.ed.jp/sumidakoka-he/access/access.html
406730,墨田工科,清澄白河,walk,,15,15,,半蔵門線／大江戸線「清澄白河駅」より徒歩15分,https://www.metro.ed.jp/sumidakoka-he/access/access.html
406730,墨田工科,木場,bus,,,,木場駅,東西線「木場駅」より都営バス「森下5丁目」下車,https://www.metro.ed.jp/sumidakoka-he/access/access.html
408030,砂川,泉体育館,walk,,3,3,,多摩モノレール 泉体育館駅から徒歩３分,https://www.metro.ed.jp/sunagawa-hc/access/access.html
408030,砂川,泉体育館,walk,,3,3,,多摩モノレール 泉体育館駅から徒歩３分,https://www.metro.ed.jp/sunagawa-he/access/access.html
406910,橘,東あずま,walk,,3,3,,東武亀戸線 東あずま駅 徒歩3分,https://www.metro.ed.jp/tachibana-h/access/access.html
406910,橘,平井,walk,,12,12,,JR総武線 平井駅 徒歩12分,https://www.metro.ed.jp/tachibana-h/access/access.html
406910,橘,東あずま,walk,,4,4,,東武亀戸線東あずま駅下車、徒歩４分,https://www.metro.ed.jp/tachibana-he/access/access.html
406910,橘,平井,walk,,13,13,,ＪＲ総武線平井駅下車、徒歩１３分,https://www.metro.ed.jp/tachibana-he/access/access.html
403280,田柄,光が丘,walk,,13,13,,都営地下鉄大江戸線「光が丘」駅より徒歩13分,https://www.metro.ed.jp/tagara-h/access/access.html
403280,田柄,下赤塚,walk,,18,18,,東武鉄道東上線 「下赤塚」駅より徒歩18分,https://www.metro.ed.jp/tagara-h/access/access.html
403280,田柄,成増,bus,,0,,田柄高校,西武バス練47系統 成増駅南口～練馬駅北口「田柄高校」下車、徒歩0分,https://www.metro.ed.jp/tagara-h/access/access.html
403280,田柄,平和台,bus,,3,,光が丘秋の陽小学校,国際興業バス光01・02・03系統 光が丘駅～平和台駅～池袋駅東口「光が丘秋の陽小学校」下車、徒歩3分,https://www.metro.ed.jp/tagara-h/access/access.html
403280,田柄,東武練馬,bus,,3,,田柄高校北,みどりバス北町ルート 光が丘駅～東武練馬駅「田柄高校北」下車、徒歩3分,https://www.metro.ed.jp/tagara-h/access/access.html
404260,高島,新高島平,walk,,7,7,,都営三田線 新高島平駅 徒歩7分,https://www.metro.ed.jp/takashima-h/access/access.html
404260,高島,上野,bus,,,,,バス路線,https://www.metro.ed.jp/takashima-h/access/access.html
404260,高島,成増,bus,,,,,【成増駅北口発】,https://www.metro.ed.jp/takashima-h/access/access.html
404260,高島,高島平,bus,,,,,高01 高島平操車場行 高島高校下車 至近,https://www.metro.ed.jp/takashima-h/access/access.html
404260,高島,赤羽,bus,,12,,,赤02 赤羽駅西口行 四葉町下車 徒歩12分,https://www.metro.ed.jp/takashima-h/access/access.html
404010,竹早,茗荷谷,walk,,10,10,,東京メトロ丸ノ内線「茗荷谷駅」1番出口から徒歩10分,https://www.metro.ed.jp/takehaya-h/access/access.html
404010,竹早,後楽園,walk,,12,12,,東京メトロ丸ノ内線/東京メトロ南北線「後楽園駅」4b出口から徒歩12分,https://www.metro.ed.jp/takehaya-h/access/access.html
404010,竹早,春日,walk,,13,13,,都営三田線/都営大江戸線「春日駅」6番出口から徒歩13分,https://www.metro.ed.jp/takehaya-h/access/access.html
404010,竹早,御徒町,bus,,,,春日二丁目バス停,都バス 都02系統(大塚駅前～御徒町駅前～錦糸町駅前)「春日二丁目バス停」下車すぐ,https://www.metro.ed.jp/takehaya-h/access/access.html
405070,竹台,鶯谷,walk,,6,6,,JR鶯谷駅徒歩6分,https://www.metro.ed.jp/takenodai-h/access/access.html
405070,竹台,日暮里,walk,,8,8,,JR、京成、日暮里・舎人ライナー日暮里駅徒歩8分,https://www.metro.ed.jp/takenodai-h/access/access.html
405070,竹台,三河島,walk,,13,13,,JR三河島駅徒歩13分,https://www.metro.ed.jp/takenodai-h/access/access.html
405070,竹台,入谷,walk,,13,13,,東京メトロ日比谷線入谷駅徒歩13分,https://www.metro.ed.jp/takenodai-h/access/access.html
405070,竹台,日暮里,bus,,3,,,都バス（都08）日暮里駅前←→錦糸町駅前 東日暮里五丁目 徒歩3分,https://www.metro.ed.jp/takenodai-h/access/access.html
408210,多摩,青梅,walk,,15,15,,JR青梅線 青梅駅下車・・・徒歩 15分,https://www.metro.ed.jp/tama-h/access/access.html
408210,多摩,青梅,bus,,,,,青梅駅前より都営バス,https://www.metro.ed.jp/tama-h/access/access.html
408210,多摩,青梅,bus,,1,,多摩高校前,「裏宿町」行き 「多摩高校前」下車 徒歩1分,https://www.metro.ed.jp/tama-h/access/access.html
408210,多摩,青梅,bus,,4,,青梅車庫,「青梅車庫」行き 「青梅車庫」下車 徒歩4分,https://www.metro.ed.jp/tama-h/access/access.html
409730,多摩科学技術,武蔵小金井,walk,,10,10,,JR中央線 武蔵小金井駅南口より徒歩10分,https://www.metro.ed.jp/tamakagakugijutsu-h/access/access.html
408710,多摩工科,拝島,walk,,10,10,,拝島駅（JR線・西武拝島線）より徒歩10分,https://www.metro.ed.jp/tamakoka-h/access/access.html
408710,多摩工科,拝島,bus,,,,,【 拝島駅までの所要時間 】,https://www.metro.ed.jp/tamakoka-h/access/access.html
409070,田無,田無,walk,,18,18,,西武新宿線 田無駅南口より徒歩18分,https://www.metro.ed.jp/tanashi-h/access/access.html
409070,田無,東伏見,bus,,,,,はなバス「向台循環」または「東伏見駅南口」行き,https://www.metro.ed.jp/tanashi-h/access/access.html
409070,田無,東伏見,bus,,5,,市民公園前,「市民公園前」下車 徒歩5分または「上向台市民集会所」下車 徒歩2分,https://www.metro.ed.jp/tanashi-h/access/access.html
409070,田無,武蔵境,bus,,4,,,関東バス（境15）「向台町五丁目」行き 終点下車 徒歩4分,https://www.metro.ed.jp/tanashi-h/access/access.html
409070,田無,武蔵境,bus,,8,,武蔵野徳洲会病院,「武蔵野徳洲会病院」下車 徒歩８分,https://www.metro.ed.jp/tanashi-h/access/access.html
409070,田無,吉祥寺,bus,,4,,,関東バス（吉73）「向台町五丁目」行き 終点下車 徒歩４分,https://www.metro.ed.jp/tanashi-h/access/access.html
409070,田無,吉祥寺,bus,,8,,武蔵野徳洲会病院,「武蔵野徳洲会病院」下車 徒歩８分,https://www.metro.ed.jp/tanashi-h/access/access.html
409720,田無工科,西武柳沢,walk,,18,18,,田無駅 または 西武柳沢駅 から徒歩18分,https://www.metro.ed.jp/tanashikoka-h/access/access.html
409720,田無工科,西武柳沢,bus,,,,,JR中央線 → バス（西武バス、関東バス）,https://www.metro.ed.jp/tanashikoka-h/access/access.html
409720,田無工科,武蔵境,bus,8,7,15,至誠学舎東京前,武蔵境駅北口から ひばりヶ丘駅行バス 8分 『至誠学舎東京前』下車 徒歩7分,https://www.metro.ed.jp/tanashikoka-h/access/access.html
409720,田無工科,武蔵境,bus,,,,,関東バス 最寄りのバス停『武蔵野大学』,https://www.metro.ed.jp/tanashikoka-h/access/access.html
409720,田無工科,吉祥寺,bus,20,,20,,または 桜堤団地行バス 20分,https://www.metro.ed.jp/tanashikoka-h/access/access.html
409720,田無工科,吉祥寺,bus,,5,,武蔵野大学,上記のバスに乗って『武蔵野大学』下車 徒歩5分,https://www.metro.ed.jp/tanashikoka-h/access/access.html
404040,豊島,千川,walk,,8,8,,東京メトロ有楽町線・副都心線 小竹向原4番出口徒歩8分 または千川駅1番出口から徒歩8分,https://www.metro.ed.jp/toshima-h/access/access.html
404040,豊島,江古田,walk,,12,12,,西武池袋線 江古田駅北口（日大芸術学部）から徒歩12分,https://www.metro.ed.jp/toshima-h/access/access.html
404040,豊島,小竹向原,walk,,7,7,,東京メトロ有楽町線・副都心線 小竹向原4番出口徒歩7分,https://www.metro.ed.jp/toshima-he/access/access.html
404040,豊島,千川,walk,,8,8,,東京メトロ有楽町線・副都心線 千川駅1番出口から徒歩8分,https://www.metro.ed.jp/toshima-he/access/access.html
404040,豊島,江古田,walk,,14,14,,西武池袋線 江古田駅北口（日大芸術学部）から徒歩14分,https://www.metro.ed.jp/toshima-he/access/access.html
402010,戸山,西早稲田,walk,,1,1,,東京メトロ副都心線「西早稲田」駅下車 出口3より 徒歩1分,https://www.metro.ed.jp/toyama-h/access/access.html
402010,戸山,高田馬場,walk,,12,12,,JR山手線、西武新宿線、東京メトロ東西線「高田馬場」駅下車 徒歩12分,https://www.metro.ed.jp/toyama-h/access/access.html
402010,戸山,高田馬場,bus,,,,学習院戸山キャンパス前,高田馬場駅前から都バス「高７１ 九段下行き」に乗車 「学習院戸山キャンパス前」下車すぐ,https://www.metro.ed.jp/toyama-h/access/access.html
402010,戸山,渋谷,bus,,,,学習院戸山キャンパス前,池袋駅東口から都バス「池８６ 渋谷駅東口行き」に乗車 「学習院戸山キャンパス前」下車すぐ,https://www.metro.ed.jp/toyama-h/access/access.html
402010,戸山,新宿,bus,,,,学習院戸山キャンパス前,新宿駅西口から都バス「早７７ 早稲田行き」に乗車 「学習院戸山キャンパス前」下車すぐ,https://www.metro.ed.jp/toyama-h/access/access.html
402010,戸山,東新宿,walk,,13,13,,都営大江戸線「東新宿」駅下車 徒歩13分,https://www.metro.ed.jp/toyama-h/access/access.html
401410,つばさ総合,蒲田,bus,,6,,羽田特別出張所,JR・東急 蒲田駅からは東口の京急バスで3番乗り場から『蒲40・41・42・43・45』系統（行先 羽田空港など）に乗車し、「萩中公園前」・「羽田特別出張所」下車で徒歩5～6分,https://www.metro.ed.jp/tsubasasogo-h/access/access.html
405060,上野,上野,walk,,13,13,,JR山手線/京浜東北線・上野駅公園改札より 徒歩13分,https://www.metro.ed.jp/ueno-h/access/access.html
405060,上野,根津,walk,,6,6,,東京メトロ千代田線・根津駅より 徒歩6分,https://www.metro.ed.jp/ueno-h/access/access.html
405060,上野,日暮里,walk,,13,13,,JR線/京成線/舎人ライナー・日暮里駅より 徒歩13分,https://www.metro.ed.jp/ueno-h/access/access.html
405060,上野,京成上野,walk,,13,13,,京成線・京成上野駅より 徒歩13分,https://www.metro.ed.jp/ueno-h/access/access.html
410410,若葉総合,若葉台,walk,,10,10,,「京王相模原線「若葉台駅」から徒歩10 分」,https://www.metro.ed.jp/wakabasogo-h/access/access.html
410410,若葉総合,黒川,walk,,15,15,,「小田急線「黒川駅」から徒歩15 分」,https://www.metro.ed.jp/wakabasogo-h/access/access.html
410410,若葉総合,黒川,bus,,,,,【主な駅からの時間】,https://www.metro.ed.jp/wakabasogo-h/access/access.html
401240,雪谷,御嶽山,walk,,8,8,,東急池上線御嶽山（おんたけさん）駅より徒歩8分,https://www.metro.ed.jp/yukigaya-h/access/access.html
401240,雪谷,御嶽山,bus,,,,,【バスの場合】,https://www.metro.ed.jp/yukigaya-h/access/access.html
401240,雪谷,田園調布,bus,,,,,東急東横線「田園調布」駅から東急バス「蒲田駅行（蒲12系統）」,https://www.metro.ed.jp/yukigaya-h/access/access.html
401240,雪谷,田園調布,bus,,5,,雪谷文化センター,→「雪谷文化センター」下車 徒歩5分,https://www.metro.ed.jp/yukigaya-h/access/access.html
401240,雪谷,大森,bus,,,,,JR京浜東北線「大森」駅から東急バス「洗足池行（森05系統）」,https://www.metro.ed.jp/yukigaya-h/access/access.html
401240,雪谷,久が原,bus,,7,,久が原出世観音,→「久が原出世観音」下車 徒歩7分,https://www.metro.ed.jp/yukigaya-h/access/access.html
