school_number,name,motto,spirit,source_url
405210,足立,育てたい資質・能力 ／ 自ら行動する力、文武両道を実践する力、創造する力の育成 ／ 様々な場面で主体性を発揮する社会のリーダーとなる素養の育成 ／ 意欲的な学習と積極的な部活動･学校行事を両立する自立心とタイムマネジメント能力の育成,裏を返すと、こんな学校です、が見えてきます。足立高校は自主自律を重んじる、都立高校の古い気風を残しています。たとえば、むやみに土曜授業を実施せず、希望する生徒向けに土日講習を開講して学力向上を目指しています。足立高校は定時制を併置しています。生徒は原則として夕方5時には下校するので、部活動を楽しんだ後、自学自習の時間を十分に確保できます。足立高校は足立区在住の生徒が多数派（約70％）で、まさに地元御用達（古い言い回しですが）です。だからと言って、他の地域出身の生徒が肩身の狭い思いをしているという状況では全くなく、和気あいあいとした、しかし落ち着いた雰囲気で満たされています。足立高校1学年は、気持ちは中学４年生という、安心できる学習環境で始まります。,https://www.metro.ed.jp/adachi-h/our_school/education.html
405250,足立東,また、エンカレッジスクールのフロンティア校として、特色ある教育課程を展開しています。 ／ 教員インタビュー ／ スクールミッションと３つのポリシー ／ スクールミッションと3つのポリシー(614KB),「元気、本気、やる気の足立東高校」をスローガンとして、基礎・基本を身に付けて生徒自らが積極的に知性と感性を磨き、将来、社会貢献に寄与する人間性豊かな生徒を育成します。教職員全体が教育目標の達成と生徒一人一人への指導育成に向けて、それぞれの力量を最大限に発揮した教育を実践し、「厳しく教え、優しく育てる」ことを基盤として新しい時代における本校のあり方を追求し、生徒や保護者、都民からより一層信頼される魅力ある学校づくりを目指しています。,https://www.metro.ed.jp/adachihigashi-h/our_school/education.html
405730,足立工科,『4つのコースで夢をつかもう!!』 ／ 学校のグランドデザイン ／ グランドデザインPDF(197KB) ／ スクールポリシー,総合技術科は、1年生で工業の共通する専門的な基礎科目を学び、実験・実習の体験をとおして、専門分野に関する興味・関心を深めることができる。また、自己の適性と可能性を知ることで4つの専門分野（機械・電気システム・制御システム・情報コミュニケーション）を選択し、より専門的な知識や技能を深め、地域や社会で活躍できる技術者になることができる。,https://www.metro.ed.jp/adachikoka-h/our_school/education.html
405240,足立西,自ら学習に励み、生得の才能を伸ばし、高い矜持をもつ ／ 2 Work Together ／ 自他を尊重し、他者と協働して高め合い、新たな価値を創造する ／ 3 Challenge Globally,社会の有為な形成者として、人権尊重の精神に基づき、国際社会において平和と文化の進展に寄与する資質を養うことを目指して、自己と他者の良さを協働的に生かしながら、地域社会に貢献し様々な社会変化に積極的に対応する生徒を育成します。,https://www.metro.ed.jp/adachinishi-h/our_school/education.html
405270,足立新田,基礎学力を充実して自ら求めて学ぶ学習習慣を身につけ、知性の開発を目指す。 ／ 豊かな情操を育て、真・善・美へのあこがれと実践力を身につけ、感動する素直な心を大切にする。 ／ 健やかな心身を鍛え、困難にうちかつ体力と意志の力を身につけ、気力の,本校の生活指導統一基準を基に、基本的な生活習慣を全教職員で指導し定着させることで集団生活の規律を遵守させ、規範意識を高める。,https://www.metro.ed.jp/adachishinden-h/our_school/education.html
404910,赤羽北桜,本校における教育理念を次の3つに整理する。 ／ 高い志と豊かな人間性 ／ 専門分野への興味・関心の喚起とプロ意識の涵養 ／ 体験的・実践的な教育,家庭分野・福祉分野のエキスパートとして社会で貢献出来る人材を育成する。そのためのコンセプトは、次の3つである。,https://www.metro.ed.jp/akabanehokuo-h/our_school/education.html
408240,秋留台,何事も真剣に取り組み、努力を怠らず、思いやりの心を発揮できる人間を育成する。 ／ 教育課程表(182KB) ／ 教科指導の重点 ／ 令和8年度教科指導の重点(174KB),何事も真剣に取り組み、努力を怠らず、思いやりの心を発揮できる人間を育成する。,https://www.metro.ed.jp/akirudai-h/our_school/education.html
405260,青井,学んだ知識を有効に活用して、自ら考えて行動する人間。（自主・自律） ／ 相手の気持ちを理解できる優しさや思いやりのある、感性豊かな人間。（慈愛の心） ／ コツコツ努力する生徒が多く、キャリア教育に自信があります。 ／ 「時を守り、場を清め、,しかし、高校３年間や、大学・専門学校での数年間の学生生活を終えて社会人になったときに必要とされる力は他にもあります。例えば、「遅刻・欠席をしない」「ルール・マナーを守る」「向上心・協調性をもって行動できる」「思いやりをもつ」などです。そのような能力を少しずつ青井高校で身につけてほしいです。,https://www.metro.ed.jp/aoi-h/our_school/education.html
402070,青山,高きを求めることの大切さを明確に示し、意欲を喚起し続け、強い意志を形成します。 ／ キャリアガイダンスとともに、教育相談体制を整備し、生徒の心身の悩みに積極的に応じます。 ／ 全ての教育活動において、自他の生命を尊重する態度、安全の確保・事,基礎学力の充実・向上を図るとともに、個々の能力を伸ばし、生徒にとって最善の進路実現を目指す個人指導を心がけます。 計画的に進路指導を行うために、進路相談・指導体制を充実させ、自己の進路についての目的意識を確立させ、自覚を促します。,https://www.metro.ed.jp/aoyama-h/our_school/education.html
405720,荒川工科,２.学校の教育目標を達成するための基本方針 ／ （１）検定・資格取得の指導を行い、社会の変化に対応できる実践的な技術を習得させる。 ／ （２）生徒の学力と実態に即したきめ細い個別指導を基本に基礎学力の向上を図る。 ／ （３）生徒による授業評,（１）基本的な生活習慣の育成に努め、挨拶、頭髪、遅刻指導などを徹底し、規範意識の向上を図る。,https://www.metro.ed.jp/arakawakoka-h/our_school/education.html
405520,浅草,他人を思いやり、使命感を持って、積極的に社会に貢献できる人間を育成する。 ／ 生涯を通して、健康で活力のある生活を送るための基礎となる健やかな心と身体をつくる。 ／ （2）学校の教育目標を達成するための基本方針 ／ 基礎・基本の重視,丁寧で考えさせる生活指導を充実し、基本的な生活習慣やマナーを身につけさせ、規範意識を醸成する。,https://www.metro.ed.jp/asakusa-he/our_school/education.html
404510,飛鳥,２ 教育目標 ／ 国際社会ですこやかにたくましく生き抜く基礎・基本を培う。 ／ 個性や特性を大きく伸ばし豊かな創造力を養う。 ／ 社会に貢献できる能力・態度を育てる。,「国際社会で健やかにたくましく生き抜く力」「個性や特性を大きく伸ばす豊かな創造力」「社会に貢献できる能力・態度」の育成を教育目標とする単位制普通科高校です。国際理解教育、演劇コンクール、日本の伝統文化や多言語等授業といった特色ある教育活動を通じて、幅広い教養を身に付け、主体的にかつグローバルに活躍する生徒を育成します。,https://www.metro.ed.jp/asuka-h/our_school/education.html
404050,文京,学校のグランドデザイン ／ グランドデザイン PDF(159KB) ／ グランドデザイン(概念図)PDF(959KB) ／ スクール・ミッション,「至誠一貫」の校訓のもと、東京都教育委員会の目標に基づき、知・徳・体の調和のとれた教育を行い、生徒の個性や能力を磨き、生徒が自らの進路や在り方生き方について自己実現を図れるよう支援し、もって、自立し、志を立て、使命感をもった、社会に有為な人材を育成する。,https://www.metro.ed.jp/bunkyo-h/our_school/education.html
404640,千早,異文化への理解をはぐくみ、国際社会の一員として社会に貢献する精神を養う。 ／ 個性と創造力豊かな人間性をはぐくむとともに、異なる考え方を認め、他を尊敬する心を養う。 ／ 1．国際理解のために使える英語を楽しく学ぶ ／ 2．コンピュータを駆使,情報は受け取るだけのものではありません。情報をつくること、発信することを大切にします。 今や、コンピュータを使うこと、インターネットを利用することは必須条件です。 本校では、アプリケーションソフトの操作から始まり、ネットワークやマルチメディアなど、幅広い知識と技術の習得に向かい学習を重ねていきます。,https://www.metro.ed.jp/chihaya-h/our_school/education.html
402250,千歳丘,「高志」「自律」「信頼」を校訓として定め、生徒の自己実現を図るために次の教育目標を定める。 ／ 目標を高く掲げ、自ら学び考え行動し、夢を実現する、個性と創造力豊かな人間を育成する。 ／ 規範意識を持ち、よりよい生き方を求めて進んで実行する、,組織的かつきめ細かい生活指導を通じて、基本的な生活習慣や社会規範を身につけさせる。,https://www.metro.ed.jp/chitosegaoka-h/our_school/education.html
410030,調布北,グッドトライ ／ 校長インタビュー ／ 校長 上野 勝敏 ／ 令和8年度_教育課程表(189KB),特に、これから皆さんが社会の担い手となったとき、未知の課題や正解がない、答えがあっても一つとは限らない問いに、何らかの答えを見い出していかねばなりません。生徒一人ひとりが自分の可能性を信じて、さまざまな課題の解決に向かい、決断し実行していく力を粘り強くしっかりと身につけてほしい、仲間とともに知恵を出し合い、協働しながら挑戦していくことの勇気を身につけてほしい。,https://www.metro.ed.jp/chofukita-h/our_school/education.html
410040,調布南,【校訓】 至誠 創造 力行 ／ 【教育目標】 1 明朗にして、心豊かな人間を育てる。 ／ 2 知性ある、想像力豊かな人間を育てる。 ／ 3 自主性のある、個性豊かな人間を育てる。,本校は、3つの校訓に基づく資質・能力の育成を目指します。具体的には、「至誠」（生きる力・態度の育成）に基づく「協働力」「コミュニケーション能力」「多様性・他者理解力」、「創造」（思考力・判断力・表現力の育成）に基づく「発想力」「主体性」「論理的思考力」、「力行」（基礎的な知識・技能の習得）に基づく「基礎的な学力」「実践力」「課題解決力」を生徒に身に付けさせます。,https://www.metro.ed.jp/chofuminami-h/our_school/education.html
402620,第一商業,【学習指導】学習習慣の定着 ／ 【生活指導】規範意識の育成 ／ 【進路指導】進路希望の実現 ／ 【特別活動】社会人としての素養の醸成,本校は、人間尊重の精神を基調とし、民主的・文化的な国家及び社会の形成者として、また国際社会の一員として、その発展に寄与する産業人を育成することを目標とする。,https://www.metro.ed.jp/daiichishogyo-h/our_school/education.html
406250,江戸川,１ スクール・ミッション ／ ２ 教育目標 ／ 合理性、積極性、自主性、協調性の4資質を備えた人格陶冶のため、以下を目標とする ／ キャリア教育の視点に立ち、自ら目標を設定し、振り返りながら計画的に行動できる人物を育成する。,主体的な問題解決、計画的な行動、高い規範意識と自他尊重、総合知をもって学びを人生に生かすことができる人物の育成を教育目標とし、進学と部活動の両立や活発な学校行事と自然体験合宿などの体験活動を通して、合理性、積極性、自主性、協調性の４資質を備え、学びを自分と世界の幸福にいかせる生徒を育成します。,https://www.metro.ed.jp/edogawa-h/our_school/education.html
402810,園芸,互いの人格を尊重し、思いやりをもって行動する態度を養う。 ／ 伝統・文化を尊重し、その継承と新しい文化の創造に貢献しうる能力や態度を養う。 ／ 生命を尊び、自然を大切にし、環境の保全に寄与する態度を養う。 ／ 基盤教育と専門教育の改善充実お,幅広い知識と教養、農業に関する専門技能、科学的態度を身につけ、自ら考え行動する態度を養う。 自立及び自律の精神を培うとともに、勤労を重んじ主体的に社会の発展に寄与する態度と健やかな身体を養う。,https://www.metro.ed.jp/engei-h/our_school/education.html
405230,淵江,知性の向上に努め、健全で情緒及び個性豊かな人間を育成する。 ／ 責任を持って意欲的に困難を克服しようとする人間を育成する。 ／ （２）学校の教育目標を達成するための基本方針 ／ 基本的生活習慣の確立を目指し、豊かな心、強い意志と健やかな身体,平成28年度から30年度にかけて、本校はアクティブ・ラーニング推進校として、生徒が主体的・対話的で深い学びを体験できる授業づくりを研究しました。その成果として、現在も指導方法の工夫が進んでおります。特にICT機器は多くの授業で活用されており、黒板だけでなく、スライドや電子ペンなどのデジタル機器を活用して授業を行っております。そのほか、課題提出や学習支援にオンライン学習システムを活用している授業もあります。,https://www.metro.ed.jp/fuchie-h/our_school/education.html
410210,府中,どこまでも同じ一つの目標を見据え、たゆまず努力を続けるという心構え。 ／ 府中高校の基本となる考え方です。 ／ 至誠の心にみちた生徒を育てる。 ／ 心身ともに健康的な生徒を育てる。,本校は歴史が古く昭和36年4月1日に創立した学校です。府中市の銘木100選の1つに選ばれた赤松をはじめとした、さまざまな木々が生い茂る自然豊かな環境です。林の中では野鳥が飛び交うなど、東京都の高校の中では際立って豊かな自然を残しています。,https://www.metro.ed.jp/fuchu-h/our_school/education.html
410220,府中東,自他を尊重する精神と、生命を大切にし、自然を愛する豊かな心を培う。 ／ スクール・ミッション ／ 「文武不岐」を目指し、自ら学び、自ら鍛え、たくましく生きる力、及び豊か ／ な人間性と発想力・創造力・実行力、社会の変化に左右されない人間力を,アクティブ・ラーニング型授業を推進し、生徒の主体的な学びをとおして大学入学共通テストにも対応できる学力の養成を図るとともに、漢字検定の全員受験や、英語検定に積極的にチャレンジさせるなど、基礎学力の徹底に取り組む。生徒の資質や能力に応じた多様な進路希望を実現できるよう教育課程を編成し実施する。,https://www.metro.ed.jp/fuchuhigashi-h/our_school/education.html
410710,府中工科,② 互いの人格と個性を尊重する豊かな人間性と規範意識を持った人間を育成する。 ／ ③ ものづくりを通して工科の技術・技能を身に付け、広く社会に貢献できる人間を育成する。 ／ スクールミッション ／ スクールポリシー,本校は、就職を中心とした生徒の進路実現を図るため、学習指導、生活指導、進路指導を一体的にとらえ、自信をもって社会に出て活躍できる人材を育成します。,https://www.metro.ed.jp/fuchukoka-h/our_school/education.html
410230,府中西,自他を敬愛し、向上し合う心と人権尊重の精神を育てる。 ／ 奉仕体験やボランティア活動を通して社会に貢献し、豊かな創造性と人間性を培う。 ／ 生活指導を通じて、思いやりの心と規範意識及び自律の精神を育成する。 ／ 学校行事・部活動及びホームル,本校の教育目標は『人間愛』『自由』『責任』とし、“自他ともに大切にすることができ、自己決定できる人間の育成”を掲げています。創立以来、脈々と続いている府中西魂です。これをもとに、本校では下記基本方針で指導を行っています。,https://www.metro.ed.jp/fuchunishi-h/our_school/education.html
403020,富士,「品性を養い、感性を磨く」 ／ 「自ら判断し挑戦する精神を高める」 ／ 育成する生徒像 ／ グランドデザイン,【自主自律】【文武両道】の精神の下、6年間一貫した探究活動を中心としたカリキュラムを通じて、富士山の裾野のような幅広い教養と高度な理数的解決力を身に付けさせることで課題解決力を育成し、この課題解決力を活用して、新しい価値観と既存の価値観を調和させ、社会の課題を解決するために自己の限界（高嶺）に挑戦できる人間「富士山型の人間」を育成する。,https://www.metro.ed.jp/fuji-s/our_school/education.html
407020,富士森,【 教育目標 】 --> ／ １. スクール・ミッション ／ ２. 教育目標 ／ （３）生徒一人一人の豊かな個性を伸ばし、生涯にわたって学び続ける意欲と態度を育成する。,（１）基本的な生活習慣の確立を図る。遅刻防止、頭髪・服装指導等を組織的に行い、授業規律や生活規律の確立を図る。また教室や階段の清掃の徹底等など、良好な学習環境・生活環境を確保する。,https://www.metro.ed.jp/fujimori-h/our_school/education.html
406210,深川,２．合理的であること ／ ３．積極的であること ／ ４．協調的であること ／ 教育課程（カリキュラム）の特徴,③理系の生徒は、２年生で化学を学び、３年生で理科の２つめの科目を学ぶことができます。 ①英語で話す力・書く力を伸ばすための科目があります。（1クラス20人の少人数授業）,https://www.metro.ed.jp/fukagawa-h/our_school/education.html
402270,深沢,スクール・ポリシー ／ グラデュエーション・ポリシー 【生徒育成方針】 ／ アドミッション・ポリシー 【生徒募集方針】 ／ ・本校の教育の特色を理解し、学習活動として取り組むことができる生徒,建学の精神である「清純・明朗・強健」の校訓の下、多様な人との対話や協働をしながら、自ら課題を発見し、問いを立て、創造的な解を模索する力を身に付け、時代の変化や持続可能な社会に対応し、学び続ける人材を育成します。,https://www.metro.ed.jp/fukasawa-h/our_school/education.html
408230,福生,日本国憲法と教育基本法の精神にのっとり、次の目標を掲げて教育を推進する。 ／ 清純な心身を育て、実践力を豊かにする。 ／ 友愛の精神を培い、個性を伸ばす。 ／ 誠実な態度を養い、知性を高める。,規律ある学校生活を基本として、人権尊重の精神、社会規範意識を培い、社会に貢献できる能力、態度を育成する。,https://www.metro.ed.jp/fussa-h/our_school/education.html
413010,八丈,八丈島で唯一の高等学校として、島民の多用なニーズに対応した教育環境を構築する。 ／ （2）学校の教育目標を達成するための基本方針 ／ 他者を尊重し、生命を大切にする教育実践に努める。 ／ 生徒一人一人の進路実現に努める。,地域との協働による高等学校教育改革推進事業研究指定校、島しょICT活用事業モデル校、学力向上研究校、オリンピックパラリンピック教育文化プログラム学校連携事業実施校、安全教育推進校、東京大学教養学部インターネット配信講座協定校として事業を行う。,https://www.metro.ed.jp/hachijo-h/our_school/education.html
407040,八王子東,公立高校の中でも高い進学率を誇る ／ 詳しくはこちら ／ 学校に軸足を置いたキャリア教育 ／ 詳しくはこちら,"国公立大学進学実績が高い進学指導重点校であり、都からGE-NET20指定校・海外学校間交流推進校・理数研究校などの指定を受けており、生徒の""高い志""を実現させる指導を行っています。",https://www.metro.ed.jp/hachiojihigashi-h/our_school/feature.html
407050,八王子北,八王子北高校の「３つのポリシー」 ／ 【アドミッション・ポリシー】 ／ （本校では、次の項目に当てはまる生徒の入学を期待しています） ／ ① 学習成績が良好で評定の高い教科をもち、進路実現に向けて努力できる生徒。,ハチ北の先生は，みんな熱心です。一人ひとりのことを考えながら、ハチ北生の指導にあたっています。学校では、いろいろな事件が起こりますが、チームワークで解決しながら、毎日を過ごしています。,https://www.metro.ed.jp/hachiojikita-h/our_school/education.html
407520,八王子拓真,グランドデザイン ／ グランドデザインPDF(144KB) ／ 令和7年度 教育課程PDF(2MB) ／ 年間授業計画,人間尊重の精神に基づいた豊かな心をもち、進んで社会の発展に貢献できる人間の育成を目指して、 次の教育目標により都民に信頼される教育を推進する。 社会的に自立できる力を身に付ける経験を通じて、将来への希望を持ち、さらなる成長への意欲を持って生きていく。,https://www.metro.ed.jp/hachiojitakushin-he/our_school/education.html
408050,拝島,進路指導重点主義 ／ すべての生徒の学力向上 ／ 先生からのメッセージ ／ 拝島高校では落ち着いた雰囲気で授業が行われています。,希望進路実現のために、学習指導、生活指導、進路指導等すべての教育活動において、生徒が将来社会で活躍できるよう、社会人基礎力を育むことを最も重視します。,https://www.metro.ed.jp/haijima-h/our_school/education.html
405040,白鴎,・いかなる苦難にも耐えて自己の人生を切り開いていく力 ／ ・社会の進展に寄与する旺盛な意欲 ／ を持つ、社会でリーダーとして活躍できる、チャレンジ精神溢れる生徒の育成を目指しています。 ／ グランドデザイン,本校は、明治21年に創立された都立白鷗高等学校を母体とする、都内初の公立中高一貫教育校です。本校の教育理念「開拓精神」のもと、 を持つ、社会でリーダーとして活躍できる、チャレンジ精神溢れる生徒の育成を目指しています。,https://www.metro.ed.jp/hakuo-h/our_school/education.html
408250,羽村,スクール・ミッション ／ 「自立」した社会の一員として、基礎基本の定着を図り、個人の成長を目指す。 ／ 地域の課題に関心をもち、地域社会で「貢献」する人材を育成する。 ／ 高い志と基礎を固め、自らの限界に挑み「飛躍」するためのチャレンジ精神,「自立」「貢献」「飛躍」を教育目標の中に位置付け、保護者及び地域社会と連携し、地域に根付き、地域から愛され信頼される学校づくりを推進します。自尊感情を高めながら、知、徳、体とバランスの取れた教育を目指すとともに、社会の一員として国際社会に活躍する人材を育成します。,https://www.metro.ed.jp/hamura-h/our_school/education.html
405410,晴海総合,本校の教育方針 ／ 「生徒の良さや可能性を伸ばす」 ／ すべての教育活動を通して、生徒の良さや可能性を発見し、それを育てていく。 ／ 「生徒の迷いや悩みに応える」,本校は、総合学科高等学校の教育の特色、東京都における総合学科高等学校の設置の背景や目的・趣旨をふまえて、「生徒一人ひとりの個性を大切にした教育」「生徒一人ひとりの違いを大切にした教育」の展開を求めた学校であり、以下に示した3点を教育活動の基本姿勢とする。,https://www.metro.ed.jp/harumisogo-h/our_school/education.html
401020,日比谷,自律的で個性豊かな、しかも調和のとれた人格を確立し、進んでものごとを実行していく態度を養う。 ／ ２ 学習と教養 ／ ３ 責任と協調 ／ 学校組織の一員として自己の責任を果たすとともに、互いの立場を考え、協力していく態度を養う。,自主的・自発的な学習活動と特別活動を通して知性と情操を磨き、将来社会の有為な形成者となるための豊かな教養を身につける。 清潔で健康な生活を心がけるとともに、進んで心身を鍛え、困難にあってもくじけない強い気力を養う。,https://www.metro.ed.jp/hibiya-h/our_school/education.html
406220,東,・高い目標にチャレンジする力を育成すること ／ ・思いやりの心と規範意識を身に付け、社会貢献の精神を涵養すること ／ ・豊かな人間性や個性と創造力を伸長すること ／ スクール・ミッション、スクール・ポリシー,・高い学力と幅広い教養を身に付け、健やかな身体を養うこと　・高い目標にチャレンジする力を育成すること　・思いやりの心と規範意識を身に付け、社会貢献の精神を涵養すること　・豊かな人間性や個性と創造力を伸長すること,https://www.metro.ed.jp/higashi-h/our_school/education.html
409410,東久留米総合,「学んで判断力を培え」 ／ 遍く友愛の心を拡げるために ／ 「学んで想像力を伸ばせ」 ／ 自身を豊かに意味づけるために,② 社会のルールやマナー及び本校の生活指導方針を理解し実践できる規範意識の高い生徒,https://www.metro.ed.jp/higashikurumesogo-h/our_school/education.html
409230,東村山,「愛と創造」 ／ (2)学校の教育目標を達成するための基本方針 ／ 体力を向上させ、不断に学力の研鑽に励む意志と自由の精神及び豊かな教養を身に付けさせる。 ／ キャリア教育を通して、努力して創造することの喜びを体験させ、勤労を尊ぶ精神を養う,⑤「生活指導の徹底」により、健全で安心して通える学校作り、防災意識の徹底を図る。,https://www.metro.ed.jp/higashimurayama-h/our_school/education.html
409280,東村山西,自らの将来を切り拓く ／ 行動に責任を持つ ／ 心豊かに、他者と協働する ／ ＜教育目標の考え方＞,そのため、基礎学力を養うことに力を入れた授業を基本としています。特に、一人ひとりの学習内容の習得状況に応じた細かい指導が必要となる数学においては習熟度別クラスによる授業を、実践的な内容を扱う国語や英語・家庭科においては少人数クラスによる授業を行っています。各学年の英語コミュニ ケーションでは、外国人講師とともに授業を行います。,https://www.metro.ed.jp/higashimurayamanishi-h/our_school/education.html
408060,東大和,～勉強・部活・行事～ ／ 授業を大切に、基礎学力を確かなものにする ／ スポーツを通して人間力を高める ／ 生徒の資質・能力の伸長を図る,1年生は全員が加入することになっています。男女ハンドボール部、陸上競技部、男女テニス部、サッカー部、硬式野球部、吹奏楽部、和太鼓部等27の部活動があり、どの部も活発に活動しています。令和５年度は、関東大会に男子ハンドボール部、陸上競技部（23年連続）が出場、吹奏楽部が東日本大会に出場し、輝かしい活躍をしています。,https://www.metro.ed.jp/higashiyamato-h/our_school/feature.html
408090,東大和南,先生からのメッセージ ／ 大きく成長するタイミングでもある高校時代を、ミナミで頑張ってみませんか？ ／ 本校のシンボルツリー、3本の楠はいつも皆さんを待ってます。 ／ グランドデザイン,校は「克己・友愛・創造」の教育目標のもと、「授業で勝負」「教養で勝負」「部活で勝負」をモットーに、日々の教育活動を行っています。真剣な姿勢で授業を受ける生徒、仲間との語らいの中で得られる多くの知識、目標に向かって真剣に取り組む部活動と、本校の生徒は、多くの可能性を秘めながら高校生活を送っています。,https://www.metro.ed.jp/higashiyamatominami-h/our_school/education.html
403250,光丘,学校のグランドデザイン ／ グランドデザイン(139KB) ／ 光丘スクール・ポリシー ／ スクール・ポリシー(73KB),光丘高校の教育目標は信愛・気魄・創造の三つです。この三つの言葉一つ一つに、学校生活三年間を通して、このような力を身に付けて欲しいという思いが込められています。信愛は人間尊重を心がけ、常に誠意をもって人に接し、人から信じられ愛される人間となること。気魄はなにごとにも責任をもってやりとげる気概と忍耐力を養うこと。創造は広い視野にたって、常に新しいものを創りだすように努力すること。光丘高校はこれらのことを意識して日々の指導に取り組んでいます。,https://www.metro.ed.jp/hikarigaoka-h/our_school/education.html
407080,日野,●自主・協調の精神を養う ／ ●知性を高め、体力の向上を図る ／ ●豊かな心を培う ／ 以上の点に留意して、豊かな個性とすぐれた人格、心身ともに健康な人間の育成を目指す教育を行う。,本校に興味を持っていただきありがとうございます。本校は自然に恵まれた環境のなか、運動系・文化系ともに部活動を楽しみつつ、自分の将来を見据えて３年間しっかり学習することで、生徒自身の進路実現を目指していく学校です。また「日野高DX」というテーマのもと、新校舎とともに迎え入れた最新機器を活用した探究的な学びを目指して取組を進めております。,https://www.metro.ed.jp/hino-h/our_school/education.html
407090,日野台,叡 知 情 操 健 康 ／ (2) 学校の教育目標を達成するための基本方針 ／ 深い知性と創造力を育成する。 ／ 自由の精神をもって思索し、知性を磨くと共に、探究的な活動に専念させる。,知力・徳力・体力のバランスの取れた教育の充実を図る。具体的には次の５つの資質・能力「①基礎・基本の定着②自律的な学び③探究する態度④文武両道⑤規範意識」を育成し「挑戦する心」と「実行する態度」を持つ生徒」に育てる。これによって、より高い進路目標の実現に向け、学習と学校行事・部活動を、高い次元で両立できる文武両道を目指す。学習においては、自分の目標とする難関大学等を目指す。,https://www.metro.ed.jp/hinodai-h/our_school/education.html
401010,一橋,《“自ら学ぶ”を支援する通信制高校》 ／ 多様な背景や環境にある生徒の課題を分析し、個別の生徒指導や学習支援を工夫して展開している。 ／ 単位修得までの流れ ／ 自宅での学習を基本に、自分で計画を立てて学ぶ「自学自習」の課程です。,生徒の多様な悩みに対応し、進路や将来を意識させるための相談体制を、スクールカウンセラーやユースソーシャルワーカー等を活用して構築するとともに、学び直し指導を大学生や地域のＮＰＯと連携するなど外部の専門家を教育活動に参加させ「チーム一橋通信制」を確立する。,https://www.metro.ed.jp/hitotsubashi-hc/our_school/feature.html
406030,本所,豊かな人間性の育成 ／ 秩序ある学校生活を送ることを通し、思いやりの心と規範意識を培い、徳性を育てる。 ／ 次代を担う力の育成 ／ 目標達成への努力を通して、探究心を涵養し、創造性を高め、自ら学び自ら考える力を育成する。,本校は“ICT等を利活用した学び”と“人に直接関る学び”で上記の教育目標の達成を目指してまいります。来るべき時代を見据え、AIが活用される社会で生きるために必要な教育を、ICT教育、学校のDX化、学校行事と部活動等の充実で目指します。,https://www.metro.ed.jp/honjo-h/our_school/education.html
406720,本所工科,科学技術教育を通して、常に創意工夫への情熱をもち創造力あふれる人材を育成する。 ／ 人権尊重の精神を養い、思いやりと社会貢献の精神をもった人材を育成する。 ／ グランドデザイン ／ グランドデザイン(186KB),憲法及び教育基本法の精神に基づき、人格の完成をめざし、機械、電気、電子の有能な技術者を育成することを目的として、次の事項の達成につとめる。 自ら学び・考え、主体的に判断できる力を養い、個性豊かで責任感のある人材を育成する。,https://www.metro.ed.jp/honjokoka-he/our_school/education.html
409040,保谷,保健体育科 主幹教諭 髙田 美智子 ／ みなさんこんにちは。 ／ 学校のグランドデザイン ／ 東京都立保谷高等学校グランドデザイン(791KB),学校行事の体育祭、球技大会では、実行委員が中心となり学年という枠を超えての戦いもあり、毎年成功をおさめています。文化祭では、3年生の演劇をはじめ、1．2年生の出し物も近隣の小学生たちでにぎわい、とても好評で毎年楽しみにしてくれています。近隣の小学生が足を運びやすい学校ということです。まさに、安心して、安全に通える保谷高校です。そんな保谷高校で無限の可能性を発見し、無限の力を発揮しましょう。,https://www.metro.ed.jp/hoya-h/our_school/education.html
403220,井草,"責任を重んじて自主的に行動し、勤労を尊ぶ健全な精神を育成する。 ／ 礼儀を正しくし、気品に富む明朗な生き方を学ばせる。 ／ 人権を尊重し、協力して社会の発展に貢献する人材を育成する。 ／ 令和6,7年度入学生教育課程表 (206.2KB)",真理を探究し、問題を自ら解決する態度を培う。　責任を重んじて自主的に行動し、勤労を尊ぶ健全な精神を育成する。　人権を尊重し、協力して社会の発展に貢献する人材を育成する。,https://www.metro.ed.jp/igusa-h/our_school/education.html
404220,板橋,この3年間を未来につなぐ ／ 板橋高等学校 創立100年 さらにその先へ ／ すべての校舎・施設が完成しました! ／ ２０１８年新校舎完成が完成しました。全館LEDで、教室・体育館に冷暖房完備。,大多数の生徒が上級学校への進学を希望する現状を踏まえ、基礎的な学力を身に付け、発展的な問題にも対応できる力を つける様々な指導を行っています。学習計画をたてるために、 全員に年2回の学力テスト、大学進学希望者向けの模試を実 施しています。夏休みには学習合宿(1、2年)、夏期講習(1 ~3年)を実施し、より集中して課題に取り組むことで、高い目標に向かって努力する力を養います。また、今年度は土曜日 の午前中に進学希望者向けの講習を行っています。,https://www.metro.ed.jp/itabashi-h/our_school/feature.html
404520,板橋有徳,品位と教養を高める。 ／ 新しい価値を生みだす自由の精神を養う。 ／ 国際社会で活躍できる知徳体の能力を、バランスよく伸長する。 ／ （1）目指す学校像,規律ある学校生活を通し、「自由と規律」の教育理念を実現するため、以下の目標を掲げる。,https://www.metro.ed.jp/itabashiyutoku-h/our_school/education.html
410020,神代,１．学校行事や部活動・生徒会活動を重視 ／ ２．「責任を伴う自由」の伝統 ／ ３．志望大学への合格を支援 ／ 学校のグランドデザイン,本校は制服ではなく標準服を採用するなど、他校と比べ、高校生活のルールも少なくなっています。様々な活動の場面を通じて、ルールで縛られなくても、マナーを守り、周囲への気づかいを忘れずに、正しく判断し行動できる、人間性・社会性豊かな生徒の育成を目指しています。,https://www.metro.ed.jp/jindai-h/our_school/education.html
408510,上水,生徒一人一人の個性を伸ばし、自らの進路に向けた意欲を育て、自己実現を図る ／ 教務担当教諭メッセージ ／ 概要（全日制普通科単位制高校） ／ 上水の単位制,単位制とは、学年ごとではなく、高校3年間で卒業に必要な単位を修得する学習制度です。本校では、普通科の科目を中心に多様な選択科目を学びます。生徒は各クラスに所属し、共通科目を学び、学校行事に参加します。朝のSHRから放課後の部活動まで、学年制の学校と変わらない学校生活を送ります。,https://www.metro.ed.jp/josui-h/our_school/education.html
406230,城東,「自律」：個性を伸ばし自主自律の精神を養う。 ／ 「友愛」：友情を育て協調心を培う。 ／ 「実践」：心身を鍛え旺盛な実践力を養う。 ／ （2）学校の教育目標を達成するための基本方針,学習指導、生活指導、進路指導及び特別活動の充実を図り、生徒の適性や能力を伸長する。,https://www.metro.ed.jp/joto-h/our_school/education.html
401290,蒲田,公民科、教務部、淺川貴広 ／ スクール・ポリシー ／ スクール・ポリシー(650KB) ／ 東京都立蒲田高等学校教育課程表(487KB),本校は、平成19年度より東京都教育委員会指定「エンカレッジスクール」として、“集い・鍛え・伸ばす ～学び直しで君の未来を変えよう～”を教育目標としています。これは本校が、“中学校までの学び直し”をコンセプトに、力を発揮できずにいる生徒が社会生活を送る上で必要な基礎的・基本的な学力を身に付けることを目標としているためです。社会に出てから役に立つことを学んでいきたい、基本的な勉強から、もう一度しっかりやり直したいといったような生徒の思いを応援し、励ます（encourage）のが本校の教育活動における特徴です。,https://www.metro.ed.jp/kamata-h/our_school/education.html
406760,葛西工科,令和８年度 年間行事計画 ／ 学校のグランドデザイン ／ グランドデザイン(158KB) ／ 教科指導の重点,令和８年度 年間行事計画　科学と人間生活演習（選）,https://www.metro.ed.jp/kasaikoka-h/our_school/education.html
406270,葛西南,○ 自主：自ら判断し、律して行動する ／ ○ 創造：豊かな創造力で未来を拓く ／ ○ 連帯：愛と責任をはぐくむ ／ スクールポリシー,本校は、主体的に行動し、社会に貢献できる若者の育成を目指して、基礎学力と規範意識の定着を重視している学校です。幅広い進路選択に対応できる充実したカリキュラムを用意し、きめ細かな進路指導を実施しています。また、行事や部活動も、広大な敷地や恵まれた施設・設備を利用して活発に行われています。本校では以下のような生徒を期待します。,https://www.metro.ed.jp/kasaiminami-h/our_school/education.html
407030,片倉,本校は普通科・普通科造形美術コースを有する学校として創立50 年を迎えます。 ／ 将来の可能性を切り開く意欲を持って入学した生徒は、豊かな自然に囲まれた環境で ／ 本校の特色あふれた教育活動に取り組んでいます。 ／ 友と学ぶ中で、さらに成長,本校は普通科・普通科造形美術コースを有する学校として創立50 年を迎えます。 友と学ぶ中で、さらに成長した自分を創り、明日を拓いていく力を身につけられるよう、,https://www.metro.ed.jp/katakura-h/our_school/education.html
406040,葛飾野,（2）学校の教育目標を達成するための基本方針 ／ キャリア教育計画に基づき、自らの意思で進路を決定していくことができる能力と態度を育成する。 ／ 先生からのメッセージ ／ 学校のグランドデザイン,権を尊重し、思いやりのある心豊かな情操を育むために、互いの人格を尊重し、思いやりと規範意識をもてるよう社会体験や自然体験、交流活動などの学習機会の充実を図る。 一人一人の生徒が、自ら考え行動し、生き生きとした学校生活を送れるよう、少人数・習熟度別学習やプロジェクト学習等における学習指導の工夫、学校行事の設定、特別活動の充実を図る。,https://www.metro.ed.jp/katsushikano-h/our_school/education.html
406420,葛飾総合,社会の変化に主体的に対応し、時代を切り拓いてゆく豊かな創造性と個性を持つ生徒 ／ 自らの在り方生き方を考え、明確な目的意識をもって意欲的に挑戦する生徒 ／ 思いやりのある心と規範意識を身につけ、高い知性をもつ社会に貢献できる生徒 ／ の育成,自分の強みとなる専門性向上のための探究活動の場を数多く設置しています。生徒たちは、3年間で自己理解を深めながら職業人インタビューや調査研究に取り組み、「夢を創り、夢を育て、夢をつなぐ」学習活動を実践しています。放課後や土曜日、長期休業中には講習を実施して、生徒ひとりひとりの可能性を拡げ「希望進路の実現に向けた指導」を行っております。進学指導においては、大学合格が最終目的ではなく、専門学校や大学を卒業した後の自分のあるべき姿をしっかりと捉えさせる指導をしています。ここ数年で国公立大学や有名私立大学に進学する生徒数が増えていますが、合格者数はあくまでも結果であると考えています。これまでの卒業生は、一般的な文系理系の学部への進学はもとより、体育系大学や美術系大学、音楽系大学、福祉看護系大学や専門学校、工業系大学に数多く進学し、総合学科の学びを自己の夢に結び付けた進路を実現しています。,https://www.metro.ed.jp/katsushikasogo-h/our_school/education.html
404410,桐ヶ丘,２ 教育目標 ／ （１）自己を深く見つめ、自己の能力や適性を発見し、それを大きく伸ばす態度を育む。 ／ （２）基礎・基本を学び、専門的知識・技術を身に付け、社会に貢献できる能力や態度を育む。 ／ （３）人権尊重の精神とともに、自主自立の精神,総合学校の特性を生かして、基礎教育科目である必履修科目と併せて専門教育科目である福祉、情報、芸術等の選択科目をとおして自己を見つめ、様々な教科・科目を学ぶ中で、自尊感情や帰属意識を高めていく。単位制を取り74単位以上の取得を課す。英語、数学、国語をはじめ、多くの科目で少人数教育を実践する。さらに、チャレンジスクール設置の目的を見失わず、再履修科目や多くの特色ある学校設定科目を設置するとともに、生徒個々の実態に応じたカリキュラム編成をおこなう。また、障害に基づく種々の困難を主体的に改善・克服するため、自立活動を教育課程に位置づけて必要な生徒に対して実施する。,https://www.metro.ed.jp/kirigaoka-he/our_school/education.html
404730,北豊島工科,生涯を通じて、自ら学び考える思考力と判断力のある人間の育成 ／ 社会の一員として、文化の発展と国際社会に広く貢献できる人間の育成 ／ 心身がともに健康で、社会の変化に適応できる人間の育成 ／ ものづくりをとおして、豊かな創造性と正しい職業観,「奉仕」や「ボランティア」の体験を通して、社会や地域の福祉及び文化の発展に寄与する態度を養う。防災教育の推進しつつ、地域と連携した災害時の自助・共助理解を深め、防災活動支援隊を組織し、地域の防災活動に参加する。,https://www.metro.ed.jp/kitatoshimakoka-h/our_school/education.html
404210,北園,責任ある自由とは ／ 自分の行動に責任をもつ。 ／ 責任と自由は表裏一体であることを理解する。 ／ 規律ある自由とは,自由と責任を重んじ、自立の精神に充ちた個性豊かな人間を育成する。　責任と自由は表裏一体であることを理解する。　規律を大切にして集団生活のルールを守る。,https://www.metro.ed.jp/kitazono-h/our_school/education.html
409250,清瀬,「からだを鍛え、情操の豊かな人を育てる」 ／ 「自己にきびしく、責任を重んずる人を育てる」 ／ 《得意を伸ばして、苦手を克服、君のやる気に答えます》 ／ 《部活動で心と体を鍛えます》,教育目標のもと、本校では、調和のとれた人格形成を目指す教育を進めています。理性を育て、学力を高めることはもちろん、他者への思いやりの心をもって行動する力、やるべきことを最後までやりきる力、何事にも積極的にチャレンジする力、様々な物事に感動し、そして感謝する力をすべて併せ持つ人材を育成する教育を行います。,https://www.metro.ed.jp/kiyose-h/our_school/education.html
409210,小平,2) 誠実 (Sincerity) 真心をもってやりとおす。 ／ 3) 英知 (Intelligence) 深くすぐれた知性を養う。 ／ 特色ある教育活動等 ／ 1. 国際理解教育,普通科では、芸術や化学の選択を置き、文理芸術など多様な進路に合わせて幅広く授業が選択できるようになっています。情報技術、社会全体の変化に合わせて、今、日本の学校は大きな変革期を迎えています。これに合わせて、学校現場では「ただ先取りする」「闇雲にたくさんのことを覚える」「ひたすらドリルを繰り返す」、そう言った古い教育の形から、柔軟で多様な発想を育み、未知の課題に気づき向き合う新しい「学びの形」への試行錯誤が繰り返されています。本校では1学年の3学期になると英語コミュニケーションⅠの授業で生徒が先生になって授業を進める取り組みがあります。生徒同士で教えることで普段の学びから発展に繋げることができます。,https://www.metro.ed.jp/kodaira-h/our_school/education.html
409270,小平南,自ら考え、正しく判断し、将来を洞察する能力の基礎を養う。 ／ 究極の目標として、創造と英知を目指す。 ／ 小平南高校の教育活動の特徴 ／ 年間約18回の土曜日授業,自覚に基づいて真剣に努力し、基礎学力を身につけ、心身を鍛えるとともに、豊かな感受性を養う。,https://www.metro.ed.jp/kodairaminami-h/our_school/education.html
409220,小平西,キャプション ／ グランドデザイン ／ グランドデザイン(533KB) ／ 教育課程 (214.5KB),そして、自己肯定感を高め、揺るぎない自信を身につけて、自らの将来を自ら切り開いていくことができる生徒の育成を目指しています。 本校は、主体的・対話的で深い学びを追求し、学力の向上を目指し、さらに授業以外でも放課後の自習室を開放するなどで生徒の学力を伸ばすための支援をしています。,https://www.metro.ed.jp/kodairanishi-h/our_school/education.html
409030,小金井北,秩序を重んじて、規律を守りよく協調する ／ 目的をもって、持てる能力のすべてを投入する ／ 先生からのメッセージ ／ 教科指導の重点,本校に入学した生徒が、互いに切磋琢磨しながら充実した高校生活を送ることで、人間として大きく成長することを願っています。,https://www.metro.ed.jp/koganeikita-h/our_school/education.html
409710,小金井工科,（2）すぐれた芸術を理解し、美的創造性と鑑賞力を発達させる。 ／ （1）他人の人格、立場および意見を尊重し、互いに協力する態度習慣を培う。 ／ （2）公正で建設的な意見を冷静に表現する能力と、討議の決定には謙虚に従う寛容な態度を養う。 ／ ,かけがえのない個性の尊さに目覚め、自己の創造的自発性を正しく伸ばし、真理探究の科学的知性と、正しい倫理的判断に基づき、進んで善をなす道徳的意志と、美しいものに憧れてやまぬ芸術的心情とを陶冶し、積極的な行いのうちにも放恣に走らぬ責任ある自律性を養う。,https://www.metro.ed.jp/koganeikoka-he/our_school/education.html
404710,工芸,高等学校の普通教育及び工業・工芸・デザインに関する専門教育を行い、次の目標の達成に努める。 ／ 教養と人格の向上を図り、民主的な精神を育成する。 ／ 自らの資質や能力を高め、自己実現を図る力を育成する。 ／ 社会の変化に主体的に対応できる産,ホームルーム活動・生徒会活動・学校行事等の集団活動を通して、自主的・実践的な態度、自他を尊重する態度や協調性を育てる。 生徒が社会で主体的に貢献できる「生きる力」を育てるため、問題解決能力や自発的・創造的・共同的に取り組む態度を育てる。,https://www.metro.ed.jp/kogei-h/our_school/education.html
405220,江北,スクールミッション・グランドデザイン等 ／ スクールミッション等 (135KB) ／ 都立江北高等学校グランドデザイン［2025改訂］ (203.9KB) ／ 令和8年度 教科指導の重点(221KB),江北高校では「地域に誇れる進学校を目指す」と同時に「地域に貢献する学校」を理想の学校像の１つとして日々の教育活動を行っています。「地域に貢献する学校」となるためには、江北高校で学んだ様々な知識・技能を活用することで、自分を育ててくれた地域社会のために活躍できる人材を一人でも多く輩出することが必要であると考えます。,https://www.metro.ed.jp/kohoku-h/our_school/education.html
406260,小岩,令和8年度スクールポリシー(147KB) ／ 教育課程【令和6年度以降入学生】その1(110KB) ／ 教育課程【令和6年度以降入学生】その2(135KB) ／ 教科の重点指導,そして本校の三大行事である体育祭、文化祭、合唱祭を通して「人間力」を培っていきます。それぞれ「一体感」「おもてなし」「ハーモニー」を基本テーマとし、クラスや部活動で知恵を出し合いコミュニケーションを図り、人間関係を深め、相互を理解しあい、人のために尽くす気持ちを育みます。他には国際理解教育にも力を入れ、海外修学旅行や国際交流を積極的に実施しています。平成31年度より第二期英語教育推進校として指定されており、教科指導における教材開発・活用、英語検定取得者の大幅増と、確実に成果をあげています。近年のグローバル社会において、異文化の人々や多様な価値観を理解し、想像力を高め、より良い人間関係を築くための「人間力」を育てていきます。,https://www.metro.ed.jp/koiwa-h/our_school/education.html
409240,国分寺,（2）目指す生徒像 ／ グローバル社会に対応できる知性やコミュニケーション能力をもち心身共にたくましく生きる生徒 ／ 学びの目的意識や探究心をもち、自己の目標達成に向けて自主的・自律的に努力する生徒 ／ グランドデザイン,進学重視型単位制高校として、中学校卒業後３年間で難関国立大学等を含めた国公立大学や難関私立大学等をはじめ、希望大学への進学を可能にし、グローバル社会の指導的人材を育成する学校 習熟度別指導や充実した内容の選択科目の設置、平日や長期休業日の補習補講、組織的な学習指導・進路指導・生徒指導等により、現役での進路希望実現に必要とされる学習の量と質を保証する学校,https://www.metro.ed.jp/kokubunji-h/our_school/education.html
402030,駒場,普通科 保健体育科 ／ １ スクール・ミッション ／ ２ 教育目標 ／ (1) 学校の教育目標,体育祭、都駒祭、修学旅行、野外実習（遠泳、スキー、キャンプ）、実技発表会等、学校行事における集団行動の機会を通して、協働・規律・責任等を重んじる態度を養う。,https://www.metro.ed.jp/komaba-h/our_school/education.html
410050,狛江,新開拓と勤労 ／ グランドデザイン及びスクール・ポリシー ／ 令和7年度 グランドデザイン及びスクール・ポリシー(2MB) ／ 教育課程表（令和６・７年度入学生） (110.6KB),人格の完成を目指し、平和的で民主的な国家および社会の形成者として必要な資質を備えた心身ともに健康な国民の育成を期して、わが国の歴史や文化を継承しつつ変化の激しい国際社会に適応し得る、たくましく生き抜く生徒を育成する。,https://www.metro.ed.jp/komae-h/our_school/education.html
406240,小松川,スクール・ポリシー ／ 〇グラデュエーション・ポリシー ／ 〇カリキュラム・ポリシー ／ 〇アドミッション・ポリシー,社会人としての規範意識を醸成し、公共心を持ち自立した生徒を育成するために、生活指導の徹底を図るとともに、道徳教育を充実させる。,https://www.metro.ed.jp/komatsugawa-h/our_school/education.html
401230,小山台,東京都立小山台高等学校全日制グランドデザインPDF(199KB) ／ スクールポリシー ／ 令和8年度 スクールポリシー(148KB) ／ 教育課程表 【令和４年度入学生より】,平成19年に東京都教育委員会から進学指導特別推進校の指定を受け、国公立大学や難関私立大学への進学者が年々増加しています。教育課程は「すべての学問はつながっている」と言う「小山台教養主義」のもと2年生までは文理選択を行わず、すべての教科を履修します。また、将来の夢の実現のためにキャリア教育プログラムにより、将来社会に貢献できるリーダーの育成に取り組んでいます。,https://www.metro.ed.jp/koyamadai-h/our_school/education.html
410240,国立,明朗な気風を養い、個性と創造力の豊かな人になる。 ／ 社会に貢献し、困難・辛苦に耐え得る人になる。 ／ グランドデザイン ／ 学校グランドデザイン(172KB),人間性豊かに成長することを願い、将来有為な社会の形成者となることを希求し、次の目標を掲げて教育を推進する。,https://www.metro.ed.jp/kunitachi-h/our_school/education.html
405710,蔵前工科,学校行事や部活動に積極的に取り組ませ、社会性と心身ともに健康な身体を育成する。 ／ 安全教育を推進し、自他の安全に配慮したものづくり人材を育成する。 ／ 教員インタビュー ／ 教科指導の重点,進路については、例年、概ね７割が就職、３割が進学をしています。長い歴史の中で多くの卒業生が各界で活躍しており、そこで培われた企業との信頼関係により、難関といわれる大企業や、特殊な技術をもった企業等から多くの求人をいただいております。そして、就職を希望する生徒たちは、その広い選択肢の中から、それぞれの学科で得た知識・技能を活かした職種を希望し、毎年100％の内定を勝ち取っています。一方、各大学への進学実績も残していることから、理工系大学を中心に多くの大学から指定校推薦枠をいただいており、大半が指定校推薦で進学しているほか、ＡＯ入試でも進学する生徒も増えてきています。,https://www.metro.ed.jp/kuramaekoka-h/our_school/education.html
409060,久留米西,将来を見つめた学習の意義を理解させ、個性の進展を図る。 ／ 豊かな心と創造力を養い、健康の増進を図り、安全確保に努める。 ／ 人権尊重と自主自律の態度を養い、責任を重んじて行動する人間を育てる。 ／ 各教科・科目の指導,教育目標を達成するための基本方針　将来を見つめた学習の意義を理解させ、個性の進展を図る。　豊かな心と創造力を養い、健康の増進を図り、安全確保に努める。　人権尊重と自主自律の態度を養い、責任を重んじて行動する人間を育てる。　学習意欲を高め、予習復習を徹底させる。　授業に集中させ、学習効果を高める。　ホームルーム、生徒会、部活動に積極的に参加させる。　自然の保護と緑化に取り組ませ、勤労を尊ぶ姿勢を養う。,https://www.metro.ed.jp/kurumenishi-h/our_school/education.html
407210,町田,学んで想像力を伸ばせ（遍く友愛の心を広げるために） ／ 学んで実践力を示せ （自身を豊かに意味づけるために） ／ スクール・ミッション、スクール・ポリシーについて ／ 【スクール・ミッション】,基礎学力を身に付けた社会に貢献できる生徒の育成を目指し、勤労と学習の両立を図り、計画的で節度ある生活態度を培うとともに、発展的に学ぶ態度を育成する教育活動を通じて、一人尊重し共生の要性認 識し、互いの価値観を認め合う心をもった生徒を育成する。,https://www.metro.ed.jp/machida-h/our_school/education.html
407720,町田工科,個性を伸ばし、独創性の豊かな人を育てる。 ／ 勤労をたっとび、努力をおしまない人を育てる。 ／ 進歩する工業技術に対応できる人を育てる。 ／ 先生からのメッセージ,町田工業高校はこれまで、2年次から5つの系列で人材を育成してきましたが、上記の時代背景に基づき系列の一部を見直しました。具体的には、「アプリケーション」と「情報システム」を発展的に統合して「情報テクノロジー」とし、令和2年度入学生の2年次から「情報デザイン」、「情報テクノロジー（２学級予定）」、、「電気システム」、「機械システム」の4系列5学級としました。これにより『Society5.0』を創り、守り、育て、広い範囲で即戦力として活躍し未来を担う技術者を育成します。,https://www.metro.ed.jp/machidakoka-h/our_school/education.html
407420,町田総合,教務課担当教員のメッセージ ／ 学校のグランドデザイン ／ グランドデザインPDF(185KB) ／ スクールポリシー,多様な選択科目や特色ある部活動、地域探究活動など、生徒が「自分創り」を進めていくための環境や選択肢を幅広く用意していることが大きな特徴です。デジタル社会がますます進展する中で、多くの情報をもとに自分の意思で主体的に「選択する力」、自他の意見を尊重し合える「コミュニケーション力」が必要になっています。,https://www.metro.ed.jp/machidasogo-h/our_school/education.html
402210,松原,「人格の完成を目指し、有為な社会人を育成する。」以下の資質を備えた生徒を育てる。 ／ 自己の可能性を追求し続ける個性豊かな人間 ／ 規範意識に富み、勇気を持って正しく行動できる人間 ／ 地域に貢献する姿勢と行動力を身につけ、地域社会に調和し,「都立高校生活指導指針」に基づく指導の充実を図り、生徒に集団生活の意義を自覚させ、社会人としての基本的なルールやマナーを身につけさせる。,https://www.metro.ed.jp/matsubara-h/our_school/education.html
407070,松が谷,人を思いやり、人のために尽くすひと ／ 社会に目を開き、広い視野をもって考え生きる人 ／ 自然を愛し、自然との触れ合いを大切にする人 ／ 真なるもの善なるもの美しいものを求め、常に向上する人,外国語コースでは、実践的な英語力の習得を目標に、外国人講師による少人数の英会話授業を実施しています。昨年度より、東京都教育委員会から英語教育推進校に指定され、一層の外国語教育の充実を図っています。外国語コースで長年培ってきた専門的な指導方法は、普通科でも実践されています。「英語プラス自分の好きな1教科」で基礎を固め、進路実現を目指そうと、全校を挙げて英語教育の推進に取り組んでおります。,https://www.metro.ed.jp/matsugaya-h/our_school/education.html
402040,目黒,世界の平和、福祉のために自ら進んで社会に貢献できる知性豊かな人格を培う。 ／ 良き個性を伸長し、健康を増進し、適正な進路を選択する能力を養う。 ／ 自主・自律の精神を育成し、自他の人格を尊重する態度を養う。 ／ 教科指導、進路指導を充実させ,目黒高校は夢を実現するために努力を惜しまない皆さんを最後まで支えます。高等学校で学ぶことは全て人生にとって重要な事ばかり。勉強で知識や技能を身に付けることだけでなく、部活動や学校行事にも全力で取り組みチーム目黒として前進しよう。部活動で我慢や努力、責任や充実感を、学校行事で協働や協力、コミュニケーションや達成感を味わい、その経験から得た力を学校生活に生かし、自分の将来を切り開く力を身に付けてください。勉強も部活動も学校行事も全てが重要な時間であり、人生を豊かなものにしてくれるのです。又DX（デジタルトランスフォーメーション：IT技術を浸透させることで人々の生活をより良い方向へ変化させること）にも一早く取り組みi-Padを活用した学びの改革も進めています。(R4から全生徒が利用),https://www.metro.ed.jp/meguro-h/our_school/education.html
401520,美原,"そのために、 ／ （1）創造性 ／ 知的好奇心に富み,個性と創造性にあふれる生徒 ／ （2）自律性",令和4年度入学の18期生から教育課程が新しくなりました。外国語の必修単位が増え、3年次に国語・社会・数学・理科・外国語の科目から構成される学力向上科目群から選ぶ必修選択の時間が新たに設けられます。基礎基本の定着から応用まで確かな学力を伸ばすカリキュラムです。また、学習支援クラウドサービスを日々の学習や授業に取り入れています。,https://www.metro.ed.jp/mihara-h/our_school/education.html
407100,南平,(1) 学校の教育目標 ／ 自立した個人としての成長をめざし、自主自律の精神を実践する人を育てる。 ／ 有為な社会人をめざし、奉仕と連帯の精神を実践する人を育てる。 ／ 平和的な国際人をめざし、正義を愛し人権を重んじ自他を大切にする人を育て,1年生は、名称を「人間と社会」とし、道徳性を養い、より良い自分の生き方を主体的に選択し行動する力を育成する。地域と連携した防災教育やボランティア活動では、社会に貢献できる能力と精神を養う。,https://www.metro.ed.jp/minamidaira-h/our_school/education.html
406050,南葛飾,学習環境が整えられ、「学ぶ喜び」を実感できる学校 ／ 生徒の自主性と創造力を伸ばす学校 ／ 生徒の学力を向上させ、進路希望を実現する学校 ／ 地域と協力して、社会貢献のできる学校,南葛飾高校は東京の東部、下町の真ん中にある学校です。多くの生徒が地元葛飾区や近隣の江戸川区、足立区から登校してきます。校門での気持ち良い挨拶から一日が始まります。素直で心優しい生徒が多く、元気いっぱい授業に参加しています。少人数制授業や習熟度別授業ではそんな生徒の皆さんにきめ細やかな指導をすることができます。また、全日制普通科の南葛には多くの進路希望を持った生徒が入学します。そんな生徒達にも多くの選択科目が設定され、生徒1人1人にあった授業を履修することができます。多様な生徒がいる南葛ですが、数年前から在京外国人対象の入試が始まりました。様々な国の生徒が全校で60人以上在籍しています。この数年でますます多様性が進んできています。,https://www.metro.ed.jp/minamikatsushika-h/our_school/education.html
403420,稔ヶ丘,【スクールミッション】 ／ 【 スクールポリシー】 ／ （１）グラデュエーション・ポリシー ／ ①セルフコントロール ～自分を高め、前に踏み出す勁い心～,『勁い心』と『 自立した未来 』を育てる教育理念のもと、生徒が知性・感性・道徳心や体力を育み、人間性豊かに成長すること」を教育目標として、基礎学力を身に付け、特色ある授業を通して社会で生きる基盤と自他のチャレンジを尊重する姿勢を育みながら、社会で飛躍する生徒を育成します。,https://www.metro.ed.jp/minorigaoka-he/our_school/education.html
401040,三田,自主・創造の意欲と忍耐力・協調性との調和のとれた高い徳性を持つ指導者 ／ 自己を厳しく律し常に進取の気概を持って社会貢献できる開拓者 ／ 教務課担当教員のメッセージ ／ 学校のグランドデザイン,三田高校では、生徒の希望に応じた様々な進路に対応するため、学びの幅をひろげる教育課程を編成しています。基礎学力の充実はもちろんのこと、応用力の伸長をはかる授業を実施しています。年間20回の土曜日授業を行い、生徒の学力伸張をはかります。また、探究活動を取り入れた「主体的・対話的で深い学び」と「鍛える授業」により、進路希望に応えます。三田高校では、将来の進路実現をかなえる授業を実施しています。,https://www.metro.ed.jp/mita-h/our_school/education.html
412010,三宅,スクール・ポリシー ／ （１）グラデュエーション・ポリシー ／ 「郷土理解」：郷土の実態について理解し、島を離れてもなお、郷土を想うことができる感性。 ／ 「コミュニケーション力」：他者と意思疎通をし、目的達成に向かって協働することができる,「努力、信頼、継続」を目標とし、地域と連携した郷土理解教育や地域貢献、個に応じた学習支援、３年間を見通した系統的な進路指導、火山学習等の防災安全教育といった教育活動を通じて、郷土を愛し、課題と向き合い、他者と協働して解決へと導いていく人材を育成します。,https://www.metro.ed.jp/miyake-h/our_school/education.html
408820,瑞穂農芸,真理と正義を愛し、勤労と責任を重んじ、心身ともに健康な民主社会の担い手の育成を目指して、 ／ 自律と協力の精神を高める。 ／ 幅広い教養と高い専門性を培う。 ／ 豊かな心と望ましい職業観を育てる。,品位のある態度・服装・言葉遣いを身に付けさせ、社会の一員としての自覚を持たせる。,https://www.metro.ed.jp/mizuhonogei-h/our_school/education.html
406290,紅葉川,自ら情報を集め、論理的に考え、行動できる力 ／ 社会性と責任感をもって互いに尊重し合い、適切にコミュニケーションを取る力 ／ スクール・ポリシー ／ (1) グラデュエーション・ポリシー,社会が変わり、求められる知識や技術は変わっても、人間として必要な姿勢は変わりません。90年の本校の歴史を通して紡いできたこの校訓を時代の要望に応じた形で、具現化し、これからの社会で求められる、豊かな人間性、主体性、コミュニケーション能力、思考力、行動力、課題発見・解決力などを育成し、どのような時代であっても、他者を大切にし、前向きに、自分の力で人生を切り開くことのできる人材を育成することが本校の務めです。,https://www.metro.ed.jp/momijigawa-h/our_school/education.html
404020,向丘,自ら学び、未来を切り拓く力を育む（自主） ／ 他者を尊重し、社会に貢献する心を育む（誠実） ／ 豊かな感性を磨き、生きる喜びを感じる心を育む（明朗） ／ 特別活動の特色,生徒同士、そして生徒と教職員の間の信頼関係は深く、この良好な関係性の上に、規律ある学習活動と活発な特別活動が展開されています。,https://www.metro.ed.jp/mukogaoka-h/our_school/education.html
409010,武蔵,－国際社会に貢献できる知性豊かなリーダーの育成－ ／ 地域に根ざした伝統校 ／ 詳しくはこちら ／ 中高一貫6年制学校,「地球と私」をテーマにした自然・社会・人文科学を中心に、教科を横断的（各教科の内容が複合的に必要になる学習内容）に学びます。文献調査、実験、観察、インタビュー、アンケート調査などの調査体験活動や、グループワークやグループディスカッションを通じて課題研究を行い、まとめとして論文作成や研究発表を行います。,https://www.metro.ed.jp/musashi-h/our_school/feature.html
403030,武蔵丘,１ スクール・ミッション ／ ２ 教育目標 ／ 個性を伸ばし、社会に貢献する人を育てる。 ／ ３ スクール・ポリシー,「明朗性、自主性、社会性」を教育理念に、学習活動の充実から自学自習の定着を図ることで着実な進路実現へと導き、一貫した規律ある指導、生徒が創りつないでゆく伝統行事や絆を深める特色ある教育活動を通し、個性を伸ばし、社会に貢献する力を育成します。,https://www.metro.ed.jp/musashigaoka-h/our_school/education.html
408070,武蔵村山,大愛に生きる人であれ ／ 人間性を重んずる ／ 誠実であることを求める ／ 厳正であることを欲する,生活指導として、社会に出れば、当たり前と言われるような服装、言葉使いなどTPOに合わせた様々なことを教員全体で徹底して指導しています。,https://www.metro.ed.jp/musashimurayama-h/our_school/education.html
409020,武蔵野北,School policy スクール・ポリシー ／ （１）グラデュエーション・ポリシー ／ （２）カリキュラム・ポリシー ／ （３）アドミッション・ポリシー,２年次までは、一人一人が、自らの将来を展望し、青年期にふさわしい広く深い知識に裏付けられた教養を主体的に身に付けて人生を豊かなものとするために、学問分野を限定せず、すべての教科をバランスよく学びます。３年次では、多様化する大学入試への対応と、個々の進路希望の具現化を目指して数多くの選択科目から、個々の進路希望に応じた教科・科目を選択して、集中的に効率よく学びます。,https://www.metro.ed.jp/musashinokita-h/our_school/education.html
410250,永山,「豊かな人間性を培う」 ／ 「健康な心身を作る」 ／ 「望ましい個性を伸ばす」 ／ 本校が大事にしているのは、生徒の価値をいかに高めるかということです。,言葉を変えていえば 薄っぺらい人間になるな 心と体を鍛えよ 自慢できる個性をもてということです。 「これからの国際社会で活躍することができる豊かな教養と人間性」この力を本校では、未来志向の人間力としました。,https://www.metro.ed.jp/nagayama-h/our_school/education.html
403710,中野工科,人権尊重の精神と自主独立の精神を高める。 ／ 責任感と創造力の育成を図る。 ／ 地域社会・国際社会の理解及びそれに貢献できる能力を確立する。 ／ 教育活動全体を通して、生徒の思いや願いを受け止め、認め・励ます指導を推進する。,中野工科高校は生徒の頑張りを応援する学校です。三年間、不安に思うことはあるかもしれませんが、がむしゃらに頑張ってみてください。頑張っていれば結果はついてきます。そして、最終的には社会で生きていくために必要な学力と就職先があなたを待っています。勉強が苦手？そんなものは本校では関係ありません。本校で必要なものはやる気です。,https://www.metro.ed.jp/nakanokoka-h/our_school/education.html
407240,成瀬,（１）高い知性と創造力を培う。 ／ （２）広い視野をもち、品格ある豊かな人間性を養う。 ／ （３）若さあふれる健康な身体をつくる。 ／ ２ 目指す学校,本校に寄せる地域の熱い期待に応えうる「知・徳・体の調和のとれた全人教育」を推進する進学校として、   社会のリーダーを育成する学校を目指し、以下具体的な学校像を示す。 （５） 体罰やいじめの未然防止の徹底及び特別支援教育の整備に取り組み、地域に根ざした体験活動等を行うことで、保護者や地域から信頼され、中学生及びその保護者から選択される学校,https://www.metro.ed.jp/naruse-h/our_school/education.html
403240,練馬,（1）自他の人格を尊重し、規範意識をもてる人間 ／ （2）自らの行動に責任をもち、社会に貢献できる人間 ／ （3）自らの目標に向かって、個性を活かし努力できる人間 ／ （4）自ら学び、考え、創造力を発揮できる人間,（1）頭髪指導・身だしなみ指導・遅刻指導・化粧指導を徹底し、全教職員で協力して規範意識や自制心を高め節度ある生活を送らせ、 開始のチャイムとともに授業を開始し、基本的主生活習慣の確立を図る。,https://www.metro.ed.jp/nerima-h/our_school/education.html
403730,練馬工科,R8年度 スクールポリシー (62KB) ／ 学校のグランドデザイン ／ 練馬工業高校グランドデザイン(pdf)(36.5MB) ／ あいさつを大事にして職業人としての立ち居振る舞いが出来る人材の育成,本校の教育課程は、進路の早期決定を行いません。生徒の能力を多面的に考慮し、生徒の適性発見を重要視しています。１年生では全生徒がものづくりの基礎を幅広く学び、２年生では選択した専門分野の技術を習得し、３年生では２年生の専門分野をさらに深め、専門的な知識・技能の学習を行います。,https://www.metro.ed.jp/nerimakoka-h/our_school/education.html
406070,日本橋,自主性と責任を重んじ、人権を尊重し、 ／ 社会の福祉に貢献する人間を育成する ／ 入学してほしい生徒（アドミッション・ポリシー） ／ しっかり学ぶ  学力の向上を目指し、地道に努力を重ねることができる生徒,都立高校ではグランドデザイン（全体構想）を策定し、その実現に向けて教育課程（カリキュラム）を編成しています。このたびよりわかりやすい形に改定しました。グランドデザインから本校の特色や魅力を読み取ってください。,https://www.metro.ed.jp/nihonbashi-h/our_school/education.html
411030,新島,グランドデザインPDF(224KB) ／ 令和8年度教育課程表(97KB) ／ 年間授業計画 ／ 令和８年度 年間授業計画,「確実な学力」を身に付け、生徒の達成感と成就感につなげ、明朗闊達かつ明るく元気な学校生活を送る人材の育成を図る。 実践的な防災教育及び実践的なキャリア教育をとおして、社会のグローバル化にも対応できる逞しく生き抜く人材の育成を目指す。,https://www.metro.ed.jp/niijima-h/our_school/education.html
403050,西,｢文武二道｣を奨励し､豊かな人間性や協調性を涵養し､｢自主自律｣の態度を育成する ／ 一人一人の個性の伸張を図り、将来の生き方を見通した「進路実現」を支援する ／ （2）学習指導 ／ 「授業で勝負」を合言葉に、生徒と教員で創造する質の高い授,本校の授業は、内容も高めで、スピードも速く感じられるかもしれません。この授業を消化・吸収することはなかなか大変です。予習・復習を怠らず、必要なら先生への質問なども積極的にしてください。授業を大切にした一日一日の積み重ねが幅広くものを考える力をつけ、結果として大学入試に対応できる実力を養うことになります。大学入試というと予備校に通って実力をつけようという考え方もありますが、学校と予備校の授業の両方を消化することは大変なことです。さらに、予備校に通うには時間的なロスもあります。学校の授業をいい加減にして予備校に行けば何とかなるというのは安易な考えです。まず、学校の授業を大切にしてください。,https://www.metro.ed.jp/nishi-h/our_school/education.html
403810,農芸,目指す学校像（３つの方針） ／ (１) グラデュエーション・ポリシー（育成を目指す資質・能力に関する方針） ／ 豊かな人間性、健康 ／ 主体的な進路選択能力,中途退学者、原学年留置者ともに0を目指し、教科指導、進路指導及び生活指導の充実を図る。,https://www.metro.ed.jp/nogei-h/our_school/education.html
410810,農業,（2）教育目標の考え方 ／ キャリア教育を推進し、生徒一人一人の進路希望の実現を支援する。 ／ 明るく、たくましく、思いやりがあり、社会の変化に主体的に対応できる人材を育成する。 ／ 地域社会や関係機関と連携し、地域産業の発展に貢献できる人,農高生の日々はとても忙しいです。専門科目や普通科の授業や実習、課題研究、校外学習、部活動、学校行事とそれぞれが充実した時間を過ごしています。基本的には専門学科で過ごすことが多いですが、部活動や委員会、農業クラブ、体育祭、農高祭の学校行事など、協働的かつ教科横断的な学びの場にも恵まれています。また、専門学科に関わる外部講師も多数来校され、確かな学力と高い専門性を身につけることができます。,https://www.metro.ed.jp/nogyo-h/our_school/education.html
406810,農産,社会の変化に主体的に対応して自ら学び、目標に向かって努力する姿勢を培う。 ／ あいさつと感謝の気持ちを大切にし、自他の生命と個性を尊重する心を育てる。 ／ 先生からのメッセージ（園芸デザイン科） ／ ようこそ農産高校園芸デザイン科へ！,科名の園芸デザイン（フラワーデザイン）の他に野菜、草花、果樹の3つの分野、また造園についても学ぶことできます。機会があれば体験入学や学校説明会などに参加して、園芸デザイン科の学習内容に、直接、触れてもらえると嬉しいです。,https://www.metro.ed.jp/nosan-h/our_school/education.html
407230,野津田,人権尊重の精神を育成し、共同生活体としての連帯感や所属感を養う。 ／ 権利と義務、自由と責任との調和を図りつつ、自ら学び考え行動する能力を養う。 ／ グランドデザイン ／ 令和8年度グランドデザイン(196KB),以上のことを基に、個性と創造力を伸ばす教育を重視し、心身ともに健全で、社会に貢献できるスペシャリストを育成する。,https://www.metro.ed.jp/nozuta-h/our_school/education.html
405420,小台橋,スクールポリシー ／ １．【アドミッション・ポリシー】（このような生徒に入学してほしい！） ／ 本校の教育の特色を理解し、それらを生かした学習活動に取り組むことができる生徒 ／ 入学後の高校生活とこれからの人生に志（夢や希望）をもっている生,選択とは自由そのものです。選択を他の人や他の価値観に委ねてしまうことは自分の自由を委ねてしまうことです。ぜひ多様な選択肢から自分の意志で選択決定してください。たとえ困難な場面にぶつかっても自分の意志で選択した場合には必ず切り抜けることができます。自分の力で選択することが成長への大きな一歩になるのです。,https://www.metro.ed.jp/odaibashi-he/our_school/education.html
406410,大江戸,創造的な人間～基礎学力を身に付け個性豊かで創造的な人間 ／ 信頼される人間～規律とマナーを身に付け自他を尊敬し責任を重んずる人間 ／ の育成に向けた教育を推進する。 ／ 学校のグランドデザイン,本校は、生徒一人一人が知性、感性、道徳心や体力を育み、人間性豊かに成長し、社会で自立していく力をつけることを願い、,https://www.metro.ed.jp/oedo-he/our_school/education.html
414010,小笠原,（2）学校の教育目標を達成するための基本方針 ／ 小規模・少人数学級の長所を生かしたきめ細やかな教育活動を実践する。 ／ 3年間の体系的なキャリア教育・探究活動を通し、卒業時に全ての生徒の進路実現を目指す。 ／ 土曜講習や自習の場を充実させ,小笠原の自然を慈しみ、世界自然遺産に育まれていることに感謝し、自然と共存する豊かな心を培うため、生徒の自然保護活動やボランティア体験を充実させ、理数教育、海洋教育を推進する。 人的・物的財産を地域へ公開・開放し、地域社会の学力向上、青少年の健全育成及び文化的・体育的活動の拠点としての役割を高め、併せて高校の施設・教育活動の広報に努める。,https://www.metro.ed.jp/ogasawara-h/our_school/education.html
407250,小川,礼節と思いやりに満ちた人間関係の構築と社会貢献できる心の育成 ／ 社会の変化に柔軟に対応する力と国際社会に向けて積極的に行動する力の推進 ／ グランドデザイン ／ グランドデザインPDF(169KB),礼節と思いやりに満ちた人間関係の構築と社会貢献できる心の育成　令和８年度年間行事予定表　令和８年度教科指導の重点,https://www.metro.ed.jp/ogawa-h/our_school/education.html
403040,荻窪,1年次：「自分を知る」 ／ 2年次：「他者との協働」 ／ 3年次：「社会と自分」 ／ 4年次：「社会と職業」,イ 生徒指導規定に基づきながらも、生徒の個別の状況を考慮しつつ画一的ではない生活指導、授業規律指導、マナー挨拶指導を徹底し、生徒の規範意識の育成を図る。,https://www.metro.ed.jp/ogikubo-he/our_school/education.html
403230,大泉,自 律 自ら律し、他を尊重する ／ 創 造 自ら拓き、社会に貢献する ／ 学校のグランドデザイン ／ 学校のグランドデザインPDF(719KB),中1･中2･中3総合的な学習の時間　令和8年度 教科指導の重点,https://www.metro.ed.jp/oizumi-h/our_school/education.html
403510,大泉桜,社会の変化に対応し、生涯にわたって学び続けることができる主体的な生徒の育成。 ／ 豊かな情操や感性を身につけ、責任感と規範意識を持つ社会に貢献できる生徒の育成。 ／ 自らの在り方生き方を考え、将来への意欲や目的意識を持つ自立した生徒の育成。,本校の生活指導基準や授業規律を守り、時と場に応じた身なりや所作のできる生徒の育成を図る。,https://www.metro.ed.jp/oizumisakura-h/our_school/education.html
408420,青梅総合,margin-left: 4rem; ／ text-indent: -4rem; ／ 具体的には、５つの教育目標を次のように考えています。 ／ 自主「自分を律し、主体的に物事に取組める人」,校内を歩いていると、生徒たちが自然にあいさつをしてくれたり、「何かお困りですか」と声をかけてくれたりする場面にたびたび出会います。そうした姿を見るたびに、この学校には人とのつながりを大切にする温かい雰囲気があると感じています。また、自分で時間割をつくるという総合学科の特長の中で、自分の進路や興味に向き合いながら主体的に学ぼうとする姿にも、大きな可能性を感じています。,https://www.metro.ed.jp/omesogo-h/our_school/education.html
401250,大森,学校のグランドデザイン ／ グランドデザインPDF(737KB) ／ 教科指導の重点 ／ R8 教科指導の重点(117KB),そのため、生活規律を適切に指導して規範意識と自律心を育て、主体的・対話的で深い学びを実現させる授業改善に取り組むとともに、３年間を見通したキャリア教育を実施する。,https://www.metro.ed.jp/omori-h/our_school/education.html
401210,大崎,「誇りを胸に」変化の激しい社会をたくましく生きる、タフな人材の育成 ／ ■校訓 School Precepts ／ 磨き、高め、輝け ／ 大人の感性を 磨き 、人間力を 高め 、夢をもって 輝け,「誇りを胸に、変化の激しい社会をたくましく生きる、タフな人材の育成」を教育目標とし、コミュニケーションを通した語彙力・表現力等の習得、地域や仲間との連携を通した人間力の育成、自制心を鍛えた潜在能力の発揮を基本方針とした教育活動を通じて自信と誇りをもって活躍できる生徒を育成します。,https://www.metro.ed.jp/osaki-h/our_school/education.html
411010,大島,誠実 Sincerity ／ 自分の心に嘘をつかない。 ／ 敬愛 Respect ／ そのものの価値を認め、尊重する。,郷土を敬愛し、自己の尊厳を覚り、真理を究明し、誠実をもって事を達成し、常に健康かつ明朗で勤労を貴ぶ人材を育成する。,https://www.metro.ed.jp/oshima-h/our_school/education.html
401620,大田桜台,「使える英語」を身につける ／ ビジネスで「役立つスキル」を身につける ／ 3年間を通したキャリア教育 ／ 大田桜台高等学校の教育の紹介,本校では生徒たちが自らを律する生活ができるよう、ノーチャイム制を採用しています。時間に対する意識を高め、先の見通しを立てて自主的に行動する力を身につけます。また、明るい挨拶や正しい言葉遣い、身だしなみの指導を通し、様々な人と気持ちよく円滑にコミュニケーションを図るためのスキルを養います。,https://www.metro.ed.jp/otasakuradai-h/our_school/feature.html
402530,芦花,創造：創造的精神に溢れ、国際社会に貢献しようとする意欲のある生徒を育成する。 ／ 誠実：人権尊重の精神に溢れ、仁慈に富み、明朗かつ誠実な生徒を育成する。 ／ 自己の主体性を基軸にした、学びに向かう力や人間性 ／ 現実世界を意味あるものとして,自主：自学自習の精神に溢れ、生涯にわたり自主的に学び行動する生徒を育成する。 教育目標に基づき、グローバル社会、超スマート社会・創造社会Society5.0 を生きる力の育成を目指します。,https://www.metro.ed.jp/roka-h/our_school/education.html
401420,六本木,学習や部活動を通じ、自分のやりたいこと、自分に合うこと、安らぎの場所・友人を見つける。 ／ 共に学びあう中で、自分の個性や能力を伸ばし、自分を鍛え、力を蓄えていく。 ／ 未来をひらく ／ 大きな可能性を持つ自分を認め、未来に向かって更なる挑,・単位制、総合学科、三部制の趣旨を十分活かした弾力的な教育課程を編成し、生徒一人一人をきめ細かく指導し、個性や創造力を伸ばしながら、自らの将来の自立に向けて資質や能力を発見し、自己実現を図る力を育むと共に自ら学び、考え、行動する力を育てる。,https://www.metro.ed.jp/roppongi-he/our_school/education.html
406010,両国,自ら考え，学ぶ生徒 ／ 「自ら考え，学ぶ」態度を身に付け，未来を切り拓く意欲と行動力のある生徒。 ／ 高い志と使命感をもった生徒 ／ 豊かな教養を身に付け，社会に貢献する高い志と使命感をもち，責任を果たす生徒。,両国高校では、自らを厳しく律し、自ら進んで学ぶという「自律自修」の校訓のもとに日々の学校生活を送っています。授業を大切にする両国ですが、内容は基礎基本をしっかりと学習することから始め、やがて応用、発展的な内容も扱うようになっていきます。両国の授業でしっかりと学ぶことで、自らの進路実現への道筋がしっかり見えてきます。友人とともに学びながら、生徒一人一人が高い志を持ち、より大きな目標へと向かって努力しています。,https://www.metro.ed.jp/ryogoku-h/our_school/education.html
403010,鷺宮,高い志をもって、自己実現に向けて積極的に挑戦する生徒 ／ ○ 「協調・Cooperation」 ／ 自己を知り、他者を知り、社会を知り、友情を育む生徒 ／ ○ 「信頼・Confidence」,高い志をもって、自己実現に向けて積極的に挑戦する生徒　自己を知り、他者を知り、社会を知り、友情を育む生徒　ルールやマナーを守り、誠実で責任感のある生徒　伝統の上に立ち、新しい文化を自らの力で創り上げていく生徒　本校の教育目標は、この4つのことがらを実現できる生徒の育成を掲げています。　令和８年度 鷺宮高校教科指導の重点,https://www.metro.ed.jp/saginomiya-h/our_school/education.html
402220,桜町,グランドデザイン ／ グランドデザイン(539KB) ／ スクール・ポリシー ／ スクール・ポリシー（桜町高校全日制課程） (229.8KB),1日の多くの時間を費やす学校生活｡1人1人が明るく､楽しく､前向きに取り組めるような環境や雰囲気が大切です｡本校は､長閑で落ち着いた環境の下､生徒たちの雰囲気は､明るく穏やかです｡こうした背景もあり､生徒同士はもとより､先生たちとの人間関係も良好です｡生徒の皆さんの挨拶の多さが､物語っているかと思います｡多くの生徒が高校生活に満足し､人生のための十分な糧を得ていることでしょう｡,https://www.metro.ed.jp/sakuramachi-h/our_school/education.html
402410,世田谷泉,人間尊重の精神に基づいた豊かな心を持ち、進んで社会の発展に貢献できる人間の育成を目指して、 ／ 次の教育目標により都民に信頼される教育を推進する。 ／ 人や“もの”との出会いを大切にし、それぞれの良さを知る。 ／ 出会いを通して自分を知り、,授業時数の確保、授業規律の確立を図るとともに、生徒による授業評価に基づく校内研修を通じ、生徒の学習意欲を高める工夫をする。また、国語･数学･英語の必履修科目を習熟度別、地歴公民･理科･家庭･情報の必履修科目を少人数授業にするとともに、学力スタンダードを設定して、学力の向上を目指す。,https://www.metro.ed.jp/setagayaizumi-he/our_school/education.html
402420,世田谷総合,自らの進路を探索する学習を通して、将来の目標に向かって挑戦する意欲を育てる ／ ものづくりなどの体験学習を通して、豊かな創造性と科学技術の発展に貢献する態度を育てる ／ 身近な地域の環境、文化、福祉などの学習を通して、地域社会に貢献する態度,ビジネスや情報に関する学習を通して、国際的素養と経済社会の発展に寄与する能力・態度を育てる 高い志を持ち、心身ともにたくましく、かつ柔軟な感性を磨き、これからの時代を充実した人生と共に生き抜く人間の育成を目指す 。,https://www.metro.ed.jp/setagayasogo-h/our_school/education.html
403210,石神井,自ら学習に励み、生得の才能を伸ばし、高い矜持をもつ ／ 2 Work Together ／ 自他を尊重し、他者と協働して高め合い、新たな価値を創造する ／ 3 Challenge Globally,現在、石神井高校は、「チーム石神井で文武二道の両立を！」をスローガンに、全校をあげて学力向上と現役での大学進学率の向上に努めているところです。とくに、授業規律を重んじた５０分を大切にする授業、１年生からの学年段階に応じた丁寧な進路指導に力を入れています。また、土曜日授業や夏期講習などを実施し、さらに特進クラスを設置してより上位の大学進学希望者を協力にサポートしています。制服の着用を義務付け、頭髪を染めたり脱色したりすることを禁止し、学校全体が生活規律を重視する方向で動いています。過去に本校は、「部活動推進指定校」に加え、東京都教育委員会より「スポーツ教育推進校」に指定され、また「体力向上推進優秀校」として表彰されました。全校生徒の９０％が加入している部活動や伝統の体育祭など「スポーツの石神井」「運動の石神井」も健在です。石神井高校は、確かな学力を身につけ、自己実現をめざす生徒を全力で応援し,https://www.metro.ed.jp/shakujii-h/our_school/education.html
402060,新宿,「自主・自律・人間尊重」 ／ 進学重視型単位制高校 ／ 進学指導特別推進校 ／ 創立から続く大家族主義,本校の教育目標であり、校訓でもある自主・自律の精神に基づき、生徒一人ひとりに責任ある行動を自覚させるとともに、個々の問題について厳しく指導しています。制服については、標準服が定められています。自転車通学は禁止しています。,https://www.metro.ed.jp/shinjuku-h/our_school/feature.html
402520,新宿山吹,通信制課程 グランドデザインPDF(180KB) ／ 定時制 教育課程 ／ 定時制 教育課程表 令和8年度入学生(普通科)PDF(175KB) ／ 定時制 教育課程表 令和8年度入学生(情報科)PDF(180KB),定時制 教科指導の重点　通信制_通信教育実施計画　通信制 教科指導の重点,https://www.metro.ed.jp/shinjukuyamabuki-h/our_school/education.html
405050,忍岡,「たくましく生きる力を身に付けた国際社会に有為な人材を育成する」 ／ 2 スクール・ミッションとスクール・ポリシー ／ (1)スクール・ミッション ／ (2)グラデュエーション・ポリシー（教育活動を通じて育成する生徒の姿）,基礎・基本の充実、専門家と連携した多様な選択科目や教育活動を通じて、個々の可能性を広げ、自分の道を切り拓く力を育てるとともに、自ら考え、判断し、行動し、互いに認め合い、豊かな人間性と社会性をもった、どのような状況の中でも常に学び続ける人間を目指して、たくましく生きる力を身に付けた国際社会に有為な人材を育成します。,https://www.metro.ed.jp/shinobugaoka-h/our_school/education.html
406280,篠崎,自分の良さを認識し、多様な人々と協働しながら、変化の激しい社会の担い手を育成する ／ 基礎学力を培い、自ら学び考え行動する力を育てる ／ 自らを律し、互いの人格を尊重し、多様性を重んじる態度を育てる ／ 自己肯定感を高め、社会に貢献する精神,基礎学力を培い自ら学び考え行動する力、自らを律し互いの人格を尊重し多様性を重んじる態度、自己肯定感を高め社会に貢献する精神を育てることを目指し、「伸ばします あなたの可能性」を合言葉に、分かる授業の実践、他者への思いやりを育む心の教育、中高連携事業や探究的活動を通して、地域社会に貢献できる生徒を育成します。,https://www.metro.ed.jp/shinozaki-h/our_school/education.html
408040,昭和,叡智を磨き、公正な判断力と規範意識を持ち、正義を実現する心を育む。（正しい心） ／ 勤労を尊び奉仕の心を持ち、明朗で健康的な生活を送る心を育む。（明るい心） ／ 先生からのメッセージ ／ 教務主任 小畠 一基,本校の在校生に学習のことについて尋ねると、毎週取り組む「週課題」の量が多いという声が聞こえてくるでしょう。それは多摩地区では本校だけが指定された「アドバンス校」（平成26年度より指定）として、進学指導推進校の上位を目指しているからです。本校に入学した生徒は1年次から、自学自習の習慣化、国公立大学・難関私立大学への進学を目指した学力向上のため、計画的に毎週の「週課題」を国数英の3教科で実施しています。こうした手厚く、きめ細やかな学習指導を学校全体で実施し、教職員全員が一丸となり、生徒に寄り添いながら学習を支援していきます。夏期講習では毎年約80講座の講習が組まれ、3年生は1人あたり平均5～6講座の講習を受講して、受験勉強に励んでいます。こうした取り組みや充実したサポート体制が、進学実績の伸びに結びついています。ぜひ本校の教育活動をご理解いただき、本校を希望する中学生の皆さんには、「自分に責任,https://www.metro.ed.jp/showa-h/our_school/education.html
407510,翔陽,＜スクール・ミッション＞ ／ ＜教育目標＞ ／ 〇基礎的な知識・技能を育成し、探究的・横断的な学習から実践力を育成する ／ 〇自主的な学習態度を養い、思考力・判断力・表現力や創造力を育成する,「自学・自律・自信」をモットーに、探究的な学び・キャリア教育・国際理解教育・豊かな人間性の育成に重点を置いた教育活動を展開し、探究学習の実践を通して、国際社会で活躍できる、創造性や対人能力を身に付けた生徒を育成します。,https://www.metro.ed.jp/shoyo-h/our_school/education.html
402750,総合工科,先生からのメッセージ ／ 教務主任：石川 信太郎 ／ 学校のグランドデザイン ／ グランドデザインPDF(391KB),進学を重視している専門学科高校として、普通科「数学」「英語」「物理」の3教科で 習熟度別授業 を行っています。個々の学力に応じた少人数指導により教員の目が届き、 個々に合った分量・スピード で学習ができます。また、「朝学習の 学び直し 」や、土曜日の外部講師による 学習サポート 、長期休業期間中の 講習会 を実施し、生徒は各々で頑張っています。3年生になると午後は毎日、 選択科目 が設けられており、各自の進路に向けて取り組んでいきます。,https://www.metro.ed.jp/sogokoka-h/our_school/education.html
403070,杉並,豊かな国際感覚を備えたグローバル人材育成 ／ GE-NET EE指定校（英語教育研究推進校） ／ 英語科では、習熟度別の少人数授業を取り入れ、一人一人の理解に応じた授業を展開しています。 ／ 海外学校間交流推進校,総合的な探究の時間の探究学習として、1年生を対象に「杉並ismプロジェクト」をスタートしました。本校生徒と地域の方々との対話を通じて、 自分と地域、自分と社会のつながりを意識しながら、地域の未来を創る本物の体験をすることを目的としています。生徒は、杉並ism プロジェクトを通して、なりたい自分を実現します。,https://www.metro.ed.jp/suginami-h/our_school/feature.html
403720,杉並工科,・個性を伸ばし、自主的にして協調性のある人をつくる。 ／ ・豊かな教養を備えた地球環境に配慮できる技術者をつくる。 ／ 本校の教育目標を達成するために、育てる力を定めています。 ／ ・幅広い教養を身につけ、生涯にわたって学び続ける力を育てま,ITや環境に関わる知識は、これからの世の中では、必要不可欠な当たり前の知識で、身に付ければ必ず役に立つ知識です。そして、今、産業界のあらゆる業種で、ITスキルと環境リテラシーを兼ね備えた人材が必要とされています。だから、本校にIT・環境科を設置して、杉並工科高校に入学してくる全ての人に、従来の国語や数学、英語などの授業と一緒にITと環境に関する授業を受けてもらうことにしました。,https://www.metro.ed.jp/suginamikoka-h/our_school/education.html
403410,杉並総合,スクールミッションポリシー ／ スクールミッションポリシー (93.6KB) ／ グランドデザイン ／ グランドデザイン(135KB),○ 個々の違いを理解し、自他の生命やルール･マナーを尊重するとともに、優れた国際感覚を持ち、世界を舞台に活躍できる人間の育成。 ○ 変化する社会にあって主体的に生きるための基礎・基本を身に付け、生涯を通じて学ぼうとする意欲と能力を持つ人,https://www.metro.ed.jp/suginamisogo-h/our_school/education.html
406020,墨田川,進学重視型単位制高校＆進学指導推進校 ／ 学業と学校行事・部活動との両立 ／ 100年の歴史と伝統 ／ 墨田川の授業,本校は令和4年度より、土日祝日は家庭学習や週末課題、部活動などに生徒が主体的に取り組めるようにするとともに、大学入学共通テストや難関私立大学の受験に対応できる時間数を確保できる「45分7時間授業（月～金）」を展開しています。また、放課後や長期休業日中の講習・補習、職員室前の廊下での生徒からの質問のやり取りや面談など、本校の先生方は1分1秒もおろそかにしていません。,https://www.metro.ed.jp/sumidagawa-h/our_school/feature.html
406730,墨田工科,(1) 学校の教育目標 ／ 生徒一人一人の知・徳・体の調和ある発達を図り、産業界が求める人材を育成する。 ／ を通して、確かな技術力と望ましい社会性を身に付け、自信や誇れるものを持つ生徒を育成する。 ／ (2) 学校の教育目標を達成するため,キャリア教育の充実と「人間と社会」の体験活動の一環として２学年生徒全員によるインターンシップの実施等を通し、生徒の自己実現を図る体制づくりを全教職員で意図的・計画的に推進し、よりよい生き方を主体的に選択し行動する力を身に付けさせる。,https://www.metro.ed.jp/sumidakoka-h/our_school/education.html
408030,砂川,【1】レポート提出による学習 ／ 【2】スクーリングによる学習 ／ レポート作成にかかる疑問点を解消することができます。質問することもできます。 ／ （例）「現代の国語」のスクーリング規定時間数２／「数学Ⅰ」のスクーリング規定時間数４,科目ごとに定められた時間数の登校スクーリングに出席することにより学習を進めます。単位修得には定められた時間数の登校スクーリング出席が必要です。スクーリングは土曜日の８：４０分～１５：５０まで５０分、７時間で行います。,https://www.metro.ed.jp/sunagawa-hc/our_school/education.html
406910,橘,地域や社会で産業人として活躍できる人を育てる。 ／ 人に感謝し、感謝される人を育てる。 ／ 規範意識と社会性を身につけた人を育てる。 ／ 高き理想（志）を掲げ、その夢の実現のために積極的に挑戦する人を育てる。,・集団生活における規範意識を身に付けさせ、他者を敬い、礼儀や規律を尊重する態度を育む。,https://www.metro.ed.jp/tachibana-h/our_school/education.html
408010,立川,立川高校（全日制課程）グランドデザイン (143.5KB) ／ 教育課程表-普通科 ／ 教育課程表-創造理数科 ／ 2026年間授業計画,主体的かつ創造的な学習への意欲を高め、基礎学力の充実と論理的思考力・健全な批判力を養い、世界に向けて発信することのできるリーダーとしての素養の獲得 文理にこだわらない幅広い素養と情報活用能力等を高いレベルで併せ持ち、それらを活かして新しいイノベーションを生み出すことのできる人材の育成,https://www.metro.ed.jp/tachikawa-h/our_school/education.html
408430,立川緑,【個 性】自分らしさと他者の個性を大切する ／ 【居場所】目標に向かってチャレンジできる（心の）居場所をつくる ／ 【自 立】社会の一員として自立し、他者と協働して未来を創り出す ／ Ⅱ スクール・ポリシー,正解のない社会の中で成長し続けるため、「本校のキャリア教育で育む４つの力」の育成を教育活動全体で推進していきます。 多様で柔軟な参加型の教育活動と肯定的評価のもと、生徒が学ぶ楽しさや意義を見いだし、主体的にチャレンジする精神を養います。,https://www.metro.ed.jp/tachikawamidori-he/our_school/education.html
403280,田柄,規律ある学校生活の中で、確かな学力を身に付け、国際社会に生きる広い視野をもった人を育成する。 ／ その実現のため、以下の目標を掲げる。 ／ 高い規範意識をもって、ルールやマナーを守る生徒を育てる。 ／ 広い視野をもち、国際社会に貢献と活躍で,規律ある学校生活の中で、確かな学力を身に付け、国際社会に生きる広い視野をもった人を育成する。,https://www.metro.ed.jp/tagara-h/our_school/education.html
404260,高島,2．自主性を伸ばし、規律と秩序を重んじる人物を育成する。 ／ 3．知性を高め、個性豊かで創造力に富む人物を育成する。 ／ 4．強い意志をもち、健康で情操豊かな人物を育成する。 ／ 大学進学に重点を置いたカリキュラム,始業時間の8:30から、英・数・国を中心に様々な教科の基礎基本を学習します。近年、キャリア学習も導入しており、幅広い学びを行う場となっています。 また、朝学習の導入以降、遅刻をする生徒が激減しました。生活規律が整うことで落ち着いた学習環境が生まれ、学習習慣の定着につながっています。,https://www.metro.ed.jp/takashima-h/our_school/education.html
404010,竹早,「自主自律」主体的に自己実現を図り、責任ある言動をとり、自分らしく生きる ／ 「眞実一路」真理を求めて意欲的に学び、幅広い知識と能力・適切な判断力・豊かな表現力を培う ／ 「清新溌剌」感性豊かな心と健やかな体を育み、生命・自然を大切にして、,本校は「自主自律」の精神のもと、確かな学力とともに自己実現に努力する意思と生涯学び続ける意欲を育む学校でありたいと考えています。そして、入学した生徒には、卒業後すぐの進路のためだけでなく、20年後の自分を見据えて学習してもらいたいと考えています。,https://www.metro.ed.jp/takehaya-h/our_school/education.html
405070,竹台,人権尊重の理念を基盤に、生徒が高い「規範意識」をもち、「感謝・礼儀・思いやり」を励行する。 ／ 確かな学力を向上させ、自ら学び考え行動する、個性と創造力豊かな人間を育てる。 ／ 特別活動、部活動の振興を通して、生徒の心身を鍛える。 ／ 生命,竹台高校では、２年生から文系と理系に分かれて問題演習に取り組む時間を確保し、確実に進路実現につなげられるようにしていきます。また、１年生の英語で習熟度別授業を行っております。そして、生徒の希望に応じた様々な進路に対応するための多種多様な選択授業が用意されています。さらに、長期休業中や土曜日などに講習や補習の実施を企画し、開催しています。竹台高校では多様な選択肢を通じて生徒の個性や進路に合わせた学びを支援しています。,https://www.metro.ed.jp/takenodai-h/our_school/education.html
408210,多摩,スクール・ミッション ／ 目指す学校像 ／ 生徒が、いじめや体罰がなく、安全・安心に明るく生活できる学校 ／ 教職員が、学校経営計画のもと、より良くしていこうとする組織風土のある学校,多摩高校では、3年間の学校生活（学習・学校行事・部活動等）を通して、社会で生きていく、もっと具体的に言えば、将来多様な人々とともに働いていくための力、卒業後に役立つ【社会人基礎力】を生徒に身に付けてもらうことを目標にしています。,https://www.metro.ed.jp/tama-h/our_school/education.html
409730,多摩科学技術,進路実現に必要な学力を確実に育てる。 ／ 柔軟な発想力と論理的な課題解決力を育てる。 ／ 社会人としての責任感と豊かな人間性を育てる。 ／ 自らの可能性に気づかせ、未来をひらく志を育てる。,本校の生徒は、理科、数学、実験、工作、コンピューター、ロボットなど、理系に興味・関心のある生徒が多くいます。個性的で理系が大好きな仲間があなたを待っています。そして、その仲間たちと3年間の高校生活を送ることができます。研究と探求の毎日は学力や偏差値だけでは測ることができない、本校の大きな魅力です。,https://www.metro.ed.jp/tamakagakugijutsu-h/our_school/education.html
408710,多摩工科,互いの人格を尊重し、思いやりと規範意識のある豊かな人間性を育てる。 ／ 心身の健全な育成を図り、勤労と責任を重んじる態度を育てる。 ／ 社会生活に必要な基礎･基本的な能力と実践的技術者としての能力･態度を育成する。 ／ (2) 学校の教育目,本校の教育目標を全生徒に周知するとともに、生活指導や部活動を通じて規範を重んじる行動を身に付けさせ、学校生活を通じて他者を思いやる豊かな心の育成に努める。,https://www.metro.ed.jp/tamakoka-h/our_school/education.html
409070,田無,個性と能力の伸長を図り、知性と想像力を育てる。 ／ 互いに人格を尊重し、思いやりと協力の精神を培う。 ／ 身体を鍛えるとともに、たくましく豊かな情操を養う。 ／ 自ら正しく判断し、勇気と責任ある行動をする。,知識基盤社会を生きる学力を育成するとともに、学校行事や部活動などにおける活発な教育活動を通して、｢徳｣｢知｣｢体｣の調和のとれた生きる基盤を培い、将来に向けたより高い目標を定めて進路を実現する学校,https://www.metro.ed.jp/tanashi-h/our_school/education.html
409720,田無工科,社会の有為な形成者として必要な資質を培い、実践力を身につけた技術者を育成する。 ／ ◇学校の教育目標を達成するための基本方針 ／ 全教職員が一体となって学校経営計画を推進する。 ／ 重点支援校として培った様々な実績の上にさらに学校改革を一層,基礎的な学力と技能の充実を図り、実践力と豊かな創造力を兼ね備えた技術者の育成につとめる。 放課後や長期休業日などを積極的に活用して、資格取得や技能のための講習会を実施し、技術者として必要な力を養う。,https://www.metro.ed.jp/tanashikoka-h/our_school/education.html
404040,豊島,特色ある進学指導 ／ 進路探究合宿 ／ 各種ガイダンス ／ 生徒と保護者の大学訪問会,本校で定める学校経営計画には、「一段高い進路希望の実現」というキーワードがあります。進路指導部では、3年間を見通したキャリア教育を実施し、みなさんの進路意識を揺さぶることで、安易に入りやすい専門学校・入りやすい大学で妥協することのないよう、様々な工夫を凝らしていきます。最初は遥か遠くにある、雲の上の存在だった大学が、本校の特徴ある進路指導によって、きっと皆さんには近い存在となり、いずれは母校になることでしょう。そのために本校の教職員は、全力でサポートすることをお約束します。,https://www.metro.ed.jp/toshima-h/our_school/education.html
402010,戸山,幅広い教養と総合力を培う教育の推進 ／ 自主学習の推進と文「部」両道の実現 ／ 強い意志と高い志の育成 ／ グランドデザイン,自主的・創造的精神にみちた国家及び社会の有為な形成者を育成する。　幅広い教養と総合力を培う教育の推進　自主学習の推進と文「部」両道の実現　強い意志と高い志の育成,https://www.metro.ed.jp/toyama-h/our_school/education.html
403060,豊多摩,自ら学び考え行動する力と向学心を養い、学力を向上する ／ 自主・自律の精神を養い、思いやりと規範意識を育てる ／ 社会貢献の精神と広い視野に立った世界観を養成する ／ 能力や個性に応じて、的確な進路を選択する力を育成する,「平和で民主的な国家・社会の有為な形成者を育成する」　自ら学び考え行動する力と向学心を養い、学力を向上する　自主・自律の精神を養い、思いやりと規範意識を育てる　社会貢献の精神と広い視野に立った世界観を養成する　能力や個性に応じて、的確な進路を選択する力を育成する　個性や創造力を伸長し、明朗な精神と健康な身体を育成する,https://www.metro.ed.jp/toyotama-h/our_school/education.html
401410,つばさ総合,グランドデザイン (285.5KB) ／ スクール・ポリシー(157KB) ／ 教育課程表（令和６，７年度入学生用） (105.4KB) ／ 教育課程表（令和８年度入学生用） (251.8KB),時代の変化に即応する総合教育を通して、生徒の主体的な学習を促し、個性を伸長させ、国家および社会の有為な形成者として必要な資質を育成する。 生涯にわたって継続的に学習する意欲や態度を育て、自主・自律・自治の規範を持って自己実現を図れる力を培う。,https://www.metro.ed.jp/tsubasasogo-h/our_school/education.html
405060,上野,「叡智健康」 ／ グランドデザイン ／ グランドデザインPDF(464KB) ／ 東京都立上野高等学校スクール・ポリシー,「己を持するや自主、他と共にするや協調」の根本に立ち、個性の伸長に努め、自主的に行動するとともに、人格と人権を尊重して互いに協力し合う態度を身に付けさせる。さらに自律的な態度を伸長するとともに、規範意識を高め、社会の一員として社会に貢献できる人間の育成を目指す。,https://www.metro.ed.jp/ueno-h/our_school/education.html
410410,若葉総合,令和８年度年間行事予定 (236.1KB) ／ 学校のグランドデザイン ／ グランドデザインPDF(200KB) ／ ・ 2026(令和8年度)教育課程表,令和８年度：年間行事計画　・ 2026(令和8年度)教育課程表　本校は普通科に比べ、２年次以降の選択科目が多いのが特徴です,https://www.metro.ed.jp/wakabasogo-h/our_school/education.html
407260,山崎,教科主任会議を中心に学力向上について具体的な方策を検討する。 ／ 教科主任を中心にシラバスを作成し、各教科で授業規律の厳守を図る。 ／ 全教員の授業動画を年２回撮影し学校全体で共有化を進め、授業力の向上を図る。 ／ コンソーシアム会議を活か,ユネスコスクールとしてESD教育の推進拠点となる持続可能な教育実践に取組み、自らの行動に自信をつけさせ自己肯定感を高める教育活動を通して、生徒一人一人が変化する社会に柔軟に対応する力（知識・技能・思考力・判断力・表現力・コミュニケーション力）を培い、共に挑戦し学び続ける心構えが身に付いた生徒を育成する。,https://www.metro.ed.jp/yamasaki-h/our_school/education.html
401240,雪谷,学問を愛し、知性を高める ／ 体力の向上に努め、健全な心身を養う。 ／ 人権を尊重し、協調及び互助の精神を養う。 ／ 地域理解を進め、国際的視野に立って社会に貢献する人間の育成を図る。,家庭と連携し、生活指導部、学年等、組織的な指導を繰り返して、遅刻指導や高校生にふさわしい品位ある身だしなみ・マナーの指導の徹底を図る。,https://www.metro.ed.jp/yukigaya-h/our_school/education.html
