school_number,name,ward,address,lat,lon,source
401010,一橋,千代田区,東神田1-12-13,35.694569,139.781027,P29
401020,日比谷,千代田区,永田町2-16-1,35.676262,139.740036,P29
401040,三田,港区,三田1-4-46,35.652386,139.742694,P29
401210,大崎,品川区,豊町2-1-7,35.609477,139.72114,P29
401220,八潮,品川区,東品川3-27-22,35.611727,139.746291,P29
401230,小山台,品川区,小山3-3-32,35.621179,139.703602,P29
401240,雪谷,大田区,久が原1-14-1,35.585759,139.689428,P29
401250,大森,大田区,西蒲田2-2-1,35.571599,139.709614,P29
401260,田園調布,大田区,田園調布南27-1,35.582242,139.676638,P29
401290,蒲田,大田区,蒲田本町1-1-30,35.557425,139.714959,P29
401410,つばさ総合,大田区,本羽田3-11-5,35.547354,139.73951,P29
401420,六本木,港区,六本木6-16-36,35.657905,139.731171,P29
401510,六郷工科,大田区,東六郷2-18-2,35.547963,139.71561,P29
401520,美原,大田区,大森東1-33-1,35.577992,139.740366,P29
401610,芝商業,港区,海岸1-8-25,35.656451,139.760603,P29
401620,大田桜台,大田区,中馬込3-11-10,35.592234,139.703693,P29
402010,戸山,新宿区,戸山3-19-1,35.706803,139.710328,P29
402030,駒場,目黒区,大橋2-18-1,35.654898,139.685888,P29
402040,目黒,目黒区,祐天寺2-7-15,35.637043,139.695298,P29
402060,新宿,新宿区,内藤町11-4,35.689267,139.705247,P29
402070,青山,渋谷区,神宮前2-1-8,35.672744,139.716177,P29
402080,広尾,渋谷区,東4-14-14,35.653624,139.712645,P29
402210,松原,世田谷区,桜上水4-3-5,35.665138,139.635088,P29
402220,桜町,世田谷区,用賀2-4-1,35.626382,139.640188,P29
402250,千歳丘,世田谷区,船橋3-18-1,35.652275,139.624829,P29
402270,深沢,世田谷区,深沢7-3-14,35.623338,139.648006,P29
402410,世田谷泉,世田谷区,北烏山9-22-1,35.672854,139.590955,P29
402420,世田谷総合,世田谷区,岡本2-9-1,35.620024,139.619132,P29
402520,新宿山吹,新宿区,山吹町81,35.706931,139.728199,P29
402530,芦花,世田谷区,粕谷3-8-1,35.659227,139.60529,P29
402620,第一商業,渋谷区,鉢山町8-1,35.650189,139.698904,P29
402750,総合工科,世田谷区,成城9-25-1,35.651963,139.595692,P29
402810,園芸,世田谷区,深沢5-38-1,35.6188,139.648279,P29
402930,国際,目黒区,駒場2-19-59,35.659293,139.67895,P29
402940,総合芸術,新宿区,富久町22-1,35.693625,139.716091,P29
403010,鷺宮,中野区,若宮3-46-8,35.720353,139.643658,P29
403020,富士,中野区,弥生町5-21-1,35.689653,139.667108,P29
403030,武蔵丘,中野区,上鷺宮2-14-1,35.728672,139.631572,P29
403040,荻窪,杉並区,荻窪5-7-20,35.701791,139.619737,P29
403050,西,杉並区,宮前4-21-32,35.691863,139.605125,P29
403060,豊多摩,杉並区,成田西2-6-18,35.688885,139.628261,P29
403070,杉並,杉並区,成田西4-15-15,35.696943,139.631178,P29
403210,石神井,練馬区,関町北4-32-48,35.730652,139.571393,P29
403220,井草,練馬区,上石神井2-2-43,35.727665,139.598309,P29
403230,大泉,練馬区,東大泉5-3-1,35.745594,139.593631,P29
403240,練馬,練馬区,春日町4-28-25,35.757169,139.642111,P29
403250,光丘,練馬区,旭町2-1-35,35.76724,139.624674,P29
403280,田柄,練馬区,光が丘2-3-1,35.762869,139.634681,P29
403410,杉並総合,杉並区,下高井戸5-17-1,35.676564,139.622666,P29
403420,稔ヶ丘,中野区,上鷺宮5-11-1,35.727922,139.625779,P29
403510,大泉桜,練馬区,大泉町3-5-7,35.76393,139.597204,P29
403630,第四商業,練馬区,貫井3-45-19,35.739767,139.626618,P29
403710,中野工科,中野区,野方3-5-5,35.716687,139.656744,P29
403720,杉並工科,杉並区,上井草4-13-31,35.719057,139.599122,P29
403730,練馬工科,練馬区,早宮2-9-18,35.754157,139.654397,P29
403810,農芸,杉並区,今川3-25-1,35.718107,139.603826,P29
404010,竹早,文京区,小石川4-2-1,35.712387,139.744162,P29
404020,向丘,文京区,向丘1-11-18,35.721565,139.754819,P29
404040,豊島,豊島区,千早4-9-21,35.738718,139.682582,P29
404050,文京,豊島区,西巣鴨1-1-5,35.736093,139.728773,P29
404210,北園,板橋区,板橋4-14-1,35.750515,139.715882,P29
404220,板橋,板橋区,大谷口1-54-1,35.742006,139.689404,P29
404250,大山,板橋区,小茂根5-18-1,35.753798,139.674636,P29
404260,高島,板橋区,高島平3-7-1,35.786307,139.653205,P29
404410,桐ヶ丘,北区,赤羽北3-5-22,35.781772,139.707379,P29
404420,王子総合,北区,滝野川3－54－7,35.747329,139.730751,P29
404510,飛鳥,北区,王子6-8-8,35.761616,139.73951,P29
404520,板橋有徳,板橋区,徳丸2-17-1,35.772345,139.661232,P29
404640,千早,豊島区,千早3-46-21,35.73613,139.685515,P29
404710,工芸,文京区,本郷1-3-9,35.702655,139.756684,P29
404730,北豊島工科,板橋区,富士見町28-1,35.760818,139.697151,P29
404910,赤羽北桜,北区,西が丘3-14-20,35.769899,139.709504,P29
405040,白鴎,台東区,元浅草1-6-22,35.708177,139.783021,P29
405050,忍岡,台東区,浅草橋5-1-24,35.700504,139.782497,P29
405060,上野,台東区,上野公園10-14,35.718569,139.770076,P29
405070,竹台,荒川区,東日暮里5-14-1,35.726132,139.777796,P29
405210,足立,足立区,中央本町1-3-9,35.770721,139.804944,P29
405220,江北,足立区,西綾瀬4-14-30,35.767573,139.820572,P29
405230,淵江,足立区,東保木間2-10-1,35.792027,139.81171,P29
405240,足立西,足立区,江北5-7-1,35.776197,139.76825,P29
405250,足立東,足立区,大谷田2-3-5,35.78126,139.845417,P29
405260,青井,足立区,青井1-7-35,35.773605,139.812386,P29
405270,足立新田,足立区,新田2-10-16,35.770091,139.741525,P29
405410,晴海総合,中央区,晴海1-2-1,35.660629,139.786102,P29
405420,小台橋,足立区,小台2-1-31,35.755574,139.761494,P29
405520,浅草,台東区,今戸1-8-13,35.719518,139.802531,P29
405710,蔵前工科,台東区,蔵前1-3-57,35.700461,139.791031,P29
405720,荒川工科,荒川区,南千住6-42-1,35.737505,139.792322,P29
405730,足立工科,足立区,西新井4-30-1,35.787579,139.777766,P29
406010,両国,墨田区,江東橋1-7-14,35.69431,139.810128,P29
406020,墨田川,墨田区,東向島3-34-14,35.721878,139.816222,P29
406030,本所,墨田区,向島3-37-25,35.714402,139.811345,P29
406040,葛飾野,葛飾区,亀有1-7-1,35.755815,139.845749,P29
406050,南葛飾,葛飾区,立石6-4-1,35.744519,139.847907,P29
406070,日本橋,墨田区,八広1-28-21,35.719641,139.824267,P29
406210,深川,江東区,東陽5-32-19,35.67105,139.815488,P29
406220,東,江東区,東砂7-19-24,35.673733,139.837022,P29
406230,城東,江東区,大島3-22-1,35.69308,139.828984,P29
406240,小松川,江戸川区,平井1-27-10,35.702563,139.85188,P29
406250,江戸川,江戸川区,松島2-38-1,35.708224,139.866059,P29
406260,小岩,江戸川区,本一色3-10-1,35.721208,139.869435,P29
406270,葛西南,江戸川区,南葛西1-11-1,35.653582,139.870766,P29
406280,篠崎,江戸川区,東篠崎1-10-1,35.700414,139.915959,P29
406290,紅葉川,江戸川区,臨海町2-1-1,35.652754,139.859029,P29
406410,大江戸,江東区,千石3-2-11,35.679442,139.817853,P29
406420,葛飾総合,葛飾区,南水元4-21-1,35.777696,139.864988,P29
406620,葛飾商業,葛飾区,新宿3-14-1,35.757221,139.864935,P29
406630,江東商業,江東区,亀戸4-50-1,35.702473,139.831498,P29
406640,第三商業,江東区,越中島3-3-1,35.662942,139.79558,P29
406720,本所工科,葛飾区,南水元4-21-1,35.7774,139.864154,P29
406730,墨田工科,江東区,森下5-1-7,35.685241,139.806974,P29
406760,葛西工科,江戸川区,一之江7-68-1,35.683599,139.878626,P29
406780,科学技術,江東区,大島1-2-31,35.686965,139.821157,P29
406810,農産,葛飾区,西亀有1-28-1,35.758988,139.841959,P29
406910,橘,墨田区,立花4-29-7,35.708911,139.833508,P29
407020,富士森,八王子市,長房町420-2,35.657274,139.302103,P29
407030,片倉,八王子市,片倉町1643,35.629793,139.340821,P29
407040,八王子東,八王子市,高倉町68-1,35.662105,139.364594,P29
407050,八王子北,八王子市,楢原町601,35.685548,139.303568,P29
407070,松が谷,八王子市,松が谷1772,35.628649,139.410417,P29
407080,日野,日野市,石田1-190-1,35.66734,139.424555,P29
407090,日野台,日野市,大坂上4-16-1,35.672708,139.38624,P29
407100,南平,日野市,南平8-2-3,35.651545,139.396208,P29
407210,町田,町田市,中町4-25-3,35.553387,139.44928,P29
407230,野津田,町田市,野津田町2001,35.589734,139.437524,P29
407240,成瀬,町田市,成瀬7-4-1,35.54218,139.475101,P29
407250,小川,町田市,小川2-1002-1,35.53266,139.469153,P29
407260,山崎,町田市,山崎町1453-1,35.576722,139.434039,P29
407420,町田総合,町田市,木曽西3-5-1,35.570418,139.416833,P29
407510,翔陽,八王子市,館町1097-136,35.629991,139.291936,P29
407520,八王子拓真,八王子市,台町3-25-1,35.654438,139.317215,P29
407720,町田工科,町田市,忠生1-20-2,35.575623,139.422135,P29
407910,八王子桑志,八王子市,千人町4-8-1,35.657771,139.305838,P29
408010,立川,立川市,錦町2-13-5,35.692606,139.412988,P29
408030,砂川,立川市,泉町935-4,35.718085,139.416824,P29
408040,昭和,昭島市,東町2-3-21,35.704329,139.387132,P29
408050,拝島,昭島市,拝島町4-13-1,35.703876,139.343329,P29
408060,東大和,東大和市,中央3-945,35.745491,139.42455,P29
408070,武蔵村山,武蔵村山市,中原1-7-1,35.756929,139.365954,P29
408090,東大和南,東大和市,桜が丘3-44-8,35.731965,139.423405,P29
408210,多摩,青梅市,裏宿町580,35.789832,139.246541,P29
408230,福生,福生市,北田園2-11-3,35.736709,139.322126,P29
408240,秋留台,あきる野市,平沢153-4,35.732208,139.300787,P29
408250,羽村,羽村市,羽4152-1,35.765174,139.331599,P29
408260,五日市,あきる野市,五日市894,35.729378,139.217815,P29
408420,青梅総合,青梅市,勝沼1-60-1,35.788967,139.269099,P29
408430,立川緑,立川市,錦町6-3-1,35.689713,139.41893,geocode
408510,上水,武蔵村山市,大南4-62-1,35.735019,139.412029,P29
408710,多摩工科,福生市,熊川215,35.716004,139.338326,P29
408820,瑞穂農芸,瑞穂町,石畑2027,35.777253,139.3602,P29
409010,武蔵,武蔵野市,境4-13-28,35.707797,139.539279,P29
409020,武蔵野北,武蔵野市,八幡町2-3-10,35.720012,139.557548,P29
409030,小金井北,小金井市,緑町4-1-1,35.705461,139.516785,P29
409040,保谷,西東京市,住吉町5-8-23,35.745795,139.555418,P29
409060,久留米西,東久留米市,野火止2-1-44,35.761967,139.512368,P29
409070,田無,西東京市,向台町5-4-34,35.720225,139.528956,P29
409210,小平,小平市,仲町112,35.733032,139.483727,P29
409220,小平西,小平市,小川町1-502-95,35.7256,139.442144,P29
409230,東村山,東村山市,恩多町4-26-1,35.759798,139.476577,P29
409240,国分寺,国分寺市,新町3-2-5,35.712265,139.447774,P29
409250,清瀬,清瀬市,松山3-1-56,35.769649,139.515074,P29
409270,小平南,小平市,上水本町6-21-1,35.711646,139.474999,P29
409280,東村山西,東村山市,富士見町5-4-41,35.749159,139.455188,P29
409410,東久留米総合,東久留米市,幸町5-8-46,35.762128,139.519612,P29
409710,小金井工科,小金井市,本町6-8-9,35.700596,139.501356,P29
409720,田無工科,西東京市,向台町1-9-1,35.720079,139.548622,P29
409730,多摩科学技術,小金井市,本町6-8-9,35.700574,139.5,P29
410020,神代,調布市,若葉町1-46-1,35.657434,139.585926,P29
410030,調布北,調布市,深大寺北町5-39-1,35.680051,139.548616,P29
410040,調布南,調布市,多摩川6-2-1,35.644023,139.539547,P29
410050,狛江,狛江市,元和泉3-9-1,35.627318,139.570376,P29
410210,府中,府中市,栄町3-3-1,35.687647,139.47484,P29
410220,府中東,府中市,押立町4-21,35.656506,139.51529,P29
410230,府中西,府中市,日新町4-6-7,35.671885,139.446487,P29
410240,国立,国立市,東4-25-1,35.688092,139.449063,P29
410250,永山,多摩市,永山5-22,35.614736,139.448559,P29
410410,若葉総合,稲城市,坂浜1434-3,35.618004,139.478833,P29
410610,第五商業,国立市,中3-4-1,35.689265,139.44068,P29
410710,府中工科,府中市,若松町2-19-1,35.672455,139.500421,P29
410810,農業,府中市,寿町1-10-2,35.676619,139.478648,P29
411010,大島,大島町,元町字八重の水127,34.765488,139.359698,P29
411030,新島,新島村,本村4-10-1,34.369064,139.258324,P29
411040,神津,神津島村,神津島村1620,34.202612,139.133982,P29
411910,大島海洋国際,大島町,差木地字下原996-1,34.682409,139.431885,P29
412010,三宅,三宅村,坪田4586,34.058785,139.537764,P29
413010,八丈,八丈町,大賀郷3020,33.107786,139.779196,P29
414010,小笠原,小笠原村,父島字清瀬,27.100331,142.199388,P29
