school_number,school,club,year,meet,text,flag,source
401250,大森,女子バレーボール部,平成30年,東京都大会,実績: 平成30年度 夏季大会ブロック準優勝(東京都ベスト32) 新人リーグ戦優勝 平成31年度 春季リーグ戦優勝 総体予選 5回戦進出(東京都ベスト48) バドミントン部 活動日 月・水・木・金・(土)・日 活動内容 ・基礎練習 ・練習,要確認,https://www.metro.ed.jp/omori-h/school_life/activities.html
401260,田園調布,陸上競技部,令和７年度,東京都大会（予選）,令和７年度はインターハイ地域予選で男子やり投げ８位、女子走り高跳び４位となり東京都大会本選に出場しました,OK,https://www.metro.ed.jp/den-enchofu-h/school_life/activities.html
401410,つばさ総合,弓道部,令和７年度,東京都大会,公式戦で勝ち上がることを目標に日々一生懸命練習しており、令和７年度は東京都国公立大会でベスト16に入ることができました,要確認,https://www.metro.ed.jp/tsubasasogo-h/school_life/activities.html
401410,つばさ総合,ダンス部,令和2年度,全国大会,令和2年度は関東ダンスドリル秋季競技大会HIPHOP女子部門Large編成で2位となり全国大会へ進出しました,OK,https://www.metro.ed.jp/tsubasasogo-h/school_life/activities.html
401520,美原,女子バレーボール部,令和2年度,東京都大会,令和2年度は東京都ベスト16 ・令和3年度は東京都ベスト64 ・令和4年度は総体予選にて東京都ベスト32 に進出,要確認,https://www.metro.ed.jp/mihara-h/school_life/activities.html
401620,大田桜台,硬式テニス部,令和7年度,東京都大会,令和7年度実績 東京都高等学校新人テニス選手権大会 女子シングルス本選出場 都立高校テニス選手権大会 女子シングルス ベスト３２ 東京都旧一学区テニス大会 女子シングルス 優勝 女子ダブルス 3位 女子団体 準優勝 東京都商業高等学校テニ,OK,https://www.metro.ed.jp/otasakuradai-h/school_life/activities.html
401620,大田桜台,女子バレーボール部,令和7年度,,令和7年度商高連大会では準優勝という結果を残しました,OK,https://www.metro.ed.jp/otasakuradai-h/school_life/activities.html
402060,新宿,硬式野球部,令和6年度,東京都大会,会団体ベスト8 硬式野球部 活動日 月水木金(土日はシーズンによって変動) 部員数 3年10人(内MG2人) 2年14人(内MG2人) 1年14人(内MG1人) 活動実績 令和 6年度 春季東京都高等学校野球大会本大会 2回戦 全国高等学校,要確認,https://www.metro.ed.jp/shinjuku-h/school_life/activities.html
402060,新宿,水泳部,令和7年度,東京都大会,10人 3年生（79回生）：12人 計 ：36人（内マネージャー5人 ） 活動実績 令和7年度東京都十六高校対抗水上競技大会 （A決勝 進出、 400m個人メドレー 優勝…） 令和7年度東京都高等学校新人水泳競技大会（A決勝進出） 参加大会,OK,https://www.metro.ed.jp/shinjuku-h/school_life/activities.html
402060,新宿,剣道部,令和5年度,東京都大会,剣道部 活動日 月、火、金、土、（日）…大会等があるとき 部員数 3年生 5人 2年生 3人 １年生 5人 活動実績 令和5年度 全国高校剣道大会都予選 男子団体ベスト32 令和6年度 全国高校剣道大会都予選 男子団体ベスト32 東京都国,要確認,https://www.metro.ed.jp/shinjuku-h/school_life/activities.html
402060,新宿,剣道部,令和7年度,東京都大会（予選）,公立高校剣道大会 男子団体ベスト16 女子団体ベスト8 令和7年度 関東大会個人都予選 3年男子ベスト３２ 全国高校剣道大会 女子都予選出場 弓道部 活動日：月・火・木・金・月二回日曜日(たまに土曜日) 部員数：79回生 1 １名、80回生,要確認,https://www.metro.ed.jp/shinjuku-h/school_life/activities.html
402060,新宿,チアリーディング部,令和5年度,全国大会,ディング選手権大会（関東大会） チアリーディング スピリッツ演技部門 優勝 令和 5年度 ・第 34回全日本高等学校チアリーディング選手権大会 (全国大会) Division1 決勝進出 令和6年 ・令和6年度東京都総合体育大会第11回チア,要確認,https://www.metro.ed.jp/shinjuku-h/school_life/activities.html
402420,世田谷総合,女子バレーボール部,令和5年度,,令和5年度夏季大会ベスト 32・Bブロック第3位 令和5年度新人選手権大会予選リーグ優勝 令和5年度新人選手権大会ベスト80 令和6年度春季大会予選リーグ優勝 令和6年度春季大会ベスト64 顧問 保健体育科 丸本（令和5年度2023.04,要確認,https://www.metro.ed.jp/setagayasogo-h/school_life/activities.html
402530,芦花,弓道部,令和元年度,,令和元年度には念願の全国優勝を果たしました,OK,https://www.metro.ed.jp/roka-h/school_life/activities.html
402620,第一商業,女子バレーボール部,令和4年度,東京都大会,実績 令和4年度 東京都高等学校体育連盟主催新人戦予選大会 第１位 男子バスケットボール部 活動日 月・水・木・金・休日 活動内容 平日：体育館練習、トレーニング 休日：合同練習、練習試合,要確認,https://www.metro.ed.jp/daiichishogyo-h/school_life/activities.html
402620,第一商業,ソフトテニス部,令和4年度,,実績 令和4年度 商高連盟大会 男子ダブルス準優勝 令和2年度 商高連盟大会 男子ダブルス優勝/準優勝、女子ダブルス準優勝 令和元年度 商高連盟大会 男子ダブルス優勝 硬式テニス部 活動日 週4回（月・水・木・土）の練習,要確認,https://www.metro.ed.jp/daiichishogyo-h/school_life/activities.html
402620,第一商業,サッカー部,令和５年度,東京都大会,東京都立商業高校サッカー大会 東京都３地区ユースリーグ３部に所属 実績 令和５年度東京都立商業高等学校サッカー大会優勝 バトン部 活動日 週3回（月・木・金） 活動内容 チアリーディングやバトントワリングの練習（チアリーディングをメインに,要確認,https://www.metro.ed.jp/daiichishogyo-h/school_life/activities.html
402620,第一商業,吹奏楽部,令和4年度,東京都大会,実績 令和4年度 東京都高等学校アンサンブルコンテスト 銀賞 令和4年度 東京都高等学校吹奏楽コンクール 銀賞 写真部 活動日 全体による活動は週1回（金曜日） 活動内容 プロのフォトグラファーに、外部指導員として直接指導してもらっていま,要確認,https://www.metro.ed.jp/daiichishogyo-h/school_life/activities.html
402620,第一商業,簿記研究部,令和4年度,東京都大会,簿記研究部 活動日 個人の学習ペースによる 活動内容 1：授業の予習・復習 2：検定の早期取得 3：簿記競技大会への参加 実績 令和4年度東京都高等学校簿記競技大会 団体戦優勝・個人戦優勝 令和3年度東京都高等学校簿記競技大会 団体戦第二,要確認,https://www.metro.ed.jp/daiichishogyo-h/school_life/activities.html
402620,第一商業,簿記研究部,令和2年度,東京都大会,等・個人戦優勝 令和2年度東京都簿記コンクール新人戦 団体戦第二等・個人戦優勝 令和元年度東京都簿記コンクール新人戦 団体戦第三等 平成31年度東京都簿記コンクール新人戦 団体戦優勝・個人戦優勝 パソコン部 活動日 個人により週1日～週5日,要確認,https://www.metro.ed.jp/daiichishogyo-h/school_life/activities.html
402620,第一商業,パソコン部,令和元年度,,程度 検定や大会前は活動日は多くなる 活動内容 各種パソコン系の資格取得に向けての学習（情報処理検定、ビジネス文書実務検定、ITパスポートなど） ワープロ競技大会への参加 実績 令和元年度全東京高等学校ワープロ競技大会新人戦文書部門団体2位,要確認,https://www.metro.ed.jp/daiichishogyo-h/school_life/activities.html
402930,国際,,令和4年度,東京都大会,家庭科） 令和4年度 STOP! 若者の消費者トラブルCM シナリオ・動画コンテスト 入賞（家庭科） 第10回 SAGE JAPAN CUP準優勝、審査員特別賞、SDGs賞（家庭科） 第73回 東京都高等学校英語 プレイコンテスト 準優勝、,OK,https://kokusai-h.metro.ed.jp/life/club.html
402940,総合芸術,映像放送制作部,平成29年,,受賞歴：平成29年11月11日（土） アジア最大規模の映像コンテスト「第19回 DigiCon6 ASIA」主催 TBS ユース部門銀賞（JAPAN Youth Silver)入賞しました,OK,https://www.metro.ed.jp/sogo-geijutsu-h/school_life/activities.html
403210,石神井,女子バスケットボール部,令和5年度,東京都大会（予選）,女子バスケットボール部 活動日 月・火・水・金・土・(日)（不定期に休日あり） 活動場所 体育館・剣道場・多目的ホール 活動内容・活動報告 令和5年度インターハイ予選3回戦進出、東京都U18ブロックリーグ３位 令和6年度関東予選・インター,要確認,https://www.metro.ed.jp/shakujii-h/school_life/activities.html
403240,練馬,女子バレーボール部,令和７年度,,」 女子バレーボール部 活動日：月・水・金・土・日 人数：21人（３年５人、２年７人、１年９人） 活動内容：パス、基礎練習、スパイク、サーブ、ゲーム、その他 活動実績：令和７年度夏季大会準優勝 サッカー部 部員数 3年 3人 2年生 7人,要確認,https://www.metro.ed.jp/nerima-h/school_life/activities.html
403410,杉並総合,バドミントン部,令和5年度,全国大会,女子チームは令和5年度は目標にしていた西東京ベスト４を達成し、国公立で行われる全国大会にも、西東京唯一の代表として出場することができました,要確認,https://www.metro.ed.jp/suginamisogo-h/school_life/activities.html
403630,第四商業,サッカー部,令和８年度,,サッカー部 部員数（令和８年度） 男子：４名 活動日 月・火・木・金 土or日に練習試合もしくは公式戦 活動内容 令和元年度は商業大会で2度目の優勝を果たし、今年度は3年ぶりに高体連主催の大会で勝利を収めることができました,要確認,https://www.metro.ed.jp/daiyonsyogyo-h/school_life/activities.html
403810,農芸,男子バスケットボール部,令和７年度,東京都大会（予選）,３ 活動実績 ４月 関東予選 （東京都高体連主催） ５月 インターハイ予選 （東京都高体連主催） ６月 農業大会 （令和７年度３位入賞） １０月 新人戦支部大会 （東京都高体連主催） １２月 農業大会 ２月 杉並大会 ４ 中学生部活動体験,OK,https://www.metro.ed.jp/nogei-h/school_life/activities.html
404040,豊島,吹奏楽部,令和６年度,東京都大会,生徒会 豊島高校部活動方針 部活動 吹奏楽部 活動日 火・水・金・土・日 主な活動場所 音楽室・一般教室 昨年度（令和６年度）の活動実績 ・東京都高等学校吹奏楽コンクール A組 金賞・代表（５年連続都大会出場） B組 金賞 C組 金賞・最優,要確認,https://www.metro.ed.jp/toshima-h/school_life/activities.html
404040,豊島,陸上競技部,令和7年度,東京都大会,実績 新人戦4回戦、都立個人戦5回戦、秋季団体戦ベスト16 指導者 顧問（３名）、部活動指導員（１名） 陸上競技部 活動日 月・火・水・金・土 主な活動場所 グラウンド・外周・城北公園 他 過去の大会実績 令和7年度の実績 ・支部予選大会,要確認,https://www.metro.ed.jp/toshima-h/school_life/activities.html
404040,豊島,陸上競技部,令和6年度,東京都大会,"男子100m、女子砲丸投げ都大会出場 ・豊島区民駅伝 女子優勝 女子1,2,3区、男子4区区間賞 ・目白ロードレース 高校生～30歳未満女子5.2km 3位、5位 令和6年度の実績 ・豊島区民駅伝 女子優勝 男子３位 ・昭和記念公園リレーマ",OK,https://www.metro.ed.jp/toshima-h/school_life/activities.html
404040,豊島,軟式野球部,令和元年度,東京都大会,火・水・金・土・日 主な活動場所 旧上板橋二中・旭丘中・近隣都立高校 過去の大会実績 令和元年度夏季選手権大会都ベスト4 令和2年度春季大会都ベスト16 バドミントン部 活動日 月・火・木・金・土 ※水曜日・日曜日はオフ 週2日の休養日は確,要確認,https://www.metro.ed.jp/toshima-h/school_life/activities.html
404040,豊島,女子バスケットボール部,令和５年度,,女子バスケットボール部 活動日 火・水・木・金・土・日 主な活動場所 体育館・柔道場・トレーニングルーム・外部体育館 過去の大会実績 令和５年度 新人大会都ベスト３２ 令和５年度 春季大会都ベスト３２ 令和６年度 新人大会都ベスト３２ 令,要確認,https://www.metro.ed.jp/toshima-h/school_life/activities.html
404040,豊島,女子バスケットボール部,令和６年度,,和６年度 春季大会都ベスト３２ 令和６年度 総合体育大会都ベスト３２ 令和７年度 新人大会都ベスト１６ 令和７年度 春季大会都ベスト１６ 文化・スポーツ特別推薦を実施しています,要確認,https://www.metro.ed.jp/toshima-h/school_life/activities.html
404040,豊島,柔道部,令和5年度,東京都大会（予選）,水・金・土 主な活動場所 柔道場 過去の大会実績（令和5年度） 〇第71回関東大会東京都予選会 女子団体戦出場／女子個人戦-52kg級第9位／女子個人戦+78kg級出場 〇第72回総合体育大会東京都予選会 男子個人戦-100kg級出場／女,要確認,https://www.metro.ed.jp/toshima-h/school_life/activities.html
404210,北園,男子バスケットボール部,令和6年度,東京都大会,男子バスケットボール部 【活動日】 体育館練：月・木・金・土(日) 外練（ウェイトトレーニング等）：水 【活動内容】 令和6年度からバスケットボール専門の顧問とコーチ(部活動指導員)のもと、 東京都ベスト３２ を目標にチーム一丸となり日々,要確認,https://www.metro.ed.jp/kitazono-h/school_life/activities.html
404260,高島,高島高校ソフトテニス部,令和8年度,東京都大会（予選）,令和8年度 〈男子〉 インターハイ予選（団体） ベスト4,OK,https://www.metro.ed.jp/takashima-h/school_life/activities.html
404260,高島,高島高校ソフトテニス部,令和7年度,東京都大会（予選）,関東大会予選（個人） ベスト128 2組 令和7年度 〈男子〉 国公立大会 個人戦 準優勝,OK,https://www.metro.ed.jp/takashima-h/school_life/activities.html
404260,高島,卓球部,令和７年度,東京都大会（予選）,＜令和７年（2025）度＞ 国公立大会 女子シングルス ブロック ベスト８ ／全体 ベスト16 関東大会予選男子ダブルス ベスト６４ 関東大会予選学校対抗（男子団体） ベスト３２ 総体男子ダブルス ベスト６４ 総体女子ダブルス ブロック,OK,https://www.metro.ed.jp/takashima-h/school_life/activities.html
404520,板橋有徳,吹奏楽部,令和７年度,東京都大会,【令和７年度活動実績】 ・第65回東京都高等学校吹奏楽コンクール C組 金賞 【令和６年度活動実績】 ・第64回東京都高等学校吹奏楽コンクール C組 銅賞 ・令和6年度東京都高等学校文化祭 音楽部門 第4地区大会 出演 ・第48回東京都高,要確認,https://www.metro.ed.jp/itabashiyutoku-h/school_life/activities.html
405060,上野,ソフトテニス部,令和4年度,,経験者も未経験者も大歓迎です!! 実績 令和4年度 新人戦ベスト６４（女子） 卓球部 活動日 水・木・土（トレーニングルーム） 活動内容 少人数ですが、先輩後輩の仲も良く、和気藹々と活動しています,要確認,https://www.metro.ed.jp/ueno-h/school_life/activities.html
405060,上野,バレーボール部,令和4年度,東京都大会,実績 令和4年度 春季大会予選リーグ１位通過本線出場 令和4年度 新人戦予選リーグ１位通過本線２回戦 令和4年度 公立校大会支部予選通過決勝大会出場 令和5年度 公立校大会支部予選通過決勝大会出場 令和6年度 春季大会予選リーグ１位通過本,要確認,https://www.metro.ed.jp/ueno-h/school_life/activities.html
405060,上野,ハンドボール部,令和5年度,東京都大会（予選）,実績 令和5年度 東京都教育研修大会 女子準優勝 令和4年度 インターハイ予選 男子ベスト１６ 令和3年度 秋季大会男子２回戦突破・女子初戦突破 野球部（軟式） 活動日 月・木：柔道場、トレーニングルーム 火・金：校庭、正岡子規球場も利用,要確認,https://www.metro.ed.jp/ueno-h/school_life/activities.html
405060,上野,野球部,令和3年度,関東大会,水：オフ 土or日：場所不定（練習試合など遠征有） 実績 令和3年度秋季大会 東京都第３位 秋季関東大会出場 令和5年度選手権大会東京都第３位 令和6年度春季大会 東京都ベスト１６ 活動内容 大会での勝利に加え、人間性の成熟を目指す部活,要確認,https://www.metro.ed.jp/ueno-h/school_life/activities.html
405060,上野,上野高校吹奏楽部,令和5年度,東京都大会,実績 令和5年度 東京都吹奏楽部コンクール Bの部 銅賞 生物部 活動日 火・金（月1回程度 土日） 活動内容 生物室での飼育管理（海水魚、淡水魚、カメ、ザリガニ、昆虫等）、不忍池での野鳥観察、国立科学博物館見学、野外採集、年1回活動記録,要確認,https://www.metro.ed.jp/ueno-h/school_life/activities.html
405070,竹台,吹奏楽部,令和6年度,東京都大会,活動実績 第64回東京都高等学校吹奏楽コンクールＣ組 金賞（令和6年度） 第48回東京都高等学校アンサンブルコンテスト管打六重奏 銀賞（令和６年度） 第65回東京都高等学校吹奏楽コンクールＣ組 金賞（令和7年度） 天文部 活動日 金 活動,要確認,https://www.metro.ed.jp/takenodai-h/school_life/activities.html
405220,江北,軟式野球部,令和６年度,東京都大会,〈近年の活動実績〉 令和６年度秋季東京都高等学校軟式野球大会ベスト16 サッカー部 活動日 月・火・木・金（水曜日：OFF、土日祝：練習、練習試合、公式戦、またはOFF ※土日のいずれかはOFF） 活動場所 本校グラウンド（クレー）・外部,要確認,https://www.metro.ed.jp/kohoku-h/school_life/activities.html
405220,江北,男子バスケットボール部,令和５年度,東京都大会,＜近年の活動実績＞ （令和５年度） ・足立区大会優勝 ・東京都総体予選4回戦進出(東京都ベスト64) （令和６年度） ・足立区大会優勝 （令和７年度） ・足立区大会第3位 ・東京都総体予選4回戦進出(東京都ベスト64) 女子バスケットボー,要確認,https://www.metro.ed.jp/kohoku-h/school_life/activities.html
405220,江北,女子バスケットボール部,令和７年度,東京都大会,ル夏季大会 Aブロック３位 令和７年度 東京都高等学校女子バスケットボール新人大会：都ベスト５６/シード権獲得 令和８年度 東京都高等学校女子バスケットボール春季大会：都ベスト５６/シード権獲得 硬式テニス部 活動日 月・火・木・金 活動場,要確認,https://www.metro.ed.jp/kohoku-h/school_life/activities.html
405220,江北,硬式テニス部,令和4年度,東京都大会,所 テニスコート（オムニ・ハード） 活動内容 ストローク、ボレー、サーブ等の基本練習と試合形式での実践練習 ＜近年の活動実績＞ 令和4年度第五学区対抗テニス大会団体戦男子準優勝 令和4年度足立区都立高校硬式テニスシングルストーナメント大会2,要確認,https://www.metro.ed.jp/kohoku-h/school_life/activities.html
405220,江北,ソフトボール部,令和７年度,全国大会,＜近年の活動実績＞ 令和７年度公立選手権大会 ベスト８ 令和６年度公立選手権大会 第３位 令和６年度高体連インターハイ 都ベスト１６ ダンス部 活動日 水・金・土（土曜授業がある日のみ） 活動場所 剣道場・プロムナード 活動内容 基礎練習,要確認,https://www.metro.ed.jp/kohoku-h/school_life/activities.html
405270,足立新田,陸上競技部,令和8年度,関東大会,■令和8年度 関東大会 男子800ｍ 出場 東京都総体 男子800ｍ 4位 男子100ｍ 7位 ■令和7年度 U18陸上競技大会 男子300m B決勝 7位 関東新人大会 男子800ｍ 6位 東京都新人大会 男子800m 2位 男子100,要確認,https://www.metro.ed.jp/adachishinden-h/school_life/activities.html
405270,足立新田,,令和６年度,東京都大会,m 7位 男子3000mSC 8位 東京都選抜大会 男子400m 4位 男子200m 1位 男子3000mSC 1位 男子1年200m 2位 東京都総体 男子400ｍ 7位 男子走幅跳 8位 男子5000ｍ競歩 8位 ■令和６年度 全国高校,OK,https://www.metro.ed.jp/adachishinden-h/school_life/activities.html
405270,足立新田,相撲部,令和4年度,全国大会,総体 (インターハイ) 男子三段跳 準優勝 相撲部 活動内容 相撲の稽古 体力トレーニング 週に６日間（短時間で集中） 活動実績 【令和4年度】 全国選抜金沢大会 （団体戦 ベスト8） 関東大会 （団体戦 準優勝） （個人戦95kg級優勝）,要確認,https://www.metro.ed.jp/adachishinden-h/school_life/activities.html
405270,足立新田,相撲部,令和３年度,全国大会,【令和３年度】 インターハイ 団体戦 ベスト１６ 個人戦 中量級 第５位 関東大会 個人戦 軽中量級 第３位 中量級 第３位 重量級 第５位 目標 全国大会ベスト４以上を目標に、真の強さを追求し、高い意識で稽古に励みます,要確認,https://www.metro.ed.jp/adachishinden-h/school_life/activities.html
405270,足立新田,硬式野球部,平成１８年,東京都大会,活動実績 【平成１８年度～】５年連続ベスト１６以上 【平成３０年度】 秋季東京都大会 ベスト１６ 【平成３１年度】 春季東京都大会 ベスト３２ 【令和 ６年度】 東東京大会 ベスト３２ 過去の戦歴とチームの特集は 以下より確認できます,要確認,https://www.metro.ed.jp/adachishinden-h/school_life/activities.html
405270,足立新田,男子バレーボール部,令和5年度,東京都大会（予選）,等〕 土・日 〔練習または練習試合〕 活動実績 【令和5年度】 関東大会予選 ベスト１２ 関東大会出場 インターハイ予選 ベスト１６ 夏季都立高校大会 優勝 春高予選 ベスト３２ 【令和４年度】 関東大会予選 ベスト１６ インターハイ予選,要確認,https://www.metro.ed.jp/adachishinden-h/school_life/activities.html
405270,足立新田,男子バレーボール部,令和３年度,東京都大会（予選）,ベスト１６ 夏季都立高校大会 優勝 【令和３年度】 関東大会予選 ベスト１２ 関東大会出場 ２回戦進出（９回目の出場） インターハイ予選 ベスト８ 春高予選 ベスト８ 目標 東京都ベスト８・関東大会出場 経験者・初心者は関係なく、規律を守れ,要確認,https://www.metro.ed.jp/adachishinden-h/school_life/activities.html
405270,足立新田,女子バレーボール部,令和４年度,東京都大会（予選）,スト６４ インターハイ予選 ベスト６４ 夏季大会 ブロック 第３位 【令和４年度】 春季大会 ベスト６４ インターハイ予選 ベスト６４ 夏季大会 ブロック 第３位 新人戦 ベスト６４ 足立区大会 優勝 公立高校大会 本戦出場 目標 東京都ベ,要確認,https://www.metro.ed.jp/adachishinden-h/school_life/activities.html
405270,足立新田,男子バスケットボール部,令和７年度,東京都大会（予選）,【令和７年度】 インターハイ予選 2回戦進出 東京都U18リーグ戦(T5-J) 4位 第３２回足立区高等学校バスケットボール大会 男子 ２ 位 【令和６年度】 第３０回足立区高等学校バスケットボール大会 男子３位 【令和５年度】 インター,要確認,https://www.metro.ed.jp/adachishinden-h/school_life/activities.html
405270,足立新田,,令和４年度,東京都大会（予選）,ハイ予選 ３回戦進出 関東大会予選 ２回戦進出 【令和４年度】 インターハイ予選 ２回戦進出 目標 ①新人戦本大会進出 ②足立区大会 優勝 ③東京都ベスト16（関東予選・IH予選） ④東京都U18リーグ 優勝・昇格 その他 体験入部や練習の,要確認,https://www.metro.ed.jp/adachishinden-h/school_life/activities.html
405270,足立新田,女子バスケットボール部,令和元年度,,活動実績 令和元年度 足立区大会第三位 足立区大会優勝（平成２４年～２８年 ５年連続） 目標 バスケットボールが好きな人、やる気のある人ぜひ入部してください,要確認,https://www.metro.ed.jp/adachishinden-h/school_life/activities.html
405270,足立新田,バドミントン部,令和８年度,東京都大会（予選）,外：長距離走、筋力トレーニング 活動実績 【令和８年度】 【令和７年度】 ●インターハイ予選 女子団体 ベスト１８ ●新人戦Ⅰ部（ダブルス） 女子１ペア準決勝進出（ ベスト２４ ） 男子１ペア準決勝進出（ ベスト４０ ） ●足立区大会（シ,要確認,https://www.metro.ed.jp/adachishinden-h/school_life/activities.html
405270,足立新田,,令和６年度,東京都大会（予選）,ロック大会 男子 男子決勝トーナメント進出 ●国公立大会 男子 決勝トーナメント２回戦進出 東京都 国公立ベスト３４ 女子 決勝トーナメント３回戦進出 東京都 国公立ベスト１１ 【令和６年度】 ●関東大会予選 女子団体 第５ブロック準優勝,OK,https://www.metro.ed.jp/adachishinden-h/school_life/activities.html
405270,足立新田,ダンス部,令和５年度,全国大会,活動実績 【令和５年度】 ダンススタジアム 東京都大会Ｂブロック 出場 スモールクラス 東京都大会Ｂブロック 3位入賞 スリーボンド賞（特別賞）ダブル受賞 スモールクラス 全国大会出場 【令和３年度】 ダンススタジアム 関東・甲信越大会,要確認,https://www.metro.ed.jp/adachishinden-h/school_life/activities.html
405270,足立新田,ダンス部,令和元年度,全国大会,出場 【令和元年度】 ダンススタジアム 関東・甲信越大会 入賞 ビッグクラス 全国大会出場 目標 ダンススタジアム、ビッグクラス・スモールクラス両部門での全国大会出場,要確認,https://www.metro.ed.jp/adachishinden-h/school_life/activities.html
405270,足立新田,サッカー部,令和５年度,東京都大会,月、水・木・金・半面、土日午前の全面 活動実績 【令和５年度】 総体支部予選１回戦敗退 2地区ユースリーグ１部Aリーグ８位 全国高校サッカー選手権東京一次予選１回戦敗退 【令和４年度】 総体支部予選１回戦敗退 2地区ユースリーグ２Bリーグ,要確認,https://www.metro.ed.jp/adachishinden-h/school_life/activities.html
405270,足立新田,女子硬式テニス部,令和5年度,東京都大会,【令和5 年度】 東京都立高等学校テニス選手権大会 団体 ベスト３２ 【令和4年度】 東京都立高等学校テニス選手権大会 団体 ベスト３２ 東京都立高等学校テニス選手権大会 シングルス・ダブルス ベスト32 足立区都立高校生テニストーナメン,要確認,https://www.metro.ed.jp/adachishinden-h/school_life/activities.html
405270,足立新田,女子硬式テニス部,令和3年度,東京都大会,ト 優勝・準優勝・第3位 【令和3年度】 東京都立高等学校テニス選手権大会 団体 ベスト１６ 【令和2年度】 東京都高等学校テニス選手権大会 個人 本選2回戦進出 東京都立高等学校テニス選手権大会 女子シングルス ベスト４ 硬式・軟式問わず,要確認,https://www.metro.ed.jp/adachishinden-h/school_life/activities.html
405270,足立新田,水泳部,令和５年度,,水泳部 活動日・活動内容 夏季シーズン（６～９月） 月・金・火または水 プールにて活動 オフシーズン（夏季以外） 金曜日 トレーニングルームでの筋トレ 外部プールでの練習 活動実績 【令和５年度】 足立区大会 入賞者11名 男子200ｍフ,要確認,https://www.metro.ed.jp/adachishinden-h/school_life/activities.html
405270,足立新田,吹奏楽部,令和5年度,東京都大会,活動実績 【令和5年度】 吹奏楽コンクール C組銀賞 高校野球大会応援演奏 東京都文化連盟地区大会参加 【令和4年度】 吹奏楽アンサンブルコンテスト 銀賞 高校生が集うオール足立文化祭参加 一言 一音入魂,要確認,https://www.metro.ed.jp/adachishinden-h/school_life/activities.html
405270,足立新田,軽音楽部,令和６年度,東京都大会,ンズカップ 出場 【令和６年度】 各校合同ライブ 出場 【令和５年度】 あだちけいおんフェスタ2023ライオンズカップ 優勝 MUSIC DAYS 2023 東京大会 本戦出場 第16 回 東京都高等学校軽音楽コンテスト決勝大会 優秀賞 全,要確認,https://www.metro.ed.jp/adachishinden-h/school_life/activities.html
405270,足立新田,全国高等学校軽音楽部,令和３年度,東京都大会,ンドバトル2022夏の陣 奨励賞 あだちけいおんフェスタ 優勝 【令和３年度】 東京都高等学校軽音楽コンテスト決勝大会出場 優秀賞 あだちけいおんフェスタ 足立区教育委員会賞 活動目標 オーディエンスの心に響く音楽を創る,要確認,https://www.metro.ed.jp/adachishinden-h/school_life/activities.html
405720,荒川工科,,令和5年度,全国大会,令和5年3月21日（火・祝）に行われた「やまがたAI甲子園」 では、探求テーマ「高齢者に安全で快適な空調管理システムの開発」２位,OK,https://www.metro.ed.jp/arakawakoka-h/school_life/activities.html
406020,墨田川,柔道部,令和5年度,東京都大会（予選）,令和5年度 関東選抜大会 女子個人戦出場 令和５年度 東京都国公立大会 男子団体優勝 令和６年度 関東大会東京都予選 男子団体戦 ベスト１６ 令和6年度 インターハイ東京都予選 男子個人戦ベスト１６ 軟式野球部 活動曜日 月・水・木・金,要確認,https://www.metro.ed.jp/sumidagawa-h/school_life/activities.html
406020,墨田川,墨田川高校サッカー部,令和５年度,東京都大会（予選）,実績（令和５年度の入賞実績 過去3年以内） 令和5年度 インターハイ支部予選 ブロック決勝進出 新人戦地区ベスト８ ハンドボール部 活動曜日 月・火・水・金・土or日 部員数 男子２１名 女子１１名 歴史のあるハンドボール部の活動を活発に,要確認,https://www.metro.ed.jp/sumidagawa-h/school_life/activities.html
406020,墨田川,史のあるハンドボール部,令和５年度,東京都大会（予選）,実績（令和５年度の入賞実績 過去3年以内） 令和６年度 東京都高等学校ハンドボール春季大会兼関東大会都予選 令和６年度 東京都高等学校総合体育大会兼全日本高等学校ハンドボール選手権大会都予選 令和６年度 東京都高等学校ハンドボール秋季大会,要確認,https://www.metro.ed.jp/sumidagawa-h/school_life/activities.html
406020,墨田川,女子バレーボール部,令和６年度,東京都大会（予選）,令和６年度 東京都高等学校春季大会 リーグ優勝 東京都ベスト４８ 東京都高等学校インターハイ予選 東京都ベスト８０ 東京都高等学校夏季大会 第３位 墨田区大会 準優勝 男子硬式テニス部 活動曜日 火・木・金・土 部員数 男子１４名 男子硬,要確認,https://www.metro.ed.jp/sumidagawa-h/school_life/activities.html
406020,墨田川,水泳部,令和8年度,東京都大会（予選）,令和8年度 東京都高等学校選手権水泳競技大会 兼 第77回関東高等学校選手権水泳競技大会予選会 女子4×100ｍフリーリレー 第7位 関東大会出場 女子4×200ｍフリーリレー 第5位 関東大会出場 男子４×100ｍメドレーリレー 第8位,OK,https://www.metro.ed.jp/sumidagawa-h/school_life/activities.html
406020,墨田川,文芸部,令和6年度,東京都大会,令和6年度第47回東京都高等学校文化祭文芸部門地区大会 短歌の部 佳作入賞 第25回関東地区高校生文芸大会 短歌部門佳作 令和6年度第47回東京都高等学校文化祭文芸部門中央大会 俳句の部 優秀賞・佳作入賞 令和6年度第47回東京都高等学校,OK,https://www.metro.ed.jp/sumidagawa-h/school_life/activities.html
406020,墨田川,都高等学校文化祭文芸部,令和５年度,,文化祭文芸部門中央大会 小説の部 生徒賞入賞 令和５年度 第47回高等学校総合文化祭 短歌部門出場 美術部 活動曜日 月・火・木・金 部員数 男子３名・女子２２名 主に文化祭に向けて作品制作したり、都美術館で開催される大きな展示会に自分の作,要確認,https://www.metro.ed.jp/sumidagawa-h/school_life/activities.html
406020,墨田川,写真部,令和５年度,東京都大会,実績（令和５年度の入賞実績 過去3年以内） ・第４６回 東京都高等学校文化祭 写真部門中央大会 入賞 吹奏楽部 活動曜日 月・火・木・金・土or日 部員数 男子２９名 女子７９名 聴いてくださる皆様の心に残る音楽を作ることを目標に日々練習,要確認,https://www.metro.ed.jp/sumidagawa-h/school_life/activities.html
406210,深川,剣道部,令和８年度,関東大会,女子は令和８年度は東京都第８位となり、関東大会出場（1３年連続）を決めました,OK,https://www.metro.ed.jp/fukagawa-h/school_life/activities.html
406250,江戸川,江戸川高校野球部,令和８年度,東京都大会,令和８年度春季東京都高等学校野球大会本大会ベスト32 第107回全国高等学校野球選手権大会東東京大会ベスト８ 令和７年度春季東京都高等学校野球大会本大会ベスト16（夏の大会シード権獲得） ソフトボール部 活動場所 グラウンド 活動紹介・実,要確認,https://www.metro.ed.jp/edogawa-h/school_life/activities.html
406250,江戸川,女子バスケットボール部,令和７年度,東京都大会（予選）,令和７年度東京都総体兼インターハイ予選ベスト32 令和７年度東京都夏季大会Ｂブロック優勝 令和６年度東京都高等学校女子バスケットボール新人大会ベスト32 女子バレーボール部 活動場所 体育館 活動紹介・実績 女子バレーボール部は関東大会出,要確認,https://www.metro.ed.jp/edogawa-h/school_life/activities.html
406250,江戸川,女子バレーボール部,令和７年度,東京都大会（予選）,令和７年度東京都高等学校春季大会兼関東大会予選ベスト32 江戸川区総合体育祭春季大会・秋季大会優勝 新人選手権大会ベスト32 ハンドボール部 活動場所 グラウンド 活動紹介・実績 ハンドボールは知っている人が少なく、高校から始める人がほと,要確認,https://www.metro.ed.jp/edogawa-h/school_life/activities.html
406250,江戸川,ハンドボール部,令和７年度,東京都大会（予選）,令和７年度関東大会都予選ベスト８ 令和７年度インターハイ都予選ベスト８ 弓道部 活動場所 弓道場 活動紹介・実績 週５日間練習をしていて、初心者でも安心して始めることができます,要確認,https://www.metro.ed.jp/edogawa-h/school_life/activities.html
406250,江戸川,弓道部,令和５年度,関東大会,令和５年度東京都個人選手権大会女子６位入賞 令和５年度秋季大会女子個人４位入賞 関東高等学校弓道個人選手権選抜大会出場 全国高等学校弓道選抜大会女子個人準決勝進出 陸上競技部 活動場所 奥戸にある競技場、校内の体育館棟・土手 活動紹介・実,要確認,https://www.metro.ed.jp/edogawa-h/school_life/activities.html
406250,江戸川,サッカー部,令和６年度,東京都大会,令和６年度東京都高等学校総合体育大会１次トーナメント出場（東京都ベスト64） 令和６年度リバーサイドユースリーグ １部所属 ソフトテニス部 活動場所 テニスコート 活動紹介・実績 ソフトテニス部です,要確認,https://www.metro.ed.jp/edogawa-h/school_life/activities.html
406250,江戸川,男子硬式テニス部,令和６年度,東京都大会,令和６年度 六学区都立高校テニス大会 準優勝 女子硬式テニス部 活動場所 テニスコート 活動紹介・実績 女子硬式テニス部では、みんなで切磋琢磨しながら、楽しく活動しています,要確認,https://www.metro.ed.jp/edogawa-h/school_life/activities.html
406250,江戸川,女子硬式テニス部,令和６年度,東京都大会,令和６年度東京都立高等学校テニス選手権大会ダブルスベスト32 令和７年度６学区都立高校テニス大会３位 男子バスケットボール部 活動場所 体育館 活動紹介・実績 短い練習時間の中で、集中しながら質の高い練習に取り組んでいます,要確認,https://www.metro.ed.jp/edogawa-h/school_life/activities.html
406250,江戸川,水泳部,令和元年度,関東大会,"令和元年度 六学区水泳記録会 総合２位 令和２年度 チャレンジ大会 出場 令和元年度 六学区水泳記録会 総合２位 令和２年度 チャレンジ大会 出場 令和４年度 東京都高等学校選手権大会 男子1,500ｍ自由形 第８位(関東大会出場権獲得)",要確認,https://www.metro.ed.jp/edogawa-h/school_life/activities.html
406250,江戸川,卓球部,令和５年度,東京都大会,令和５年度春季６学区大会シングルス優勝 令和６年度新人大会団体ベスト32 令和７年度東京都春季大会団体ベスト32 剣道部 活動場所 剣道場 活動紹介・実績 少ない人数ですが、お互い仲が良く、楽しく活動しています,要確認,https://www.metro.ed.jp/edogawa-h/school_life/activities.html
406280,篠崎,吹奏楽部,令和７年度,,令和７年度は１１名でコンクールに参加し、好成績でゴールド金賞を受賞することができました,OK,https://www.metro.ed.jp/shinozaki-h/school_life/activities.html
406280,篠崎,吹奏楽部,令和６年度,,令和６年度 コンクールＣ組 銀賞、アンサンブルコンテスト 銀賞 高文連 地区大会・中央大会 参加 令和７年度 コンクールＣ組 金賞 、アンサンブルコンテスト 銀賞 高文連 地区大会・中央大会 参加 軽音楽部 【活動日】（月）・火 ・水,要確認,https://www.metro.ed.jp/shinozaki-h/school_life/activities.html
406290,紅葉川,バドミントン部,令和６年度,東京都大会,活動実績 【令和６年度】 ・東京都高等学校バドミントン新人大会団体戦女子 4回戦進出（東東京ベスト16） ・第77回江戸川区秋季区民大会シングルス戦 男子4部優勝/第３位 ・第77回江戸川区秋季区民大会シングルス戦 女子4部第3位 ・第7,OK,https://www.metro.ed.jp/momijigawa-h/school_life/activities.html
406290,紅葉川,紅葉川男子バスケ部,令和6年度,東京都大会（予選）,活動実績 ・令和6年度 関東予選ベスト64 ・令和6年度 インターハイ予選3回戦進出 ・令和6年度 夏季江戸川区大会3位 女子バスケットボール部 活動日 火・木：体育館練習 金 ：トレーニング 土・日：練習・練習試合・大会（原則、どちらか,要確認,https://www.metro.ed.jp/momijigawa-h/school_life/activities.html
406290,紅葉川,男子バレーボール部,令和5年度,,活動実績 ・令和5年度新人大会ベスト32 ・令和6年度秋季江戸川区民大会優勝 女子バレーボール部 活動日 火・水・木・金・（土・日） 活動内容 1部大会１勝を目指して日々練習しています,要確認,https://www.metro.ed.jp/momijigawa-h/school_life/activities.html
406290,紅葉川,野球部,令和6年度,,活動実績 ・令和6年度吹奏楽連盟主催吹奏楽コンクールC組金賞 ・令和5年度吹奏楽連盟主催アンサンブルコンテスト銀賞 ・本校文化祭にて演奏会開催 美術部 部員数（2026年度） ・1年1名 ・2年5名 ・3年1名 ・計7名 活動日・活動場所,要確認,https://www.metro.ed.jp/momijigawa-h/school_life/activities.html
406910,橘,バドミントン部,令和７年度,東京都大会,バドミントン部 主な実績 令和７年度 工業大会 女子シングルス ３位入賞 ベスト８ 卓球部 主な実績 R3 東京都高等学校新人卓球大会 男子シングルス 都ベスト１６ R3 第４９回全国高等学校選抜卓球大会 男子シングルス（２部）出場予定（,OK,https://www.metro.ed.jp/tachibana-h/school_life/activities.html
406910,橘,高文連競技かるたの部,令和５年度,東京都大会,首部 主な実績 高文連競技かるたの部東京都予選初級の部準優勝 都立校大会準優勝 ほか ビジネス部 主な実績 ◆令和５年度 東京都高等学校簿記競技大会新人戦 ２級部門 佳良賞 ２年生１名 ３級部門 佳良賞 １年生１名 ◆令和６年度 東京都高等,要確認,https://www.metro.ed.jp/tachibana-h/school_life/activities.html
407020,富士森,バドミントン部,令和８年度,東京都大会（予選）,(43.5KB) □ ９月予定表 (41.7KB) 【大会実績】 女子 令和８年度 全国高等学校総合体育大会東京都予選大会(団体) 西東京BEST１６ 令和８年度 全国高等学校総合体育大会東京都予選大会（単) 第三ブロック 優勝 令和７年度,要確認,https://www.metro.ed.jp/fujimori-h/school_life/activities.html
407020,富士森,バドミントン部,令和７年度,東京都大会,新人大会兼全国高等学校選抜大会都予選大会(団体) 西東京BEST８ 令和７年度 新人大会兼全国高等学校選抜大会都予選大会(単) ブロック優勝 令和６年度 関東公立高等学校バドミントン大会都予選 １位 男子 令和８年度 全国高等学校総合体育,要確認,https://www.metro.ed.jp/fujimori-h/school_life/activities.html
407420,町田総合,ソフトボール部,令和元年度,東京都大会,令和元年に行われた、東京都公立高等学校女子ソフトボール選手権大会 地区予選でブロック優勝するなど、毎日の練習が身を結んでいます,OK,https://www.metro.ed.jp/machidasogo-h/school_life/activities.html
407910,八王子桑志,水泳部,令和７年度,,令和７年度八王子市民大会では、男子の部員が「５０ｍ平泳ぎ」で３位に入賞した,OK,https://www.metro.ed.jp/hachiojisoushi-h/school_life/activities.html
408040,昭和,女子ソフトテニス部,令和７年度,東京都大会（予選）,女子ソフトテニス部 活動日 火曜日～日曜日 放課後練習、土日休日は半日練習、または練習試合、試合 活動実績（令和７年度） 国公立大会個人 優勝 ・多摩地区大会団体 準優勝 ・インターハイ団体５位 活動内容 目標： 関東大会出場 技術： 基,要確認,https://www.metro.ed.jp/showa-h/school_life/activities.html
408040,昭和,,令和5年度,関東大会,pan チアリーディング＆ダンス学生新人大会2023 EAST 1位 (Song/ Pom部門・Intermediate SuperLarge) 2023年 令和5年度ダンスドリル秋季競技大会 関東大会 2位 (NOVELTY部門) 陸上競,OK,https://www.metro.ed.jp/showa-h/school_life/activities.html
408070,武蔵村山,ハンドボール部,令和3年度,東京都大会（予選）,令和3年度インターハイ予選男女とも都ベスト24 サッカー部 活動日 火・水・木・金・土・日 活動場所 本校グラウンド・各試合会場 活動内容 現在部員74名、夏の都大会で勝ち抜くことを目標に日々練習に取り組んでいます,要確認,https://www.metro.ed.jp/musashimurayama-h/school_life/activities.html
408090,東大和南,ソフトテニス部,令和７年度,東京都大会（予選）,大会実績（令和７年度） 関東個人予選 ５回戦（ベスト ６４ 男子１組） ４回戦（ベスト１２８ 男女１組） インターハイ個人予選 ５回戦（ベスト ６４ 男子１組） 顧問より 東大和南高等学校ソフトテニス部では練習試合や中学生との合同練習（部,OK,https://www.metro.ed.jp/higashiyamatominami-h/school_life/activities.html
408230,福生,女子バスケットボール部,令和７年度,東京都大会（予選）,＜令和７年度＞ 【高体連】 夏季大会ブロック３位入賞、関東大会予選２回戦進出 ＜令和６年度＞ 【高体連】 夏季大会ブロック3位、8学区大会3位リーグ優勝、関東大会予選３回戦進出 女子バレーボール部 活動日 火・水・木・金・土・日（本校体育,要確認,https://www.metro.ed.jp/fussa-h/school_life/activities.html
408510,上水,女子バスケットボール部,令和4年度,東京都大会（予選）,」 令和4年度関東大会予選にて東京都第7位に入賞し、関東大会出場を果たしました,OK,https://www.metro.ed.jp/josui-h/school_life/activities.html
408510,上水,卓球部,令和６年度,関東大会,令和６年度は、男子は新人戦で団体戦ベスト１６、ダブルスベスト１６、シングルスベスト３２、国公立大会で団体戦3位、シングルス3位、女子は団体で令和5年度に関東大会に出場、令和6年度国公立大会団体戦ベスト８、新人戦Ｂトーナメントにおいて、シング,要確認,https://www.metro.ed.jp/josui-h/school_life/activities.html
408510,上水,上水高校野球部,令和６年度,東京都大会,令和６年度春季大会 本大会出場 夏の選手権大会 4回戦進出 西東京ベスト32 令和7年度 西東京大会 夏の選手権大会 3回戦進出 男子サッカー部 3年生6名で活動しています,要確認,https://www.metro.ed.jp/josui-h/school_life/activities.html
408510,上水,陸上競技部,令和7年度,東京都大会,令和7年度 南関東総体 女子1500m・女子3000m出場、東京都高校総体 女子1500m第3位入賞・女子3000m第3位入賞 令和6年度 全国高校総体 女子3000m出場、全国都道府県対抗女子駅伝競走大会 東京都代表5区出場、東日本女子,要確認,https://www.metro.ed.jp/josui-h/school_life/activities.html
408710,多摩工科,卓球部,令和7年度,東京都大会（予選）,☆令和7年度 学校対抗の部 戦績☆ 令和7年度 東京都高等学校春季卓球大会 （関東大会予選） 令和7年度 東京都総合体育大会 （インターハイ予選） 両大会共に ベスト32,OK,https://www.metro.ed.jp/tamakoka-h/school_life/activities.html
408710,多摩工科,卓球部,令和7年度,東京都大会,（参加校約200校） 令和7年度 東京都高等学校新人卓球大会 ベスト16,OK,https://www.metro.ed.jp/tamakoka-h/school_life/activities.html
408710,多摩工科,卓球部,令和7年度,東京都大会,（参加校約200校） ※ベスト16以上に残った都立高校は本校含め3校のみ 令和7年度 東京都工業高等学校生徒スポーツ大会 第26回卓球競技大会 優勝,OK,https://www.metro.ed.jp/tamakoka-h/school_life/activities.html
409070,田無,男子バドミントン部,令和6年度,関東大会,ベスト8 令和6年度春季大会兼関東大会（団体）ベスト16 令和3年度冬季西ブロック大会男子Ⅱ部優勝 女子バドミントン部 部員数 1学年：10 名 2学年：4 名 3学年：4 名 計 18 名 活動日 平日 月・(火)・水・木 休日 土・(日,要確認,https://www.metro.ed.jp/tanashi-h/school_life/activities.html
409220,小平西,都高等学校文化祭演劇部,令和八年度,東京都大会,」を受賞 ・令和八年度多摩北地区新人デビュー発表会にて東京都短編演劇発表会（都大会）進出 ・令和八年度東京都短編演劇発表会にて「優秀賞」（東京都２位相当）を受賞 メッセージ 令和８年度現在１年生８名、２年生１０名で活動時刻を延長し、日々精力,要確認,https://www.metro.ed.jp/kodairanishi-h/school_life/activities.html
409240,国分寺,水泳部,令和５年度,,⇒令和５年度 総合優勝達成,OK,https://www.metro.ed.jp/kokubunji-h/school_life/activities.html
410020,神代,華道部,令和５年度,関東大会,令和５年は「花活けバトル」関東大会３位入賞,OK,https://www.metro.ed.jp/jindai-h/school_life/activities.html
410050,狛江,女子バレー部,平成２６年,関東大会,女子バレー部 実績 平成２３，２４年度関東大会出場、平成２６年度夏季大会優勝、 令和４年度公立校大会ベスト８進出 令和４年度新人選手権大会ベスト３２進出 部活紹介・部活からのメッセージ 自分たちで考えながら、日々練習を積み重ね、部員全員で,要確認,https://www.metro.ed.jp/komae-h/school_life/activities.html
410050,狛江,水泳部,令和４年度,関東大会,水泳部 目標 関東大会出場と上位進出、自己ベスト更新、各種大会決勝進出及びメダル獲得 令和４年度西東京国公立水泳競技大会男子フリーリレー４３校中２位 部活紹介・部活からのメッセージ オフシーズンは土曜日に温水プールに行ったり、様々な練習を,要確認,https://www.metro.ed.jp/komae-h/school_life/activities.html
410230,府中西,写真部,令和３年度,,令和３年度（2021）の地区大会では、１名が佳作に入賞しました,OK,https://www.metro.ed.jp/fuchunishi-h/school_life/activities.html
411910,大島海洋国際,生物部,令和元年度,,） 活動内容 波浮港、元町港、ヨコブチ等の磯 大会 令和元年バリバスカップU－18LTマアジ釣り大会（準優勝） 生徒会 活動内容 生徒会活動は、将来の良き社会人となるため、本校職員の助言・指導の下に健全なる自治能力を培い、民主的学校生活を行,要確認,https://www.metro.ed.jp/oosimakaiyokokusai-h/school_life/activities.html
