name,ward,station,straight_km,walk_min
富士,中野区,中野富士見町,0.1,2
小山台,品川区,武蔵小山,0.11,2
文京,豊島区,巣鴨新田,0.11,2
白鴎,台東区,新御徒町,0.16,3
新宿,新宿区,新宿三丁目,0.17,3
一橋,千代田区,馬喰町,0.18,3
戸山,新宿区,西早稲田,0.19,4
六郷工科,大田区,雑色,0.2,4
工芸,文京区,水道橋,0.23,4
鷺宮,中野区,都立家政,0.24,4
向丘,文京区,白山,0.25,4
深川,江東区,東陽町,0.25,5
橘,墨田区,東あずま,0.25,5
砂川,立川市,泉体育館,0.25,5
大崎,品川区,戸越公園,0.27,5
調布南,調布市,京王多摩川,0.27,5
日比谷,千代田区,永田町,0.28,5
芝商業,港区,竹芝,0.29,5
青山,渋谷区,外苑前,0.29,5
三田,港区,赤羽橋,0.3,5
田園調布,大田区,沼部,0.3,5
荻窪,杉並区,荻窪,0.3,5
蔵前工科,台東区,蔵前,0.3,5
狛江,狛江市,和泉多摩川,0.3,5
足立西,足立区,江北,0.31,5
江東商業,江東区,亀戸水神,0.32,6
昭和,昭島市,東中神,0.32,6
青梅総合,青梅市,東青梅,0.35,6
王子総合,北区,西ヶ原四丁目,0.36,6
墨田工科,江東区,菊川,0.36,6
忍岡,台東区,浅草橋,0.38,7
八潮,品川区,青物横丁,0.39,7
墨田川,墨田区,東向島,0.39,7
立川,立川市,立川南,0.39,7
目黒,目黒区,祐天寺,0.41,7
板橋有徳,板橋区,東武練馬,0.41,7
千早,豊島区,千川,0.41,7
日本橋,墨田区,京成曳舟,0.41,7
練馬工科,練馬区,平和台,0.42,7
北園,板橋区,新板橋,0.42,7
板橋,板橋区,千川,0.42,7
上野,台東区,根津,0.42,7
本所,墨田区,押上（スカイツリー前）,0.43,8
松原,世田谷区,桜上水,0.44,8
高島,板橋区,新高島平,0.44,8
駒場,目黒区,駒場東大前,0.45,8
第一商業,渋谷区,代官山,0.45,8
両国,墨田区,錦糸町,0.45,8
東大和南,東大和市,玉川上水,0.45,8
稔ヶ丘,中野区,下井草,0.46,8
小川,町田市,成瀬,0.46,8
江北,足立区,青井,0.47,8
葛西工科,江戸川区,一之江,0.47,8
小金井工科,小金井市,武蔵小金井,0.47,8
八王子拓真,八王子市,西八王子,0.48,8
国際,目黒区,駒場東大前,0.49,8
井草,練馬区,上井草,0.49,8
中野工科,中野区,野方,0.49,9
城東,江東区,西大島,0.49,8
美原,大田区,平和島,0.5,9
晴海総合,中央区,月島,0.5,9
農業,府中市,府中,0.5,9
杉並,杉並区,南阿佐ケ谷,0.51,9
第四商業,練馬区,富士見台,0.51,9
飛鳥,北区,王子神谷,0.51,9
竹台,荒川区,鶯谷,0.51,9
南平,日野市,南平,0.51,9
千歳丘,世田谷区,千歳船橋,0.52,9
荒川工科,荒川区,荒川一中前,0.52,9
科学技術,江東区,西大島,0.52,9
清瀬,清瀬市,清瀬,0.52,9
六本木,港区,六本木,0.54,9
小台橋,足立区,小台,0.55,9
神代,調布市,仙川,0.55,9
新宿山吹,新宿区,江戸川橋,0.56,10
石神井,練馬区,武蔵関,0.56,10
北豊島工科,板橋区,中板橋,0.56,10
蒲田,大田区,蒲田,0.57,10
つばさ総合,大田区,大鳥居,0.57,10
桜町,世田谷区,用賀,0.57,10
日野,日野市,万願寺,0.59,10
多摩科学技術,小金井市,武蔵小金井,0.59,10
桐ヶ丘,北区,北赤羽,0.6,10
豊島,豊島区,千川,0.61,10
第三商業,江東区,越中島,0.61,10
上水,武蔵村山市,桜街道,0.61,10
府中工科,府中市,東府中,0.61,10
大森,大田区,池上,0.62,11
大田桜台,大田区,西馬込,0.62,11
八王子桑志,八王子市,西八王子,0.62,11
小平,小平市,小平,0.62,11
雪谷,大田区,御嶽山,0.63,11
総合芸術,新宿区,曙橋,0.63,11
立川緑,立川市,西国立,0.64,11
練馬,練馬区,練馬春日町,0.65,11
赤羽北桜,北区,本蓮沼,0.66,11
足立,足立区,梅島,0.66,11
西,杉並区,久我山,0.68,12
南葛飾,葛飾区,京成立石,0.69,12
杉並総合,杉並区,浜田山,0.71,12
足立工科,足立区,谷在家,0.71,12
葛飾商業,葛飾区,京成高砂,0.72,12
田柄,練馬区,光が丘,0.73,12
武蔵,武蔵野市,武蔵境,0.73,12
足立新田,足立区,王子神谷,0.74,13
大泉,練馬区,大泉学園,0.75,13
青井,足立区,青井,0.75,13
多摩工科,福生市,拝島,0.75,13
杉並工科,杉並区,上井草,0.77,13
国立,国立市,谷保,0.77,13
成瀬,町田市,成瀬,0.78,13
東大和,東大和市,上北台,0.79,13
広尾,渋谷区,恵比寿,0.8,14
農芸,杉並区,上井草,0.8,14
東,江東区,南砂町,0.8,13
八王子東,八王子市,北八王子,0.8,13
府中,府中市,北府中,0.8,13
武蔵丘,中野区,下井草,0.81,14
豊多摩,杉並区,浜田山,0.81,14
竹早,文京区,茗荷谷,0.81,14
福生,福生市,福生,0.82,14
小金井北,小金井市,東小金井,0.84,14
府中東,府中市,飛田給,0.86,14
多摩,青梅市,宮ノ平,0.87,15
片倉,八王子市,八王子みなみ野,0.92,15
浅草,台東区,浅草,0.93,16
大山,板橋区,氷川台,0.94,16
第五商業,国立市,矢川,0.94,16
紅葉川,江戸川区,葛西臨海公園,0.95,16
富士森,八王子市,西八王子,0.95,16
深沢,世田谷区,桜新町,0.97,16
小松川,江戸川区,平井,0.97,16
五日市,あきる野市,武蔵五日市,0.97,16
東村山,東村山市,東村山,0.97,16
農産,葛飾区,亀有,0.98,16
日野台,日野市,日野,1.0,17
小平南,小平市,恋ヶ窪,1.0,17
府中西,府中市,西府,1.0,17
田無工科,西東京市,西武柳沢,1.01,17
光丘,練馬区,光が丘,1.03,17
葛飾総合,葛飾区,金町,1.03,17
松が谷,八王子市,京王堀之内,1.03,17
世田谷泉,世田谷区,千歳烏山,1.04,17
本所工科,葛飾区,金町,1.04,17
芦花,世田谷区,千歳烏山,1.05,18
葛飾野,葛飾区,お花茶屋,1.05,18
武蔵野北,武蔵野市,西武柳沢,1.06,18
保谷,西東京市,ひばりヶ丘,1.07,18
小平西,小平市,東大和市,1.07,18
大江戸,江東区,住吉,1.09,18
葛西南,江戸川区,葛西,1.12,19
東久留米総合,東久留米市,清瀬,1.12,19
園芸,世田谷区,上野毛,1.13,19
世田谷総合,世田谷区,二子玉川,1.14,19
小岩,江戸川区,新小岩,1.15,19
翔陽,八王子市,狭間,1.19,20
淵江,足立区,六町,1.2,20
秋留台,あきる野市,東秋留,1.21,20
江戸川,江戸川区,新小岩,1.22,20
田無,西東京市,田無,1.22,20
東村山西,東村山市,八坂,1.22,20
篠崎,江戸川区,篠崎,1.27,21
足立東,足立区,北綾瀬,1.29,22
町田,町田市,町田,1.31,22
久留米西,東久留米市,清瀬,1.32,22
総合工科,世田谷区,成城学園前,1.35,22
瑞穂農芸,瑞穂町,箱根ヶ崎,1.38,23
国分寺,国分寺市,国立,1.46,24
羽村,羽村市,箱根ヶ崎,1.52,25
永山,多摩市,小田急永山,1.7,28
大泉桜,練馬区,大泉学園,1.87,31
拝島,昭島市,拝島,1.93,32
武蔵村山,武蔵村山市,箱根ヶ崎,2.34,39
調布北,調布市,武蔵境,2.49,41
若葉総合,稲城市,稲城,2.8,46
山崎,町田市,玉川学園前,3.03,50
八王子北,八王子市,西八王子,3.31,54
野津田,町田市,玉川学園前,3.73,61
町田工科,町田市,玉川学園前,3.96,65
町田総合,町田市,町田,4.09,67
大島,大島町,南町田グランベリーパーク,83.41,1356
大島海洋国際,大島町,南町田グランベリーパーク,92.1,1497
新島,新島村,南町田グランベリーパーク,128.27,2085
神津,神津島村,南町田グランベリーパーク,148.48,2413
三宅,三宅村,南町田グランベリーパーク,161.37,2623
八丈,八丈町,南町田グランベリーパーク,268.31,4361
小笠原,小笠原村,新整備場,964.63,15676
