school_number,name,slug,access_text,source_url
405210,足立,adachi-h,路線案内,https://www.metro.ed.jp/adachi-h/access/access.html
405210,足立,adachi-he,路線案内,https://www.metro.ed.jp/adachi-he/access/access.html
405250,足立東,adachihigashi-h,"路線案内
最寄駅
JR常磐線 亀有駅（徒歩 約25分）
東京メトロ千代田線 北綾瀬駅（徒歩 約25分）
最寄駅からバスを使う場合
亀有駅北口バス停 4番乗り場
有64八潮駅南口行 「中川小学校前」下車 徒歩 約2分
有65六ツ木都住行 「中川小学校前」下車 徒歩 約2分
亀有駅北口バス停 2番乗り場
有26葛飾車庫行 「大谷田陸橋」下車 徒歩 約5分
有27西水元循環 「大谷田陸橋」下車 徒歩 約5分
亀有駅北口バス停 1番乗り場
有28六ツ木都住行 「大谷田四丁目」下車 徒歩 約5分",https://www.metro.ed.jp/adachihigashi-h/access/access.html
405730,足立工科,adachikoka-h,"路線案内
最寄駅
日暮里・舎人ライナー「谷在家」駅 東口下車 徒歩10分
東武鉄道 大師線 「大師前」駅 下車 徒歩15分
東武鉄道 東武スカイツリ－ライン(東京メトロ 日比谷線・半蔵門線 直通) 「西新井」駅 下車
東武バス
「西新井駅西口」バス停より 2番のりば 〔西03〕流通センターゆき 「足立工科高校前」下車 徒歩3分
「西新井駅西口」バス停より 2番のりば 〔西04〕竹の塚車庫ゆき（西新井消防署前経由） 「足立工科高校前」下車 徒歩3分
「西新井駅西口」バス停より 2番のりば 〔西07〕鹿浜都市農業公園ゆき「足立工科高校南」下車 徒歩2分
国際興業バス
「西新井駅」バス停より 5番のりば 〔赤23〕荒川大橋経由赤羽駅東口ゆき 「足立工科高校南」下車 徒歩2分",https://www.metro.ed.jp/adachikoka-h/access/access.html
405240,足立西,adachinishi-h,"路線案内
日暮里・舎人ライナー江北駅より徒歩約8分
西新井駅・日暮里駅・西日暮里駅
王子駅よりバス（東武/都営/国際興業）
江北陸橋下バス停より徒歩約3分",https://www.metro.ed.jp/adachinishi-h/access/access.html
405270,足立新田,adachishinden-h,"路線案内
東京メトロ南北線「王子神谷駅」より徒歩約12分
JR京浜東北線、東京メトロ南北線「王子駅」よりバス「新田三丁目」下車徒歩約2分
JR常磐線、東京メトロ千代田線・日比谷線、東武スカイツリーライン、つくばエクスプレス「北千住駅」よりバス「新田三丁目」下車徒歩約2分
JR各線「赤羽駅」東口よりバス「新田二丁目」より徒歩約3分、または「環七新田」下車徒歩約5分
東武東上線「上板橋駅」よりバス「北区神谷町」より徒歩約10分",https://www.metro.ed.jp/adachishinden-h/access/access.html
404910,赤羽北桜,akabanehokuo-h,"地下鉄 都営三田線 本蓮沼駅 徒歩10分
JR 赤羽駅西口 徒歩20分
国際興業バス［王子駅］行 6番のりばHPSC 陸上門 6分・徒歩0分
国際興業バス［トンネル経由 赤羽車庫］行 5番のりばHPSC 陸上門 6分・徒歩0分
JR 十条駅北口 徒歩20分
南口 国際興業バス［赤羽駅西口］行HPSC 陸上門10分・徒歩1分
東武東上線ときわ台駅
北口 国際興業バス［赤羽駅西口］行2番のりばHPSC 陸上門20分・徒歩1分
国際興業バス 姥ヶ橋 徒歩10分",https://www.metro.ed.jp/akabanehokuo-h/access/access.html
408240,秋留台,akirudai-h,"路線案内
JR五日市線 「東秋留駅」下車 徒歩20分
JR青梅線「福生駅」下車後、西東京バス乗り換え「草花駅」下車 徒歩10分
JR五日市線 「東秋留駅」までの各駅所要時間
「拝島駅」30分、「箱根ヶ崎駅」40分、「玉川上水駅」40分、「立川駅」45分、「青梅駅」50分、「国分寺駅」55分、「分倍河原駅」55分、「八王子駅」60分、「高幡不動駅」60分、「小平駅」70分、「多摩センター駅」80分",https://www.metro.ed.jp/akirudai-h/access/access.html
405260,青井,aoi-h,"路線案内
東武スカイツリーライン 五反野駅下車 徒歩12分
つくばエクスプレス 青井駅下車 徒歩12分
都バス 一ツ家三丁目下車 徒歩6分",https://www.metro.ed.jp/aoi-h/access/access.html
402070,青山,aoyama-h,"路線案内
交通機関 東京メトロ銀座線 外苑前駅 （出口2b）より 徒歩3分
都営地下鉄大江戸線 国立競技場駅 より 徒歩15分
JR中央・総武線 信濃町駅 または 千駄ヶ谷駅 より 徒歩15分
都バス 早81系 早大正門～渋谷駅 霞ヶ丘団地 下車
黒77系 目黒駅～千駄ヶ谷駅 北青山三丁目 下車",https://www.metro.ed.jp/aoyama-h/access/access.html
405720,荒川工科,arakawakoka-h,"JR常磐線 南千住駅 徒歩12分
京成電鉄 千住大橋駅 徒歩12分
地下鉄日比谷線 三ノ輪駅 徒歩12分",https://www.metro.ed.jp/arakawakoka-h/access/access.html
405720,荒川工科,arakawakoka-he,"路線案内
JR常磐線・地下鉄日比谷線・つくばエクスプレス 南千住駅 徒歩12分
京成電鉄 千住大橋駅 徒歩12分
都電荒川線 三ノ輪橋停留場 徒歩10分
地下鉄日比谷線 三ノ輪駅 徒歩12分",https://www.metro.ed.jp/arakawakoka-he/access/access.html
405520,浅草,asakusa-he,"路線案内
東武スカイツリーライン 浅草駅 中央改札口から 徒歩約１０分
東京メトロ銀座線 浅草駅 ７番出口から 徒歩約１０分
都営浅草線 浅草駅 Ａ５出口から 徒歩約１５分
つくばエクスプレス 浅草駅から 徒歩約２０分
バス
都バス（東４２甲）「南千住駅西口・車庫」行
「浅草橋駅」より約１５分／「東武浅草駅」より約５分、「浅草七丁目」にて下車し徒歩２分
都バス（東４２甲）「東京駅八重洲口・東神田駅」行
「南千住駅」より約１０分、「浅草七丁目」にて下車し徒歩１分
都バス（草６４）「浅草雷門南」行き
「池袋駅東口」より約４５分／「西巣鴨」より約４０分／「王子駅前」より約３０分／
「尾久駅前」より約２５分、「浅草警察署前」にて下車し徒歩６分
→ バスの案内図はこちら",https://www.metro.ed.jp/asakusa-he/access/access.html
404510,飛鳥,asuka-h,"路線案内
バスでお越しの方
新宿西口・上板橋・ときわ台駅・西新井大師・北千住方面より王子4丁目バス停徒歩3分
日暮里舎人ライナー江北駅より王40系統王子方面行きバス豊島4丁目下車徒歩8分",https://www.metro.ed.jp/asuka-h/access/access.html
404050,文京,bunkyo-h,"路線案内
JR山手線「大塚駅」北口から徒歩7分
都電荒川線「巣鴨新田駅」から徒歩1分
都営三田線「西巣鴨駅」から徒歩11分",https://www.metro.ed.jp/bunkyo-h/access/access.html
404640,千早,chihaya-h,"東京メトロ有楽町線副都心線 千川駅 A3出口より徒歩7分
西武池袋線東長崎駅北口より徒歩10分",https://www.metro.ed.jp/chihaya-h/access/access.html
402250,千歳丘,chitosegaoka-h,路線案内,https://www.metro.ed.jp/chitosegaoka-h/access/access.html
410030,調布北,chofukita-h,"最寄り駅からのアクセスマップ
＊駅名をクリックするとバス乗り場や時刻表を確認できます（外部サイトへリンク）。
調布駅
調布駅北口12番乗り場から「三鷹駅行き」（鷹56） 所要時間約15分 「調布北高校前」下車
調布駅北口12番乗り場から「吉祥寺駅行き」（吉06） 所要時間約15分 「調布北高校前」下車
吉祥寺駅
吉祥寺駅４番乗り場から「調布駅北口行き」（吉06） 所要時間約20分 「調布北高校前」下車
三鷹駅
三鷹駅（南口）２番乗り場から「調布駅北口行き」（鷹56） 所用時間約15分 「調布北高校前」下車
武蔵境駅
武蔵境駅南口２番乗り場から「境南循環経由 武蔵境駅南口行き」（境92） 所要時間約10分 「野崎八幡」下車",https://www.metro.ed.jp/chofukita-h/access/access.html
410040,調布南,chofuminami-h,"路線案内
京王相模原線 京王多摩川駅から徒歩3分
京王線 調布駅から徒歩12分",https://www.metro.ed.jp/chofuminami-h/access/access.html
410610,第五商業,daigosyogyo-he,"路線案内
●ＪＲ中央線国立駅より
徒歩18分
国立駅6番バス停『立川駅南口行き』乗車『五商入口』にて下車徒歩2分
●ＪＲ南武線谷保駅より
徒歩16分",https://www.metro.ed.jp/daigosyogyo-he/access/access.html
402620,第一商業,daiichishogyo-h,"路線案内
JR線・地下鉄 渋谷駅 徒歩13分
東急東横線 代官山駅 徒歩7分
地下鉄 中目黒駅 徒歩12分
京王井の頭線 神泉駅 徒歩17分
バスの場合
JR渋谷駅南口 35番バス乗り場から東急トランセ「第一商業高校」下車",https://www.metro.ed.jp/daiichishogyo-h/access/access.html
406640,第三商業,daisansyogyo-h,"路線案内
場所は下町情緒あふれる門前仲町・深川界隈に位置し、交通機関は、東西線および大江戸線（門前仲町駅下車）、有楽町線（豊洲駅下車）、JR京葉線（越中島駅下車）、都バス（都立三商前下車）があり、どの方面からも通学が大変便利です。
東京メトロ東西線・都営地下鉄大江戸線 「門前仲町」下車
〇２番出口から徒歩15分
〇３番出口から都営バスに乗車 「都立三商前」下車
東京メトロ有楽町線 「豊洲駅」下車
〇１ａ番出口から徒歩20分
〇３番出口から都営バスに乗車 「都立三商前」下車
ＪＲ京葉線 越中島駅下車２番出口
〇２番出口から徒歩８分",https://www.metro.ed.jp/daisansyogyo-h/access/access.html
406640,第三商業,daisansyogyo-he,"路線案内
場所は下町情緒あふれる門前仲町・深川界隈に位置し、交通機関は、東西線および大江戸線（門前仲町駅下車）、有楽町線（豊洲駅下車）、JR京葉線（越中島駅下車）、都バス（都立三商前下車）があり、どの方面からも通学が大変便利です。
東京メトロ東西線・都営地下鉄大江戸線 門前仲町駅下車
出口２番から徒歩１８分
出口３番から都営バス
海０１ 有明テニスの森・東京テレポート駅行
各「都立三商前」下車
東京メトロ有楽町線 豊洲駅下車
出口１番から徒歩２０分
ＪＲ京葉線 越中島駅下車２番出口
徒歩８分",https://www.metro.ed.jp/daisansyogyo-he/access/access.html
403630,第四商業,daiyonsyogyo-h,"路線案内
西武池袋線富士見台駅 北口 下車、徒歩8分
西武池袋線練馬高野台駅 北口 下車、徒歩12分
西武新宿線下井草駅 自転車10分",https://www.metro.ed.jp/daiyonsyogyo-h/access/access.html
406250,江戸川,edogawa-h,"路線案内
JR「新小岩」駅より
南口より徒歩15分
都バス（葛西駅・西葛西駅・船堀駅ゆき）
江戸川高校前下車（徒歩2分）
地下鉄・東西線「葛西・西葛西」駅より
都バス（新小岩駅ゆき）江戸川高校前下車（徒歩2分）
地下鉄・都営新宿線「船堀」駅より
都バス（新小岩駅ゆき）江戸川高校前下車（徒歩2分）",https://www.metro.ed.jp/edogawa-h/access/access.html
402810,園芸,engei-h,"路線案内
東急大井町線 等々力駅下車 徒歩15分
東急バス利用の場合
(渋82）渋谷駅行きor(等13)梅ヶ丘駅行きor(等12)成城学園前駅行き
→等々力駅からバス5分、「園芸高校前」下車徒歩3分
東急田園都市線 桜新町駅下車 徒歩20分
東急バス利用の場合
(黒07）目黒駅行きor(都立01)都立大学駅北口行き
→桜新町駅からバス10分、「日本体育大学前」下車徒歩5分
小田急線 梅ヶ丘駅下車
→梅ヶ丘駅からバス30分、「園芸高校前」下車徒歩3分
世田谷駅前・駒沢大学駅前を経由します。
「東急バス(渋82）等々力行き」は、渋谷・三軒茶屋・駒澤大学駅からも乗車できます。",https://www.metro.ed.jp/engei-h/access/access.html
402810,園芸,engei-he,"路線案内
東急大井町線 等々力駅下車 徒歩15分
東急バス利用の場合
(渋82）渋谷駅行きor(等13)梅ヶ丘駅行きor(等12)成城学園前駅行き
→等々力駅からバス5分、「園芸高校前」下車徒歩3分
東急田園都市線 桜新町駅下車 徒歩20分
東急バス利用の場合
(黒07）目黒駅行きor(都立01)都立大学駅北口行き
→桜新町駅からバス10分、「日本体育大学前」下車徒歩5分
小田急線 梅ヶ丘駅下車
→梅ヶ丘駅からバス30分、「園芸高校前」下車徒歩3分
世田谷駅前・駒沢大学駅前を経由します。
「東急バス(渋82）等々力行き」は、渋谷・三軒茶屋・駒澤大学駅からも乗車できます。
「東急バス(等12）成城学園前駅行き」は、用賀駅からも乗車できます。",https://www.metro.ed.jp/engei-he/access/access.html
405230,淵江,fuchie-h,"路線案内
秋葉原からTX線・バスで25分
西日暮里から千代田線・TX線・バスで21分
金町から常磐線直通千代田線・TX線・バスで24分
青砥から京成本線・東武線・TX線・バスで30分",https://www.metro.ed.jp/fuchie-h/access/access.html
410210,府中,fuchu-h,"路線案内
JR武蔵野線 北府中駅から 徒歩12分
京王線 府中駅北口からバス
「（寺91系統） 国分寺駅南口行」バス7分
「明星学苑」下車、徒歩5分
※注記：府中駅北口の国分寺駅南口行き停留所は、明星学苑の列と一般客用の列に分かれています。一般客用の列から乗車してください。
JR中央線・西武線 国分寺駅南口からバス
「（寺91系統）京王線府中駅行」バス7分
「明星学苑」下車、徒歩5分
※注記：国分寺駅南口の府中駅行き停留所は、明星学苑の列と一般客用の列に分かれています。一般客用の列から乗車してください。
※注記：「国分寺駅南口－府中駅」間のバスは、寺91系統をご利用ください。
JR中央線 国立駅南口からバス
「（国01〜03系統）医療センター経由「府中駅行」または「府中営業所行」 バス12分
「第九小学校」下車、徒歩6分",https://www.metro.ed.jp/fuchu-h/access/access.html
410220,府中東,fuchuhigashi-h,"路線案内
京王線 武蔵野台駅・飛田給駅 徒歩15分
西武鉄道多摩川線 白糸台駅 徒歩25分",https://www.metro.ed.jp/fuchuhigashi-h/access/access.html
410710,府中工科,fuchukoka-h,"路線案内
京王線 「東府中駅」北口下車徒歩10分
JR中央線 「武蔵小金井駅」南口より東府中行バス15分（「府中工業高校」下車 ）",https://www.metro.ed.jp/fuchukoka-h/access/access.html
410230,府中西,fuchunishi-h,"路線案内
JR南武線「西府」駅より 徒歩15分
JR中央線「国立」駅より （谷保経由）
「聖蹟桜ヶ丘駅行き」バス15分
「府中西高校入口」下車徒歩１分
京王線「聖蹟桜ヶ丘」駅より
「国立駅行き」バス15分
「府中西高校入口」下車徒歩１分",https://www.metro.ed.jp/fuchunishi-h/access/access.html
403020,富士,fuji-s,"路線案内
東京メトロ丸ノ内線「中野富士見町」駅より徒歩1分
バス
JR「中野駅」から10分
（南口ターミナル1番線 京王バス 渋63渋谷駅行・新45新宿駅西口行
「中野車庫」下車徒歩2分又は「富士高校」下車徒歩1分
京王線「幡ヶ谷」駅から10分
（京王バス 渋63中野駅行）「富士高校」下車徒歩1分
京王線「笹塚」駅から徒歩4分「笹塚中学」バス停から10分
（京王バス 渋63・宿45中野駅行「富士高校」下車徒歩1分）
京王井の頭線「西永福」駅から25分
（中71中野駅行「中野車庫」下車徒歩2分",https://www.metro.ed.jp/fuji-s/access/access.html
407020,富士森,fujimori-h,"路線案内
JR西八王子駅下車、北口より徒歩１３分
西東京バス、西八王子駅（北口）または中央図書館前より富士森高校経由長房団地ゆき・城山手ゆき約５分「富士森高校」下車、徒歩１分（本校経由のみ利用）
西東京バス、京王八王子駅または、JR八王子北口より富士森高校経由長房団地ゆき・城山手ゆき約２５分「富士森高校」下車、徒歩１分（本校経由のみ利用）",https://www.metro.ed.jp/fujimori-h/access/access.html
406210,深川,fukagawa-h,"路線案内
東京メトロ東西線東陽町駅１番出口から 徒歩２分
JR 錦糸町駅南口より都バス【東22】東陽町駅または東京駅丸の内北口行き「江東区役所前」下車徒歩１分
【主要駅からのバス所要時間】 ※時間帯により多少時間が掛かることがあります。
JR総武線・JR横須賀線・東京メトロ半蔵門線より 都営バス15分
都営地下鉄新宿線・東京メトロ半蔵門線より 都営バス10分
都営地下鉄大江戸線・東京メトロ東西線より 都営バス15分
【バスルート】
停留所
行き先停留所
錦糸町駅～亀戸駅通り～境川～門前仲町
・錦糸町駅前
（木11甲）東陽七～新木場駅～東陽七
（木11折）東陽町駅～新木場駅～東陽町駅
（木11折）東陽町駅～新木場駅～若洲キャンプ場
・潮見駅前
東陽町駅～新砂二～新東京郵便局～潮見駅
・亀戸駅前
東陽町駅～大島駅～亀戸駅
東大島駅～東陽町駅～木場駅～門前仲町
・東大島駅前
・東京駅北口
錦糸町駅～東陽町駅～日本橋～東京駅北口
・錦糸町駅前
東大島駅～東陽町駅～木場駅～門前仲町
・東大島駅前
・東京駅北口
錦糸町駅～東陽町駅～日本橋～東京駅北口
・錦糸町駅前",https://www.metro.ed.jp/fukagawa-h/access/access.html
402270,深沢,fukasawa-h,"路線案内
・東急田園都市線 桜新町駅（徒歩１５分）
南口を上がったところに東急バス黒０７のバス停があります。
徒歩の場合は、バス停を見ながら進み、KALDIと三井住友銀行の間を曲がると、サザエさん通りに出ます。",https://www.metro.ed.jp/fukasawa-h/access/access.html
408230,福生,fussa-h,"路線案内
JR青梅線利用の場合福生駅より徒歩12分、牛浜駅からだと20分、バスを利用する場合は「 永田橋（別ウインドウが開きます）
」バス停が永田橋付近に、別系統で体育館の手前に「 中福生（別ウインドウが開きます）
」バス停、その先、多摩橋のたもとに「 市営プール（別ウインドウが開きます）
」バス停があります。
※注記：バス停名をクリックすると利用できるバス路線が確認できます。（外部リンク）",https://www.metro.ed.jp/fussa-h/access/access.html
408230,福生,fussa-he,"路線案内
JR中央線 豊田駅北口から 八王子駅北口行バスで「大和田坂上」下車、徒歩6分
または平山工業団地循環バスで「旭ヶ丘中央公園」下車、徒歩6分
JR八高線 北八王子駅から徒歩11分",https://www.metro.ed.jp/fussa-he/access/access.html
413010,八丈,hachijo-h,"八丈島空港より 車5分（徒歩20分）
八丈島底土港より 車10分（徒歩40分）",https://www.metro.ed.jp/hachijo-h/access/access.html
413010,八丈,hachijo-he,"八丈島空港より 車5分（徒歩20分）
八丈島底土港より 車10分（徒歩40分）",https://www.metro.ed.jp/hachijo-he/access/access.html
407040,八王子東,hachiojihigashi-h,"路線案内
JR八高線「北八王子」駅から徒歩11分
JR中央線「八王子」駅北口・「京王八王子」駅からバス
日野台経由日野駅または豊田駅北口行バスで「大和田坂上」下車、徒歩6分
JR中央線「豊田」駅北口からバス、徒歩20分
八王子駅北口行バスで「大和田坂上」下車、徒歩6分
平山工業団地循環バスで「旭が丘中央公園」下車、徒歩6分",https://www.metro.ed.jp/hachiojihigashi-h/access/access.html
407050,八王子北,hachiojikita-h,"JR八王子駅からのご利用
北口バス乗り場（7）（川口小学校行・上川霊園行・今熊行・武蔵五日市行・サマーランド行）
「楢原町」下車
楢原町バス停より徒歩7分
JR西八王子駅からのご利用
北口を出て右手バス乗り場（1）（市役所経由楢原町行・川口小学校行）
「楢原町」下車
楢原町バス停より徒歩7分",https://www.metro.ed.jp/hachiojikita-h/access/access.html
407520,八王子拓真,hachiojitakushin-he,"ＪＲ西八王子駅から徒歩約８分、京王線 山田駅から徒歩約２０分
京王八王子駅をご利用の方へ
京王八王子駅をご利用の方は、次のいずれかをお選びいただければ便利です。
ＪＲ八王子駅まで徒歩８分、中央線で西八王子駅下車
京王八王子駅１番バスのりばで長房団地行き、城山手行きまたは館ヶ丘団地行きに乗り、 西八王子駅入口下車（約１０分間隔で発車、所要時間１１分）、
千人町交差点を右に折れ、御所水通りを富士森公園方向に徒歩約７分
※ バス利用の方は交通事情により遅延する場合があります。",https://www.metro.ed.jp/hachiojitakushin-he/access/access.html
408050,拝島,haijima-h,"路線案内
拝島駅より
バスで拝島大師まで10分、拝島大師より徒歩3分
徒歩で27分
昭島駅より
徒歩で23分
立川駅より
バスで拝島大師まで25分、拝島大師より徒歩3分",https://www.metro.ed.jp/haijima-h/access/access.html
408250,羽村,hamura-h,"路線案内
◇ 「羽村駅」「箱根ヶ崎駅」までの所要時間
JR線：「立川駅」約18分、「八王子駅」約22分、「国分寺駅」約28分、「新宿駅」約55分
西武線：「東大和駅」約22分、「小平駅」約30分、「田無駅」約45分、「西武新宿駅」1時間
◇ 最寄り駅から本校までのアクセス
羽村駅東口からバスの場合
立川バス乗り場から「長岡循環」「箱根ヶ崎駅」乗車
→「東台」下車(所要時間約8分)
→下車後、徒歩5分
羽村駅東口から徒歩で約20分
箱根ヶ崎駅から徒歩で約20分",https://www.metro.ed.jp/hamura-h/access/access.html
405410,晴海総合,harumisogo-h,"路線案内
東京メトロ有楽町線 月島駅下車
都営地下鉄大江戸線 月島駅下車
（10）番出口より徒歩8分
バスの場合
都営バス 門33系統 亀戸駅前発 豊海水産埠頭行 月島三丁目下車 徒歩6分
東15系統 深川車庫前発 東京駅八重洲口行 晴海一丁目下車 徒歩1分
業10系統 新橋発 東京スカイツリー駅前行 晴海一丁目下車 徒歩0分",https://www.metro.ed.jp/harumisogo-h/access/access.html
401020,日比谷,hibiya-h,"路線案内
地下鉄の「永田町」「赤坂見附」「溜池山王」「国会議事堂前」が最寄り駅です。
「永田町駅」6番出口より徒歩8分
「赤坂見附駅」11番出口より徒歩8分
「溜池山王・国会議事堂前駅」5番出口より徒歩7分",https://www.metro.ed.jp/hibiya-h/access/access.html
406220,東,higashi-h,"路線案内
東京メトロ東西線
「南砂町駅」５番出口 徒歩１２分
都営バス
「東砂四丁目」バス停下車 徒歩３分
（都営地下鉄新宿線利用の場合）
大島駅より 都営バス 亀２１系統 １０分
東大島駅より 都営バス 門２１系統 １０分
西大島駅より 都営バス 両２８系統・亀２９系統 １０分
（ＪＲ総武線利用の場合）
亀戸駅より 都営バス 両２８系統・亀２９・亀２１系統 １５～１８分",https://www.metro.ed.jp/higashi-h/access/access.html
409230,東村山,higashimurayama-h,"路線案内
西武新宿線／西武国分寺線・東村山駅東口より徒歩12分
銀河鉄道バス「野際通り西」下車（所用3分）
グリーンバス「東村山高校」下車",https://www.metro.ed.jp/higashimurayama-h/access/access.html
409280,東村山西,higashimurayamanishi-h,"路線案内
西武新宿線 久米川駅南口
西武バス [立３４] 立川駅北口行8分 明法学院前下車徒歩7分
JR中央線 立川駅北口
西武バス [立３４] 久米川駅行33分 明法学院前下車徒歩7分
西武多摩湖線 八坂駅 徒歩15分
西武国分寺線・拝島線 小川駅 徒歩20分",https://www.metro.ed.jp/higashimurayamanishi-h/access/access.html
408060,東大和,higashiyamato-h,"路線案内
「上北台駅」より 徒歩10分
西武拝島線
「東大和市駅」より 徒歩25分
バス
西武バス
JR「立川駅北口」より（東大和市駅経由）
東村山駅西口行・イオンモール行 約25分「庚申塚」下車 徒歩5分
西武バス
JR「立川駅北口」より（東大和市駅経由）
芝中団地行 約30分「東大和高校」下車 徒歩1分
都営バス
西武拝島線「東大和市駅前」より
青梅車庫行 約5分「庚申塚」下車 徒歩5分
西武バス
西武新宿線「東村山駅西口」より
立川駅北口行 約15分「庚申塚」下車 徒歩5分",https://www.metro.ed.jp/higashiyamato-h/access/access.html
403250,光丘,hikarigaoka-h,"路線案内
都営地下鉄大江戸線「光が丘」駅から徒歩12分
東武東上線「成増」駅から徒歩15分
バス
成増駅より下車南口4番のりば 西武バス
（光31）光が丘駅行「光丘高校」下車、徒歩1分
（練高01）練馬高野台駅行「光丘高校」下車、徒歩1分
（練高02）南田中車庫行各経由バス「光丘高校」下車、徒歩1分
西武 練馬高野台駅
西武バス（練高01）（練高02）成増駅行「光丘高校」下車、徒歩1分
西武 石神井公園駅
西武バス（吉60）成増駅行「土支田交番」下車、徒歩5分
国際興業バス（石02・03）成増行・練馬車庫行き「土支田交番」下車、徒歩5分
西武 保谷駅
コミュニティバス「みどりバス」光が丘駅行き「光丘高校角」下車、徒歩1分
※バスでお越しの場合は、交通状況により遅延する恐れがありますので、余裕を持った移動をオススメします。",https://www.metro.ed.jp/hikarigaoka-h/access/access.html
407080,日野,hino-h,"路線案内
立川より7分（立川南駅から万願寺駅までの乗車時間）
多摩センターより12分（高播不動駅までの乗車時間）",https://www.metro.ed.jp/hino-h/access/access.html
407090,日野台,hinodai-h,"JR中央線日野駅下車
徒歩13分
京王バス (日50)八王子駅北口行 約5分「日野自動車前」下車、徒歩4分
京王バス (日11)豊田駅北口行 約5分「日野自動車前」下車、徒歩3分
JR中央線豊田駅下車
徒歩20分
京王バス (日11)日野駅行 約5分「日野自動車前」下車、徒歩3分
JR中央線八王子駅下車
京王バス (日50)日野駅行 約25分「日野自動車前」下車、徒歩4分
京王線高幡不動駅（南口）下車
京王バス (日02)日野駅行 約15分「日野市役所」下車、徒歩約15分
京王バス (日03)日野駅行 約15分「日野市役所東」下車、徒歩約15分",https://www.metro.ed.jp/hinodai-h/access/access.html
401010,一橋,hitotsubashi-hc,"路線案内
馬喰町 JR 総武快速線 徒歩3分
馬喰横山 都営地下鉄新宿線 徒歩4分
浅草橋 徒歩7分
JR 総武線（各駅停車）
都営地下鉄浅草線
東日本橋 都営地下鉄浅草線 徒歩8分
岩本町 都営地下鉄新宿線 徒歩10分
秋葉原 徒歩13分
JR 山手線・京浜東北線
総武線（各駅停車）
東京メトロ日比谷線
つくばエクスプレス線",https://www.metro.ed.jp/hitotsubashi-hc/access/access.html
401010,一橋,hitotsubashi-he,"路線案内
馬喰町 JR 総武快速線 徒歩3分
馬喰横山 都営地下鉄新宿線 徒歩4分
浅草橋 徒歩7分
JR 総武線（各駅停車）
都営地下鉄浅草線
東日本橋 都営地下鉄浅草線 徒歩8分
岩本町 都営地下鉄新宿線 徒歩10分
秋葉原 徒歩13分
JR 山手線・京浜東北線
総武線（各駅停車）
東京メトロ日比谷線
つくばエクスプレス線",https://www.metro.ed.jp/hitotsubashi-he/access/access.html
406030,本所,honjo-h,"路線案内
押上駅【東京メトロ半蔵門線・京成電鉄・都営浅草線】下車 A3出口より徒歩7分
押上駅A3出口より地上に出たら、出口を背にして左手方向に進みます。
曳舟駅【東武鉄道】下車 徒歩10分
曳舟駅改札口（1つしかありません）を出たら、改札を背にして左手に進みます。
とうきょうスカイツリー駅【東武鉄道】下車 徒歩１０分
向島3丁目バス停【都営バス】下車 徒歩3分
錦４０ 南千住駅東口⇔錦糸町駅
向島2丁目バス停【都営バス】下車 徒歩2分
草39 金町駅 ⇔ 浅草寿町
※バスの本数は多くありません。詳しくは東京都交通局HPでご確認ください。",https://www.metro.ed.jp/honjo-h/access/access.html
406720,本所工科,honjokoka-he,"路線案内
地下鉄千代田線直通常磐線各駅停車金町駅北口より徒歩15分
京成金町線金町駅より徒歩16分",https://www.metro.ed.jp/honjokoka-he/access/access.html
409040,保谷,hoya-h,"路線案内
西武池袋線保谷駅下車 徒歩15分
西武池袋線ひばりヶ丘駅下車 徒歩18分
バス
JR中央線
武蔵境駅～（境03／ひばりケ丘駅行き）「谷戸住宅」下車 徒歩18分
三鷹駅～（鷹21 ／保谷駅南口・天神山行き）「保谷庁舎」下車 徒歩9分
吉祥寺駅～（吉63 ／保谷駅南口・天神山行き）「保谷庁舎」下車 徒歩9分
吉祥寺駅～（吉66 ／保谷駅南口・天神山行き）「保谷駅南口」下車 徒歩15分
西武新宿線
田無駅～（田41／天神山行き）「保谷庁舎」下車 徒歩8分
田無駅～（境03／ひばりケ丘駅行き）「谷戸住宅」下車 徒歩18分
西武柳沢駅～（吉63／保谷駅南口・天神山行き）「保谷庁舎」下車 徒歩9分
東伏見駅～（吉66／保谷駅南口・天神山行き）「保谷駅南口」下車 徒歩15分
（はなバス／保谷駅南口行き）「保谷庁舎」下車 徒歩9分",https://www.metro.ed.jp/hoya-h/access/access.html
403220,井草,igusa-h,"路線案内
西武新宿線
上石神井駅から 徒歩10分（急行・準急停車）
上井草駅から 徒歩8分（各駅停車）
西武バス 石神井公園駅から荻窪駅行 井草高校前下車 徒歩1分
荻窪駅から石神井公園駅行 同
長久保から荻窪駅行 同",https://www.metro.ed.jp/igusa-h/access/access.html
404220,板橋,itabashi-h,路線案内・周辺地図,https://www.metro.ed.jp/itabashi-h/access/access.html
404520,板橋有徳,itabashiyutoku-h,"路線案内
東武東上線「東武練馬駅」下車 徒歩5分
バス停
「板橋有徳高校入口」下車 徒歩3分
「不動通り」下車 徒歩3分",https://www.metro.ed.jp/itabashiyutoku-h/access/access.html
404520,板橋有徳,itabashiyutoku-he,"【電車】東武東上線「東武練馬駅」下車 徒歩５分
【バス】国際興業バス「板橋有徳高校入口」下車 徒歩３分
「不動通り」下車 徒歩３分
浮間舟渡駅から約３０分
高島平駅から 約１５分",https://www.metro.ed.jp/itabashiyutoku-he/access/access.html
410020,神代,jindai-h,"路線案内
①京王線仙川駅下車南へ徒歩約7分
②成城学園前駅より調布駅南口行バス 神代高校前下車すぐ
③狛江駅より成城学園前駅行バス 神代高校前下車すぐ
④三鷹・吉祥寺から仙川行バス 終点から徒歩約10 分",https://www.metro.ed.jp/jindai-h/access/access.html
410020,神代,jindai-he,"路線案内
①京王線仙川駅下車南へ徒歩約7分
②成城学園前駅より調布駅南口行バス 神代高校前下車すぐ
③狛江駅より成城学園前駅行バス 神代高校前下車すぐ
④三鷹・吉祥寺から仙川行バス 終点から徒歩約10 分",https://www.metro.ed.jp/jindai-he/access/access.html
408510,上水,josui-h,"路線案内
西武拝島線（新宿線）または多摩都市モノレール
玉川上水駅下車 徒歩10分",https://www.metro.ed.jp/josui-h/access/access.html
406780,科学技術,kagakugijyutu-h,"本校までの最寄駅からの代表的な経路
東京メトロ半蔵門線「住吉」駅または都営新宿線「住吉」駅「西大島」駅下車徒歩８分
錦糸町駅南口から、
①都バス（東22）東京駅丸の内北口行または東陽町駅行約７分「猿江２丁目」下車 徒歩５分
②都バス（錦28）東大島行約８分「大島２丁目」下車徒歩２分
③徒歩約２０分
亀戸駅から、
①都バス（亀29）なぎさニュータウン行約６分「大島１丁目」下車徒歩５分
②都バス（亀24）葛西橋行約５分「西大島駅前」下車徒歩約８分
③徒歩約２０分
東京メトロ東西線「東陽町」駅から、都バス（東22）錦糸町駅行約８分「猿江２丁目」下車徒歩５分",https://www.metro.ed.jp/kagakugijyutu-h/access/access.html
401290,蒲田,kamata-h,"路線案内
JR・東急池上線・東急多摩川線 JR蒲田駅 東口より 徒歩7分
京急線 京急蒲田駅より 徒歩15分",https://www.metro.ed.jp/kamata-h/access/access.html
406270,葛西南,kasaiminami-h,"東京メトロ東西線 葛西駅より
都営バス 葛西24・臨海28－1・臨海28－2（8番乗り場）
葛西南高校入口下車 徒歩2分
東京メトロ東西線 西葛西駅より
都営バス 西葛20甲（1番乗り場）・亀29（5番乗り場）
葛西南高校前下車 徒歩2分
葛西駅・西葛西駅行きのバス多数
JR京葉線 葛西臨海公園駅より
都営バス 臨海28甲
葛西南高校入口下車 徒歩2分",https://www.metro.ed.jp/kasaiminami-h/access/access.html
406270,葛西南,kasaiminami-he,"東京メトロ東西線 葛西駅より
都営バス 葛西24甲・臨海28甲・臨海28乙（8番乗り場）
葛西南高校入口下車 徒歩2分
東京メトロ東西線 西葛西駅より
都営バス 西葛20甲（1番乗り場）・亀29（5番乗り場）
葛西南高校前下車 徒歩2分
葛西駅・西葛西駅行きのバス多数
JR京葉線 葛西臨海公園駅より
都営バス 臨海28甲
葛西南高校入口下車 徒歩2分",https://www.metro.ed.jp/kasaiminami-he/access/access.html
407030,片倉,katakura-h,"路線案内
京成バス
江戸川スポーツランド行または瑞江駅行 本一色下車 徒歩5分
環七シャトルバス
東京ディズニーリゾート⇔亀有易 上一色中学校下車 徒歩5分",https://www.metro.ed.jp/katakura-h/access/access.html
406040,葛飾野,katsushikano-h,"路線案内
JR常磐線亀有駅南口より
徒歩15分
京成バス（京成小岩駅行または新小岩駅行）修徳学園入口下車 徒歩5分
京成タウンバス（綾瀬行）曳舟川親水公園下車徒歩3分
京成タウンバス（お花茶屋駅行）葛飾野高校下車
レインボーかつしかバス（お花茶屋駅行）亀有一丁目下車 徒歩3分
京成お花茶屋駅北口より
徒歩12分
京成タウンバス（金町駅行）葛飾野高校下車
レインボーかつしかバス（亀有駅行）亀有一丁目下車 徒歩3分",https://www.metro.ed.jp/katsushikano-h/access/access.html
406420,葛飾総合,katsushikasogo-h,"常磐線各駅停車（東京メトロ千代田線直通）金町駅北口下車
京成金町線金町駅下車
金町駅北口から京成バス「西水元三丁目」または「大場川水門」乗車、3つめの「葛飾総合高校」下車
バス進行方向に向かって歩き、左手の仏壇屋さんを左折すると本校が見えます。
バス停からは徒歩1分です。
金町駅北口から徒歩15分です。",https://www.metro.ed.jp/katsushikasogo-h/access/access.html
406620,葛飾商業,katsushikasyogyo-h,"路線案内
京成線「京成高砂」駅から徒歩１０分
JR常磐線「金町」駅から徒歩２０分",https://www.metro.ed.jp/katsushikasyogyo-h/access/access.html
406620,葛飾商業,katsushikasyogyo-he,"路線案内
京成線「京成高砂」駅から徒歩１０分
JR常磐線「金町」駅から徒歩２０分",https://www.metro.ed.jp/katsushikasyogyo-he/access/access.html
404410,桐ヶ丘,kirigaoka-he,"●JR埼京線・北赤羽駅 （赤羽口）から徒歩で約8分
●JR赤羽駅からバス（桐ヶ丘高校下車）で約5分
●都営地下鉄三田線・志村坂上駅から徒歩で約15分",https://www.metro.ed.jp/kirigaoka-he/access/access.html
404730,北豊島工科,kitatoshimakoka-h,"路線案内
都営三田線 板橋本町駅A4出口から 徒歩11分
東武東上線 中板橋駅北口から 徒歩9分
バス
国際興業 北豊島工科高校前 徒歩3分
関東・国際 富士見町都営住宅前 徒歩3分
都バス 富士見町都営住宅前 徒歩3分",https://www.metro.ed.jp/kitatoshimakoka-h/access/access.html
404730,北豊島工科,kitatoshimakoka-he,"路線案内
都営三田線 板橋本町駅 A4出口から 徒歩11分
東武東上線 中板橋駅 北口から 徒歩9分
バス
国際興業バス 北豊島工科高校前 徒歩3分
関東バス・国際興業バス 富士見町都営住宅前 徒歩3分
都営バス 富士見町都営住宅前 徒歩3分",https://www.metro.ed.jp/kitatoshimakoka-he/access/access.html
404210,北園,kitazono-h,"路線案内
東武東上線「下板橋駅」徒歩7分
JR埼京線「板橋駅」徒歩9分
都営三田線「新板橋駅」徒歩6分",https://www.metro.ed.jp/kitazono-h/access/access.html
409250,清瀬,kiyose-h,"路線案内
清瀬駅までのアクセス
西武池袋線 ひばりヶ丘より5分・ 石神井公園より12分
西武新宿線 小平より14分・田無より20分
JR中央線 国分寺より20分・三鷹より32分
路線バス情報
西武バス
武蔵小金井駅→清瀬駅南口行「保育園入口」徒歩1分
西武新宿線 小平より14分・田無より20分
志木・旭ヶ丘団地→清瀬駅北口行「清瀬駅北口」徒歩7分",https://www.metro.ed.jp/kiyose-h/access/access.html
409210,小平,kodaira-h,"路線案内
西武新宿線 小平駅 南口出口より徒歩10分
西武多摩湖線 青梅街道駅 改札出口より徒歩10分
JR武蔵野線 新小平駅 改札出口より徒歩20分
西武バス 仲町バス停 武蔵小金井／国分寺駅より「小平駅南口」行
バス停下車、徒歩5分",https://www.metro.ed.jp/kodaira-h/access/access.html
409270,小平南,kodairaminami-h,"路線案内
JR中央線《国分寺》駅、西武国分寺・多摩湖線より徒歩18分。
駅北口から徒歩5分→西武バス「国分寺駅北口」停留所→「武蔵野美術大学」行
もしくは「小平営業所」行→2つ目の停留所「けやき公園前」下車→徒歩2分
駅北口から徒歩5分→西武バス「国分寺駅北入口」停留所→「小平駅南口」行→1つ目「第三小学校」の停留所下車→徒歩7分
西武新宿線《小平》駅より 西武バス「国分寺北入口」行で「第三小学校」下車徒歩7分
西武国分寺線《恋ヶ窪》駅より 徒歩15分
西武多摩湖線《一橋学園》駅より 徒歩20分",https://www.metro.ed.jp/kodairaminami-h/access/access.html
409030,小金井北,koganeikita-h,"路線案内
－JR中央線－
東小金井駅北口から、徒歩11分（案内図を参照）
東小金井駅北口から、武蔵小金井駅行きバス（京王）にて10分、小金井北高校下車徒歩1分
武蔵小金井駅北口から、徒歩15分
武蔵小金井駅北口から、東小金井駅行きバス（京王）にて5分、小金井北高校下車すぐ
－西武新宿線－
花小金井駅から、武蔵小金井駅行きバス（西武）にて15分、本町二丁目下車徒歩8分
－西武池袋線－
清瀬駅南口から、武蔵小金井駅行きバス（西武）にて25分、本町二丁目下車徒歩8分
東久留米駅北口バスターミナルから、武蔵小金井駅行きバス（西武）にて25分、本町二丁目下車徒歩8分",https://www.metro.ed.jp/koganeikita-h/access/access.html
409710,小金井工科,koganeikoka-he,"路線案内
JR中央線 武蔵小金井駅 徒歩8分
京王線府中駅から京王バス武蔵小金井駅行き小金井市役所前下車 徒歩3分
西武新宿線花小金井駅から西武バス 武蔵小金井駅下車 徒歩9分
西武池袋線東久留米駅西口から西武バス 武蔵小金井駅下車 徒歩9分
西武池袋線清瀬駅南口から西武バス 武蔵小金井駅下車 徒歩9分",https://www.metro.ed.jp/koganeikoka-he/access/access.html
404710,工芸,kogei-h,"路線案内
JR・都営三田線「水道橋駅」すぐ
東京メトロ丸ノ内・南北線「後楽園駅」下車徒歩７分",https://www.metro.ed.jp/kogei-h/access/access.html
404710,工芸,kogei-he,"JR総武線「水道橋」駅東口より徒歩1分
都営三田線「水道橋」駅A1出口より徒歩1分
東京メトロ丸ノ内線／南北線「後楽園」駅より徒歩7分
都営三田線／大江戸線「春日」駅A1出口より徒歩7分",https://www.metro.ed.jp/kogei-he/access/access.html
405220,江北,kohoku-h,"路線案内
3路線から来校できます
つくばエクスプレス 青井駅から徒歩7分
東京メトロ千代田線 綾瀬駅から徒歩10分
東武スカイツリーライン 五反野駅から徒歩12分",https://www.metro.ed.jp/kohoku-h/access/access.html
406260,小岩,koiwa-h,"路線案内
京成バス【②のりば】
江戸川スポーツランド行または瑞江駅行 本一色下車 徒歩5分
環七シャトルバス
東京ディズニーリゾート⇔亀有駅 上一色中学校下車 徒歩5分",https://www.metro.ed.jp/koiwa-h/access/access.html
409240,国分寺,kokubunji-h,"ＪＲ中央線 国立駅（北口）より
徒歩 約25分
本校までのアクセスは、バスの便数が少ないため徒歩が確実です。
国立駅から本校までの道順の紹介動画は こちら
バス 約10分 （立川バス）
→「国分寺高校入口」下車 徒歩3分(正門)
→「富士本三丁目」下車 徒歩5分(南門)
西武国分寺線 恋ヶ窪駅より
徒歩 約25分
バス 約15分（立川バス）
→「富士本三丁目」下車 徒歩5分(南門)
西武国分寺線 鷹の台駅より
徒歩 約25分
※時刻表やバス料金などの詳細は 立川バス株式会社のサイト をご覧ください。",https://www.metro.ed.jp/kokubunji-h/access/access.html
402030,駒場,komaba-h,"路線案内
★ 最寄り駅 ★
京王井の頭線駒場東大前より徒歩7分
東急田園都市線池尻大橋より徒歩7分
渋谷より東急バス51「松見坂上」徒歩0分",https://www.metro.ed.jp/komaba-h/access/access.html
410050,狛江,komae-h,路線案内,https://www.metro.ed.jp/komae-h/access/access.html
406240,小松川,komatsugawa-h,"路線案内
JR「平井」駅から徒歩12分
都営バス 「小松川3丁目」から徒歩5分
都営新宿線 「東大島」駅から徒歩20分",https://www.metro.ed.jp/komatsugawa-h/access/access.html
406630,江東商業,kotosyogyo-h,"路線案内
主要駅からの所要時間
東武亀戸線亀戸水神駅より徒歩４分
ＪＲ総武緩行線亀戸駅北口より徒歩１２分
東口より徒歩８分",https://www.metro.ed.jp/kotosyogyo-h/access/access.html
411040,神津,kouzu-h,"神津島港(前浜）～神津高校→徒歩15分
三浦漁港(多幸湾)～神津高校→村内循環バス 約15分(ホテル神津館前下車、徒歩含む)
神津空港～神津高校→村内循環バス 約15分 (ホテル神津館前下車、徒歩含む)",https://www.metro.ed.jp/kouzu-h/access/access.html
401230,小山台,koyamadai-h,"路線案内
都営三田線、東京メトロ南北線で「武蔵小山」駅まで直通で通学できます。
東急目黒線「武蔵小山」駅から徒歩0分です。「日本一駅から近い学校」と言われるほど、駅からのアクセスが良いです。
主要駅からの所要時間",https://www.metro.ed.jp/koyamadai-h/access/access.html
410240,国立,kunitachi-h,"路線案内
JR中央線国立駅下車、南口より徒歩15分
JR南武線谷保駅下車、北口より徒歩10分
立川バス
JR中央線国立駅南口4番乗り場より
（国11）矢川駅行
（国12）谷保駅行
約5分「国立高校前」下車、徒歩3分
京王バス
JR中央線国立駅南口3番乗り場より
（国17）（谷保駅経由）府中駅行
（国18）聖蹟桜ヶ丘駅行
約5分「国立高校前」下車、徒歩3分",https://www.metro.ed.jp/kunitachi-h/access/access.html
405710,蔵前工科,kuramaekoka-h,"路線案内
JR総武線 浅草橋駅 東口 徒歩10分
都営浅草線 浅草橋駅 A6出口 徒歩10分
→JR総武線を背にし、江戸通りを浅草方面へ、須賀橋交番を右。
都営浅草線 蔵前駅 A1出口 徒歩6分
都営大江戸線 蔵前駅 A6出口 徒歩15分",https://www.metro.ed.jp/kuramaekoka-h/access/access.html
405710,蔵前工科,kuramaekoka-he,"路線案内
JR総武線 浅草橋駅 東口 徒歩10分
都営浅草線 浅草橋駅 A6出口 徒歩10分
→JR総武線を背にし、江戸通りを浅草方面へ、須賀橋交番を右。
都営浅草線 蔵前駅 A1出口 徒歩6分
都営大江戸線 蔵前駅 A6出口 徒歩15分",https://www.metro.ed.jp/kuramaekoka-he/access/access.html
409060,久留米西,kurumenishi-h,"路線案内
西武池袋線 清瀬駅(南口)より徒歩17分
西武バス（清瀬駅南口より)
武蔵小金井駅行（武13）→東久留米総合高校前下車 徒歩7分
下里団地行又は花小金井駅行き（清02、清03）→竹丘南団地下車 徒歩3分
西武バス（東久留米駅西口より)
武蔵小金井駅行き（錦城高校経由）→久留米西高入口下車 徒歩5分",https://www.metro.ed.jp/kurumenishi-h/access/access.html
407210,町田,machida-h,"小田急線「町田」駅より徒歩13分
JR線「町田」駅より徒歩15分",https://www.metro.ed.jp/machida-h/access/access.html
407720,町田工科,machidakoka-h,"路線案内
神奈中バス
町田駅 (小田急線／JR横浜線)
町田バスセンターから （乗車 約15～17分 徒歩 約1～6分 290円）
JR橋本駅
橋本駅北口から （乗車 約30分 徒歩 約6分 430円）
JR淵野辺駅
淵野辺駅北口から （乗車 約10分 徒歩 約6分 260円）",https://www.metro.ed.jp/machidakoka-h/access/access.html
407420,町田総合,machidasogo-h,"路線案内
JR横浜線 町田駅・小田急線 町田駅よりバス１５分
町田バスセンター３番乗り場 町33 下山崎行き ⇒ Ａ 町田総合高校前下車
町田バスセンター２番乗り場 町78 野津田車庫行き ⇒ Ｂ 町田総合高校前下車
町田バスセンター２番乗り場 町17 淵野辺駅北口行き ⇒ Ｂ 町田総合高校前下車
町田バスセンター２番乗り場 町12 木曽南団地行き ⇒ Ｃ 木曽南団地下車 徒歩３分
JR横浜線 淵野辺駅よりバス１０分
淵野辺駅北口１番乗り場 町17 町田バスセンター行き ⇒ Ｂ 町田総合高校前下車
JR横浜線 古淵駅より徒歩２５分",https://www.metro.ed.jp/machidasogo-h/access/access.html
402210,松原,matsubara-h,路線案内,https://www.metro.ed.jp/matsubara-h/access/access.html
402210,松原,matsubara-he,路線案内,https://www.metro.ed.jp/matsubara-he/access/access.html
407070,松が谷,matsugaya-h,"路線案内
京王相模原線 京王堀之内駅下車 徒歩15分
多摩都市モノレール 松が谷駅下車 徒歩15分
京王線、小田急線、多摩都市モノレール 多摩センター駅下車 徒歩 20分
バス
京王相模原線、小田急多摩線、多摩都市モノレール 多摩センター駅9番乗り場より
（本数少）[多17]系統「松が谷高校循環」に乗車 約5分、「松が谷高校」下車すぐ
[多11]系統「松が谷循環」に乗車 約5分、「松が谷小学校」下車 徒歩5分
京王線 聖蹟桜ヶ丘駅
1番乗り場より[桜80]系統「南大沢駅行き」または[桜88]系統「京王堀之内駅行き」に乗車、「東中野」下車 徒歩15分
（本数少）2番乗り場より [桜84]系統「相模原駅行き」に乗車、「東中野」下車 徒歩15分
（朝夕のみ）JR中央線豊田駅南口より
[豊32]系統「中央大学・東中野経由多摩センター駅行き」に乗車、「東中野」下車 徒歩15分",https://www.metro.ed.jp/matsugaya-h/access/access.html
401520,美原,mihara-h,"路線案内
京浜急行「平和島」下車 徒歩7分 環状七号線を左手に進み、大森消防署の交差点を右折してすぐ（急行・特急は停車しますが、快特は止まらないのでご注意ください。）
品川駅から急行8分・特急6分
JR大森駅東口より、京浜急行バス等で「平和島駅」下車 徒歩7分（森21・23・24・25・26・27・40・56系統などが利用できます）",https://www.metro.ed.jp/mihara-h/access/access.html
407100,南平,minamidaira-h,京王線南平駅より徒歩約10分,https://www.metro.ed.jp/minamidaira-h/access/access.html
403420,稔ヶ丘,minorigaoka-he,"路線案内
西武新宿線「下井草駅」北口から徒歩7分
西武池袋線「富士見台駅」南口から徒歩15分",https://www.metro.ed.jp/minorigaoka-he/access/access.html
401040,三田,mita-h,"路線案内
JR山手線 京浜東北線「田町」駅下車徒歩13分
都営大江戸線 「赤羽橋」駅下車徒歩5分
都営三田線「芝公園」駅下車徒歩7分
都営浅草線「三田」駅下車徒歩12分
東京メトロ南北線「麻布十番」駅下車徒歩10分
都営バス「赤羽橋」下車徒歩5分",https://www.metro.ed.jp/mita-h/access/access.html
412010,三宅,miyake-h,"竹芝桟橋（JR浜松町駅下車）より東海汽船（「橘丸」「さるびあ丸」）に乗船
【島内バス】
島内各バス停⇔三宅高校前下車（村営バスの右回りまたは左回り）",https://www.metro.ed.jp/miyake-h/access/access.html
408820,瑞穂農芸,mizuhonogei-h,"路線案内
JR八高線「箱根ヶ崎」東口下車 徒歩20分
バス利用
「瑞穂町役場入口」or「瑞穂第一小学校前」下車 徒歩15分
【都営バス】花小金井駅北口・小平駅・東大和市駅 ←→ 青梅車庫
【立川バス】立川駅北口 ←→ 瑞穂町営業所・箱根ヶ崎駅東口
昭島駅北口 ←→ 箱根ヶ崎駅東口",https://www.metro.ed.jp/mizuhonogei-h/access/access.html
408820,瑞穂農芸,mizuhonogei-he,"路線案内
JR八高線「箱根ヶ崎」下車 徒歩約20分
【バス利用】
「瑞穂町役場入口」「瑞穂第一小学校前」 バス停下車 徒歩約15分
都営バス（ 梅70） 花小金井駅北口・小平駅・東大和市駅⇔青梅車庫
立川バス（ 立10） 立川駅北口⇔瑞穂町営業所
（立12） 立川駅北口⇔箱根ヶ崎駅東口
（昭24） 昭島駅北口⇔箱根ヶ崎駅東口",https://www.metro.ed.jp/mizuhonogei-he/access/access.html
406290,紅葉川,momijigawa-h,"■ 東京メトロ東西線「西葛西」駅より
徒歩19分
バス16分
» 都バス27系統(臨海町二丁目団地行)にて紅葉川高校前下車
» 都バス26系統(葛西臨海公園行)にて臨海町二丁目団地下車
■ JR京葉線「葛西臨海公園」駅より
徒歩19分",https://www.metro.ed.jp/momijigawa-h/access/access.html
404020,向丘,mukogaoka-h,"路線案内
都営三田線「白山駅」から徒歩7分
東京メトロ南北線「本駒込駅」から徒歩5分
東京メトロ千代田線「千駄木駅」から徒歩12分
都バス
王子駅/駒込駅 ----- お茶の水駅/東京駅(八重洲口)
荒川土手/田端駅 ----- 東京駅(北口)
「向丘一丁目」「向丘二丁目」バス停より徒歩2分
池袋駅(東口)/巣鴨駅 ----- 浅草寿町
「白山上」バス停より徒歩3分",https://www.metro.ed.jp/mukogaoka-h/access/access.html
409010,武蔵,musashi-h,路線案内,https://www.metro.ed.jp/musashi-h/access/access.html
403030,武蔵丘,musashigaoka-h,"路線案内
西武池袋線
「富士見台」駅 徒歩10分
西武新宿線
「鷺ノ宮」駅 徒歩12分
JR中央線
「阿佐ヶ谷」経由→北口 関東バス＜中村橋行＞→「鷺宮4丁目」徒歩8分
「荻窪」経由→北口 関東バス＜中村橋・練馬駅行＞→「鷺宮4丁目」徒歩8分",https://www.metro.ed.jp/musashigaoka-h/access/access.html
408070,武蔵村山,musashimurayama-h,"最寄駅からのバス
JR青梅線昭島駅北口から（立川バス）
約25分乗車「武蔵村山高校南」下車 徒歩約5分
西武拝島線 西武立川駅入口から、西武立川駅西から（立川バス）
約15分乗車「武蔵村山高校南」下車 徒歩約5分
JR八高線箱根ヶ崎駅から（立川バス）
立川駅北口行き
昭島駅北口行き
約15分乗車「新道」下車 徒歩約8分
西武拝島線東大和市駅前から（都営バス）
約30分乗車「三ツ木薬師前」下車 徒歩約8分
JR青梅駅から（都営バス）
約40分乗車「新道」下車 徒歩約8分",https://www.metro.ed.jp/musashimurayama-h/access/access.html
409020,武蔵野北,musashinokita-h,"路線案内
JR中央線
三鷹駅(北口)からバスで12分 [鷹13/鷹21/鷹22/鷹25]
吉祥寺駅(北口)からバス15分 [吉52/吉53]
「武蔵野北高校」下車
西武新宿線
西武柳沢駅(南口)から徒歩15分
西武柳沢駅(南口)からバス5分 [鷹13/吉53]
「武蔵野北高校」下車
西武池袋線
保谷駅(南口)からバス15分
ひばりが丘駅(南口)からバス20分 [鷹22]
「武蔵野北高校」下車",https://www.metro.ed.jp/musashinokita-h/access/access.html
410250,永山,nagayama-h,"路線案内
京王・小田急「永山駅」までの各駅所要時間
「立川駅」約50分、「八王子駅」約40分、「新宿駅」約35分、「狛江駅」約30分、「町田駅」約25分、「府中駅」約25分、「調布駅」約20分、「聖蹟桜ヶ丘駅」約20分、「橋本駅」約20分、「鶴川駅」約20分、「稲城駅」約15分、「新百合ヶ丘駅」約15分、「多摩センター駅」約10分。
バス
京王線聖蹟桜ヶ丘駅11番から永山5丁目行、京王多摩車庫行、鶴川行のいずれかで「永山高校」下車（所要時間約20分）。
降りたらバスの進行と逆方向に徒歩約3分。
「永山駅」から永山5丁目行、京王多摩車庫行、鶴川行のいずれかで「永山高校」下車（所要時間約5分）。
降りたらバスの進行と逆方向に徒歩約3分。
鶴川駅5番から「聖蹟桜ヶ丘駅」行きで「永山高校下車（所要時間約20分）。
降りたら、バスの進行方向に徒歩約3分。
徒歩
「永山駅」から25分位かかります。",https://www.metro.ed.jp/nagayama-h/access/access.html
403710,中野工科,nakanokoka-h,"路線案内
本校へ来校される際は、西武新宿線「野方駅」から徒歩（７分）で来られるか、バスにて最寄りのバス停までお越しください
西武新宿線野方駅より徒歩7分
JR中央線高円寺駅北口から関東バス 赤羽駅・練馬駅行きにて野方駅入口下車 徒歩4分
JR中央線中野駅北口から関東バス 野方行にて終点下車 徒歩5分
西武池袋線練馬駅から関東バス 高円寺行にて野方駅入口下車 徒歩4分
JR京浜東北線赤羽駅から関東バス（国際興行）高円寺行にて野方駅入口（野方駅南口）下車 徒歩4分",https://www.metro.ed.jp/nakanokoka-h/access/access.html
403710,中野工科,nakanokoka-he,"路線案内
西武新宿線野方駅より徒歩7分
JR中央線高円寺駅北口から関東バス 赤羽駅・練馬駅行きにて野方駅入口下車 徒歩4分
JR中央線中野駅北口から関東バス 野方行にて終点下車 徒歩5分
西武池袋線練馬駅から関東バス 高円寺行にて野方駅入口下車 徒歩4分
JR京浜東北線赤羽駅から関東バス（国際興行）高円寺行にて野方駅入口（野方駅南口）下車 徒歩4分",https://www.metro.ed.jp/nakanokoka-he/access/access.html
407240,成瀬,naruse-h,"路線案内
ＪＲ横浜線「成瀬駅」下車、徒歩10分
北口バス乗り場①番（神奈中バス）「成瀬高校入口」下車 徒歩1分",https://www.metro.ed.jp/naruse-h/access/access.html
403240,練馬,nerima-h,"都営地下鉄大江戸線「練馬春日町駅」（A2出口）より徒歩12分
※都営地下鉄大江戸線「練馬春日町駅」から本校へ来校する道のりはこちらです。
東京メトロ有楽町線・副都心線「平和台駅」（北口）より徒歩17分
●バスでのアクセス
東京メトロ有楽町線・副都心線「平和台駅」より国際興業バス
光が丘駅行・日大練馬光が丘病院行で「田柄中学校」下車徒歩3分
東武東上線「下赤塚駅」より西武バス
練馬駅行で「練馬高校」下車徒歩5分
西武池袋線「練馬駅」または「豊島園駅」より西武バス
成増駅南口行で「練馬高校」下車徒歩5分",https://www.metro.ed.jp/nerima-h/access/access.html
403730,練馬工科,nerimakoka-h,"路線案内
有楽町線・副都心線 平和台駅 徒歩5分
大江戸線 練馬春日町駅より徒歩15分
西武線 豊島園駅より徒歩20分
○の数字は平和台駅までの所要時間です。",https://www.metro.ed.jp/nerimakoka-h/access/access.html
406070,日本橋,nihonbashi-h,"路線案内
京成押上線曳舟駅下車 徒歩５分
東武線曳舟駅下車 徒歩１０分
都バス ＪＲ亀戸駅６番バス乗り場より（里２２）日暮里駅行き約１５分
「明治通り」下車徒歩３分",https://www.metro.ed.jp/nihonbashi-h/access/access.html
411030,新島,niijima-h,新島空港→新島高校（徒歩20分）,https://www.metro.ed.jp/niijima-h/access/access.html
403050,西,nishi-h,"路線案内
京王井の頭線「久我山」駅下車 徒歩10分
JR中央線「荻窪」駅より関東バス宮前3丁目行き「宮前4丁目」下車 徒歩3分
JR中央線「西荻窪」駅より南北バスすぎ丸「久我山駅」行き「西高校西門前」下車すぐ",https://www.metro.ed.jp/nishi-h/access/access.html
403810,農芸,nogei-h,"路線案内
JR中央線「西荻窪」から徒歩20分
JR中央線「西荻窪」から関東バス[系統西50] 「井荻」行 農芸高校前下車目の前
JR中央線「荻窪」から西武バス[系統荻14]「石神井公園」行 農芸高校下車徒歩3分
西武新宿線「上井草」から徒歩10分
西武池袋線「石神井公園」から西武バス「荻窪」行 農芸高校下車徒歩3分",https://www.metro.ed.jp/nogei-h/access/access.html
403810,農芸,nogei-he,"路線案内
JR中央線「西荻窪」から徒歩20分
JR中央線「西荻窪」から関東バス[系統西50] 「井荻」行 農芸高校前下車目の前
JR中央線「荻窪」から西武バス[系統荻14]「石神井公園」行 農芸高校下車徒歩3分
西武新宿線「上井草」から徒歩10分
西武池袋線「石神井公園」から西武バス「荻窪」行 農芸高校下車徒歩3分",https://www.metro.ed.jp/nogei-he/access/access.html
410810,農業,nogyo-h,"路線案内
京王線府中駅下車、徒歩5分
京王バスJR中央線 国分寺駅南口より（寺91）府中駅行き約20分「農業高校前」下車、徒歩1分
JR武蔵野線 北府中駅下車、徒歩12分
JR武蔵野線・JR南武線 府中本町駅下車、徒歩15分",https://www.metro.ed.jp/nogyo-h/access/access.html
410810,農業,nogyo-he,"路線案内
京王線府中駅下車、徒歩5分
京王バスJR中央線 国分寺駅南口より（寺91）府中駅行き約20分「農業高校前」下車、徒歩1分
JR武蔵野線 北府中駅下車、徒歩12分
JR武蔵野線・JR南武線 府中本町駅下車、徒歩15分",https://www.metro.ed.jp/nogyo-he/access/access.html
406810,農産,nosan-h,"路線案内
JR常磐線各駅停車（東京メトロ千代田線との直通運転）亀有駅下車 南口より徒歩15分
JR東日本 亀有駅時刻表（別ウインドウが開きます）
亀有駅南口から、京成タウンバス（有57系統）ご利用の場合は、「上千葉砂原公園」下車 運行は30分に1本程度ですのでご注意ください。亀有駅発時刻表（別ウインドウが開きます）
京成本線お花茶屋駅（各駅停車のみ停車）下車 北口より徒歩20分
京成電鉄 各駅の時刻表検索（別ウインドウが開きます）
お花茶屋駅北口から、京成タウンバス（有57系統）ご利用の場合は、「上千葉砂原公園」下車。運行は30分に1本程度です。（別ウインドウが開きます）",https://www.metro.ed.jp/nosan-h/access/access.html
406810,農産,nosan-he,"路線案内
JR常磐線各駅停車（東京メトロ千代田線との直通運転）亀有駅下車 南口より徒歩15分
亀有駅南口から、京成タウンバス（有57系統）ご利用の場合は、「上千葉砂原公園」下車 運行は30分に1本程度ですのでご注意ください。
京成本線お花茶屋駅（各駅停車のみ停車）下車 北口より徒歩20分
お花茶屋駅北口から、京成タウンバス（有57系統）ご利用の場合は、「上千葉砂原公園」下車。運行は30分に1本程度ですのでご注意ください。",https://www.metro.ed.jp/nosan-he/access/access.html
407230,野津田,nozuta-h,"路線案内
JR横浜線・小田急「町田駅」よりバス
町田駅14番のりば
（町45）都立野津田高校行→都立野津田高校下車
（町26）野津田車庫行（図師経由）→神学校下車 徒歩10分
町田駅21番のりば
（町55）野津田車庫行（本町田経由）→野津田車庫下車 徒歩10分
小田急線「鶴川駅」よりバス
（鶴33・鶴66）野津田車庫行（本町田経由）→野津田車庫下車 徒歩10分
JR横浜線「淵野辺駅」よりバス
（淵23）野津田車庫行→神学校下車 徒歩10分
（鶴37）鶴川駅行（野津田車庫経由）→神学校下車 徒歩10分
京王線・小田急線・多摩都市モノレール「多摩センター駅」よりバス
（鶴32）鶴川駅行（小野路・青木葉公園経）→小野神社前下車 徒歩15分",https://www.metro.ed.jp/nozuta-h/access/access.html
405420,小台橋,odaibashi-he,路線案内,https://www.metro.ed.jp/odaibashi-he/access/access.html
406410,大江戸,oedo-he,"路線案内
都営新宿線住吉駅出口A3→住吉駅前（東22系統 東陽町駅前行または東京駅丸の内北口行 都営バス）→千田（都営バス）→大江戸高校およそ15分
東京メトロ東陽町出口1→東陽町駅前（東22系統 錦糸町駅前行 都営バス）→千田（都営バス）→大江戸高校およそ15分
JR総武線錦糸町駅南口→錦糸町駅前バスターミナル（東22系統 東陽町駅前行または東京駅丸の内北口行 都営バス）→千田（都営バス）→大江戸高校およそ20分
＜注意＞地下鉄８号線延伸工事に伴うバス停の一時移設について
2026年5月9日(土)始発 から都営バス停「千田」の位置が変更となります。",https://www.metro.ed.jp/oedo-he/access/access.html
407250,小川,ogawa-h,路線案内,https://www.metro.ed.jp/ogawa-h/access/access.html
403040,荻窪,ogikubo-he,"電車…JR中央線・総武線、東京メトロ東西線・丸ノ内線で荻窪駅に行けます
バス…関東バスでは主に以下の乗り場から荻窪駅に行けます
荻04（阿佐谷営業所）、荻05（白鷺一丁目）、荻06（中村橋駅）、荻07（練馬駅）、荻10（下井草駅）、荻30（青梅街道営業所）、荻31（プロムナード荻窪）、荻32（武蔵関駅）、荻34（北裏）、荻35（武蔵野大学）、荻36（南善福寺）、荻40（西荻南）、荻51（シャレール荻窪）、荻53（五日市街道営業所）、荻54（芦花公園駅）、荻56（日本年金機構入口）、荻58（北野）
また、西武バスでは主に以下の乗り場から荻窪駅に行けます
荻11・14（石神井公園駅）、荻12（井荻駅入口）、荻15（長久保・大泉学園南口、阿佐ヶ谷駅行途中下車）、荻17（練馬高野台駅）
※各路線で時刻表が異なります、ご利用の際は十分に確認をお願い致します",https://www.metro.ed.jp/ogikubo-he/access/access.html
404250,大山,ohyama-he,"路線案内
東京メトロ有楽町線・西武有楽町線 小竹向原駅徒歩15分
東京メトロ有楽町線・副都心線 氷川台駅徒歩15分
東武東上線上板橋駅徒歩15分",https://www.metro.ed.jp/ohyama-he/access/access.html
408420,青梅総合,ome-sogo-he,"路線案内
JR青梅線 東青梅駅から徒歩3分",https://www.metro.ed.jp/ome-sogo-he/access/access.html
408420,青梅総合,omesogo-h,"路線案内
JR東青梅駅南口から徒歩3分（約200m）",https://www.metro.ed.jp/omesogo-h/access/access.html
401250,大森,omori-h,"路線案内
東急池上線 池上駅より徒歩8分
東急池上線・JR京浜東北線 蒲田駅より徒歩18分
バス
東急バス JR大森駅西口より
1番のりば 蒲田駅行、または池上駅行
3番のりば 上池上循環にて堤方橋下車、徒歩3分",https://www.metro.ed.jp/omori-h/access/access.html
401210,大崎,osaki-h,"路線案内
東急大井町線戸越公園駅より徒歩4分
都営地下鉄浅草線 戸越駅より徒歩12分
池上線荏原中延駅より徒歩12分
東急バス戸越3丁目より徒歩7分
大崎高校の位置する戸越周辺は都心にほど近いロケーションでありながら、大きな公園や学校なども多く、駅前商店街も充実した閑静な住宅街です。
七階建て校舎の上階からは、東海道新幹線の全景や、羽田空港に向かう飛行機なども見渡せます。
本校から徒歩12分の「戸越銀座商店街」は、全国各地にある「銀座」の名がつく商店街のなかで最初にできたもので、いつも非常ににぎわっています。",https://www.metro.ed.jp/osaki-h/access/access.html
401210,大崎,osaki-he,"路線案内
大井町線 戸越公園駅より 徒歩4分
都営地下鉄浅草線 戸越駅より 徒歩12分
池上線 荏原中延駅より 徒歩12分
東急バス 戸越3丁目より 徒歩7分",https://www.metro.ed.jp/osaki-he/access/access.html
411010,大島,oshima-h,"路線案内
港よりバスで10分「大島高校前」下車
空港よりバスで5分「大島高校前」下車
港よりバスで10分「大島高校前」下車
島内での交通は、バス・タクシー・レンタカーがあります。
大島バス 「大島高校前」下車すぐ",https://www.metro.ed.jp/oshima-h/access/access.html
411010,大島,oshima-he,"港よりバスで10分「大島高校前」下車
空港よりバスで5分「大島高校前」下車
港よりバスで10分「大島高校前」下車
島内での交通は、バス・タクシー・レンタカーがあります。
大島バス 「大島高校前」下車すぐ",https://www.metro.ed.jp/oshima-he/access/access.html
401620,大田桜台,otasakuradai-h,"路線案内
都営浅草線「西馬込」駅西口より徒歩10分
東急バス07系統「稲荷坂」より徒歩7分
東急バス反01系統「立正大学付属立正中高前」より徒歩10分",https://www.metro.ed.jp/otasakuradai-h/access/access.html
404420,王子総合,oujisogo-h,"路線案内
都営三田線西巣鴨駅から徒歩6分
東京メトロ南北線・JR京浜東北線王子駅北口から徒歩13分
JR埼京線板橋駅東口から徒歩14分
都電荒川線西ヶ原4丁目駅から徒歩4分
JR山手線池袋駅東口からバス15分徒歩1分
数字は本校の最寄駅「西巣鴨」「王子」「板橋」への乗車時間の目安です。",https://www.metro.ed.jp/oujisogo-h/access/access.html
402530,芦花,roka-h,"路線案内
京王線 千歳烏山駅下車 徒歩約13分
小田急線 成城学園前駅より バス約12分（千歳船橋駅行）千歳中学校前下車徒歩2分
小田急線 成城学園前駅より バス約12分（千歳烏山駅南口行）榎北下車徒歩2分
小田急線 千歳船橋駅より
バス約7分（成城学園駅前行）千歳中学校前下車徒歩2分
バス約7分（千歳烏山行）芦花高校入口下車徒歩4分",https://www.metro.ed.jp/roka-h/access/access.html
401420,六本木,roppongi-he,"路線案内
日比谷線 六本木駅 出口1c から 約7分
大江戸線 麻布十番駅 出口7 から 約8分
大江戸線 六本木駅 出口3 から 約11分
南北線 麻布十番駅 出口4 から 約9分
駅から六本木高校までの経路を写真と音声でご案内しています。
日比谷線六本木駅から
大江戸線麻布十番駅から
大江戸線六本木駅から
南北線麻布十番駅から",https://www.metro.ed.jp/roppongi-he/access/access.html
406010,両国,ryogoku-h,"路線案内
JR「錦糸町駅」より 徒歩約5分
半蔵門線「錦糸町駅」より 徒歩約5分
都営新宿線「菊川駅」より 徒歩約10分
都営新宿線「住吉駅」より 徒歩約10分",https://www.metro.ed.jp/ryogoku-h/access/access.html
403010,鷺宮,saginomiya-h,"駅から3分！！ 抜群の交通アクセス
路線案内
西武新宿線「都立家政」駅下車3分
西武池袋線「中村橋」駅下車、関東バス阿佐ヶ谷行、荻窪行利用「鷺ノ宮駅前」下車8分
都営大江戸線利用「中井」駅乗換「都立家政」駅下車3分
JR「阿佐ヶ谷」駅・「荻窪」駅下車、関東バス「中村橋」行利用「鷺ノ宮駅前」下車8分
東京メトロ東西線利用「高田馬場」駅乗換「都立家政」駅下車3分",https://www.metro.ed.jp/saginomiya-h/access/access.html
402220,桜町,sakuramachi-h,"路線案内
東急田園都市線「桜新町駅」より徒歩9分、「用賀駅」より徒歩8分
東急バス停
「桜町高校前」（渋谷駅～二子玉川駅）
「用賀神社前」（田園調布駅～世田谷区民会館）（恵比寿駅～用賀駅）（成城学園前駅～等々力操車所）
「桜新町一丁目」（目黒駅～弦巻営業所）
「用賀」（祖師ヶ谷大蔵～用賀駅）",https://www.metro.ed.jp/sakuramachi-h/access/access.html
402220,桜町,sakuramachi-he,"路線案内
東急田園都市線 桜新町駅より徒歩11分
東急田園都市線 用賀駅より徒歩11分
バス
渋谷駅から二子玉川駅行きに乗り「桜町高校前」で下車
二子玉川駅から渋谷駅行きに乗り「桜町高校前」で下車",https://www.metro.ed.jp/sakuramachi-he/access/access.html
402410,世田谷泉,setagayaizumi-he,"路線案内
京王線「千歳烏山駅」下車徒歩15分（特急・急行・快速・各停）
【バス】
JR中央・総武線「吉祥寺駅」南口より小田急バス「吉02 千歳烏山駅北口」行き「 ときわ橋」または「昭和大学附属烏山病院」 下車徒歩 5 分
JR中央・総武線、メトロ丸の内線「荻窪駅」南口および京王井の頭線「高井戸駅」より関東バス「荻 58 北野」行き「 中給田」下車徒歩 5 分",https://www.metro.ed.jp/setagayaizumi-he/access/access.html
402420,世田谷総合,setagayasogo-h,"路線案内
東急田園都市線・大井町線ご利用の場合「二子玉川」駅下車
徒歩約15分
バス計・約９分（東急バス・小田急バス）
【成城学園前駅】【調布駅南口】【宇奈根一丁目】行き
「世田谷総合高校」バス停下車
小田急線ご利用の場合「成城学園前」駅下車
バス計・約1 9 分（東急バス・小田急バス）
【二子玉川駅】行き「世田谷総合高校」バス停下車",https://www.metro.ed.jp/setagayasogo-h/access/access.html
403210,石神井,shakujii-h,"西武新宿線「武蔵関」駅下車 北口 徒歩７分
JR 荻窪駅北口より
関東バス「武蔵関駅（荻32）」行き
バス停「武蔵関駅」下車 徒歩７分
JR 三鷹駅北口より
関東バス「武蔵関駅（鷹02）」行き
バス停「武蔵関駅」下車 徒歩７分
西武池袋線 大泉学園駅南口より
西武バス「吉祥寺駅（吉61/吉61-1）」行き
バス停「関町北四丁目」下車 徒歩６分
JR 吉祥寺駅北口より
西武バス「都民農園セコニック前（吉61）」行き
バス停「関町北四丁目」下車 徒歩６分",https://www.metro.ed.jp/shakujii-h/access/access.html
402060,新宿,shinjuku-h,"路線案内
JR線「新宿」駅：南口・東南口・甲州街道改札 徒歩4分
東京メトロ副都心線「新宿三丁目」駅 徒歩2分
東京メトロ丸の内線「新宿三丁目」駅 徒歩4分
都営新宿線「新宿三丁目」駅 徒歩4分
都営大江戸線・新宿線「新宿」駅 徒歩7分
京王線「新宿」駅 徒歩10分
小田急線「新宿」駅 徒歩10分
西武新宿線「西武新宿」駅 徒歩11分",https://www.metro.ed.jp/shinjuku-h/access/access.html
402520,新宿山吹,shinjukuyamabuki-h,"路線案内
東京メトロ有楽町線 江戸川橋駅 より徒歩10分
東京メトロ東西線
早稲田駅 より徒歩10分
神楽坂駅 より徒歩10分
都営バス 新宿西口3番乗場より、白61系統「練馬車庫」行き乗車「都立新宿山吹高校前」下車すぐ
都営地下鉄大江戸線 牛込柳町駅下車 より徒歩15分
都電荒川線 早稲田電停下車 より徒歩15分",https://www.metro.ed.jp/shinjukuyamabuki-h/access/access.html
405050,忍岡,shinobugaoka-h,"路線案内
JR総武線「浅草橋駅」西口より徒歩5分
都営地下鉄浅草線「浅草橋駅」A4出口より徒歩10分
都営地下鉄大江戸線・つくばエクスプレス「新御徒町駅」A4出口より徒歩10分
東京メトロ日比谷線「秋葉原駅」1番出口より徒歩12分
JR総武線「秋葉原駅」昭和通り口より徒歩13分",https://www.metro.ed.jp/shinobugaoka-h/access/access.html
406280,篠崎,shinozaki-h,"【バス】
都営新宿線 篠崎駅 3番のりば
【瑞江駅行き】【一之江行き】５分 『スポーツランド入口』バス停下車 徒歩5分
【江戸川スポーツランド行き】８分 『江戸川スポーツランド』バス停下車 徒歩2分
都営新宿線 瑞江駅
【小岩駅行き】【新小岩駅行き】７分 『スポーツランド入口』バス停下車 徒歩5分
都営新宿線 一之江駅
【小岩駅行き】【新小岩駅行き】15分 『スポーツランド入口』バス停下車 徒歩5分
JR総武線 小岩駅
【瑞江駅行き】【一之江行き】20分 『スポーツランド入口』バス停下車 徒歩5分
東京メトロ東西線 南行徳駅
【江戸川スポーツランド行き】20分 『江戸川スポーツランド』バス停下車 徒歩2分
都営新宿線 篠崎駅から自転車７分
東京メトロ東西線 妙典駅から自転車９分",https://www.metro.ed.jp/shinozaki-h/access/access.html
408040,昭和,showa-h,"路線案内
JR青梅線
東中神駅下車 徒歩8分
西立川駅下車 徒歩10分
駅から線路沿いを歩くと迷うことなく本校に着くことができます。",https://www.metro.ed.jp/showa-h/access/access.html
407510,翔陽,shoyo-h,"路線案内
JR中央線 高尾駅または京王線 高尾駅 南口下車
京王バス医療センター経由 館が丘団地行 約7分 医療センターにて下車 徒歩1分
「京王バス バスナビサイト」より高尾駅南口 時刻表（別ウインドウが開きます）",https://www.metro.ed.jp/shoyo-h/access/access.html
401610,芝商業,sibasyogyo-h,"路線案内
浜松町駅 （山手線・京浜東北線・東京モノレール）北口 ： 徒歩５分
大門駅 （都営地下鉄浅草線・大江戸線）Ｂ１出口 ： 徒歩５分
竹芝駅 （ゆりかもめ） ： 徒歩５分
御成門駅 （都営地下鉄三田線）Ａ２出口 ： 徒歩１５分
浜松町駅から学校までの道のり
ＪＲ浜松町駅北口を出てすぐ右（竹芝桟橋方面）に進みます。
東海道線や新幹線の高架下をくぐり抜けると、左前方にブルーのタイル壁の校舎が見えます。",https://www.metro.ed.jp/sibasyogyo-h/access/access.html
402940,総合芸術,sogo-geijutsu-h,"路線案内
最寄り駅からの経路
東京メトロ丸ノ内線「新宿御苑前駅」下車、大木戸門口（２番出口）より徒歩１１分
都営地下鉄新宿線「曙橋駅」下車、Ａ２口より徒歩９分
東京メトロ副都心線・丸ノ内線、都営地下鉄新宿線「新宿三丁目駅」下車、Ｃ７口又はＥ３口より徒歩１５分
都営地下鉄大江戸線「若松河田駅」下車、河田口より徒歩１２分
都営地下鉄大江戸線、東京メトロ副都心線「東新宿駅」下車、Ａ２口より徒歩１５分
ＪＲ線「新宿駅」下車、東口より徒歩２０分
都バス ＪＲ新宿駅西口バスターミナルより練馬車庫行約５分
「花園町」または「市ヶ谷富久町」下車、徒歩３分
ＪＲ新宿駅は、工事中のため都バス乗り場は、都度ご確認ください。
西武新宿線「西武新宿駅」下車、徒歩２０分 または都バス「歌舞伎町」より
練馬車庫行約４分「花園町」または「市ヶ谷富久町」下車、徒歩３分",https://www.metro.ed.jp/sogo-geijutsu-h/access/access.html
402750,総合工科,sogokoka-h,"路線案内
小田急線 成城学園前駅よりバスで約７分（徒歩約15分）
バス
成城学園前駅西口から
千歳烏山駅北口、千歳烏山駅南口、千歳船橋駅、狛江営業所、狛江駅北口行きに乗り 「都立総合工科高校前」 で下車
千歳烏山駅南口から
成城学園前駅西口行きに乗り 「都立総合工科高校前」 で下車
仙川駅入口から
成城学園前駅西口行きに乗り 「南入間町」 で下車",https://www.metro.ed.jp/sogokoka-h/access/access.html
402750,総合工科,sogokoka-he,"路線案内
小田急線 成城学園前駅よりバスで約７分（徒歩約15分）
バス
成城学園前駅西口から
千歳烏山駅北口、千歳烏山駅南口、千歳船橋駅、狛江営業所、狛江駅北口行きに乗り 「都立総合工科高校前」 で下車
千歳烏山駅南口から
成城学園前駅西口行きに乗り 「都立総合工科高校前」 で下車
仙川駅入口から
成城学園前駅西口行きに乗り 「南入間町」 で下車",https://www.metro.ed.jp/sogokoka-he/access/access.html
403070,杉並,suginami-h,"路線案内
JR中央線 阿佐ヶ谷駅より徒歩15分
東京メトロ丸の内線 南阿佐ヶ谷駅より徒歩７分
関東バス、西武バス 都税事務所前 バス停より徒歩７分",https://www.metro.ed.jp/suginami-h/access/access.html
403720,杉並工科,suginamikoka-h,"路線案内
西武新宿線をご利用の方
上石神井駅 南口より徒歩20分
上井草駅 南口より徒歩15分
荻窪駅 関東バス(荻32 武蔵関駅行,荻34 北裏行,荻36 南善福寺行) 「八幡宮裏」降車後 徒歩5分
西荻窪駅 関東バス(西50 井荻駅行)「今川三丁目」降車後 徒歩3分",https://www.metro.ed.jp/suginamikoka-h/access/access.html
403410,杉並総合,suginamisogo-h,"路線案内
井の頭線「浜田山」駅・・・徒歩約10分
京王線「上北沢」駅・・・徒歩約12分",https://www.metro.ed.jp/suginamisogo-h/access/access.html
406020,墨田川,sumidagawa-h,"最寄り駅からの通学時間
東武線スカイツリーライン 東向島駅下車 徒歩6分
東武亀戸線 曳舟駅下車 徒歩8分
京成押上線 京成曳舟駅下車 徒歩10分",https://www.metro.ed.jp/sumidagawa-h/access/access.html
406730,墨田工科,sumidakoka-h,"路線案内
駅からの所要時間
都営新宿線「菊川駅」下車 徒歩5分
東京メトロ半蔵門線「清澄白河駅」下車 徒歩15分
東西線「木場駅」より都営バス「森下5丁目」下車",https://www.metro.ed.jp/sumidakoka-h/access/access.html
406730,墨田工科,sumidakoka-he,"路線案内
新宿駅より都営新宿線20分「菊川駅」下車徒歩5分
半蔵門線／大江戸線「清澄白河駅」より徒歩15分
東西線「木場駅」より都営バス「森下5丁目」下車",https://www.metro.ed.jp/sumidakoka-he/access/access.html
408030,砂川,sunagawa-hc,多摩モノレール 泉体育館駅から徒歩３分,https://www.metro.ed.jp/sunagawa-hc/access/access.html
408030,砂川,sunagawa-he,多摩モノレール 泉体育館駅から徒歩３分,https://www.metro.ed.jp/sunagawa-he/access/access.html
406910,橘,tachibana-h,"路線案内
東武亀戸線 東あずま駅 徒歩3分
JR総武線 平井駅 徒歩12分",https://www.metro.ed.jp/tachibana-h/access/access.html
406910,橘,tachibana-he,"路線案内
東武亀戸線東あずま駅下車、徒歩４分
ＪＲ総武線平井駅下車、徒歩１３分",https://www.metro.ed.jp/tachibana-he/access/access.html
408430,立川緑,tachikawamidori-he,【主要駅から最寄り駅までの所要時間】,https://www.metro.ed.jp/tachikawamidori-he/access/access.html
403280,田柄,tagara-h,"路線案内
都営地下鉄大江戸線「光が丘」駅より徒歩13分
東京メトロ有楽町線・副都心線 地下鉄「赤塚」駅より徒歩18分
東武鉄道東上線 「下赤塚」駅より徒歩18分
バス
西武バス練47系統 成増駅南口～練馬駅北口「田柄高校」下車、徒歩0分
国際興業バス光01・02・03系統 光が丘駅～平和台駅～池袋駅東口「光が丘秋の陽小学校」下車、徒歩3分
みどりバス北町ルート 光が丘駅～東武練馬駅「田柄高校北」下車、徒歩3分",https://www.metro.ed.jp/tagara-h/access/access.html
404260,高島,takashima-h,"路線案内
鉄道路線
都営三田線 新高島平駅 徒歩7分
（新高島平駅まで）
都営三田線巣鴨駅から約20分
JR山手線池袋駅から約32分
JR山手線新宿駅から約38分
JR山手線上野駅から約40分
バス路線
【成増駅北口発】
高01 高島平操車場行 高島高校下車 至近
増17 高島平操車場行 高島高校下車 至近
赤02 赤羽駅西口行 四葉町下車 徒歩12分
東練01 浮間舟渡行 高島平警察署下車 徒歩9分
下赤03 高島平操車場行 高島平警察署下車 徒歩9分
赤02 成増駅北口行 四葉町下車 徒歩12分
東練01 東武練馬行 高島平警察署下車 徒歩9分",https://www.metro.ed.jp/takashima-h/access/access.html
404010,竹早,takehaya-h,"路線案内
東京メトロ丸ノ内線「茗荷谷駅」1番出口から徒歩10分
東京メトロ丸ノ内線/東京メトロ南北線「後楽園駅」4b出口から徒歩12分
都営三田線/都営大江戸線「春日駅」6番出口から徒歩13分
バス
都バス 都02系統(大塚駅前～御徒町駅前～錦糸町駅前)「春日二丁目バス停」下車すぐ",https://www.metro.ed.jp/takehaya-h/access/access.html
405070,竹台,takenodai-h,"JR鶯谷駅徒歩6分
JR、京成、日暮里・舎人ライナー日暮里駅徒歩8分
JR三河島駅徒歩13分
東京メトロ日比谷線入谷駅徒歩13分
都バス（都08）日暮里駅前←→錦糸町駅前 東日暮里五丁目 徒歩3分
都バス（里22）日暮里駅前←→亀戸駅前 東日暮里五丁目 徒歩3分
都バス（草41）足立梅田町←→浅草寿町 東日暮里四丁目 徒歩2分
台東区循環バス「北めぐりん」 入谷区民館根岸分館（書道博物館） 徒歩1分",https://www.metro.ed.jp/takenodai-h/access/access.html
408210,多摩,tama-h,"路線案内
JR青梅線 青梅駅下車・・・徒歩 15分
青梅駅前より都営バス
「裏宿町」行き 「多摩高校前」下車 徒歩1分
「青梅車庫」行き 「青梅車庫」下車 徒歩4分",https://www.metro.ed.jp/tama-h/access/access.html
409730,多摩科学技術,tamakagakugijutsu-h,"路線案内
JR中央線 武蔵小金井駅南口より徒歩10分",https://www.metro.ed.jp/tamakagakugijutsu-h/access/access.html
408710,多摩工科,tamakoka-h,"路線案内
拝島駅（JR線・西武拝島線）より徒歩10分
【 拝島駅までの所要時間 】
◎ＪＲ青梅線 立川駅から 約13分
青梅駅から 約16分
◎西武拝島線 小平駅から 約20分
◎ＪＲ八高線 八王子駅から 約12分
◎ＪＲ五日市線 武蔵五日市駅から 約16分",https://www.metro.ed.jp/tamakoka-h/access/access.html
409070,田無,tanashi-h,"路線案内
西武新宿線 田無駅南口より徒歩18分
西武新宿線 田無駅北口より
はなバス「向台循環」または「東伏見駅南口」行き
「市民公園前」下車 徒歩5分または「上向台市民集会所」下車 徒歩2分
JR中央線 武蔵境駅北口より
関東バス（境15）「向台町五丁目」行き 終点下車 徒歩4分
関東バス（境17）「ヴィーガーデン西東京」行き
「武蔵野徳洲会病院」下車 徒歩８分
JR中央線 吉祥寺駅北口より
関東バス（吉73）「向台町五丁目」行き 終点下車 徒歩４分
関東バス（吉75）「ヴィーガーデン西東京」行き
「武蔵野徳洲会病院」下車 徒歩８分",https://www.metro.ed.jp/tanashi-h/access/access.html
409720,田無工科,tanashikoka-h,"路線案内
西武新宿線
田無駅 または 西武柳沢駅 から徒歩18分
JR中央線 → バス（西武バス、関東バス）
西武バス 最寄りのバス停『至誠学舎東京前』
武蔵境駅北口から ひばりヶ丘駅行バス 8分 『至誠学舎東京前』下車 徒歩7分
関東バス 最寄りのバス停『武蔵野大学』
武蔵境駅北口から 三鷹駅 または 武蔵野営業所行バス 8分
三鷹駅北口から 武蔵境駅、ヴィーガーデン西東京 または 武蔵小金井駅行バス 15分
吉祥寺駅北口から 向台町五丁目、ヴィーガーデン西東京（※土曜運休）、関前西公園
または 桜堤団地行バス 20分
上記のバスに乗って『武蔵野大学』下車 徒歩5分",https://www.metro.ed.jp/tanashikoka-h/access/access.html
404040,豊島,toshima-h,"路線案内
東京メトロ有楽町線・副都心線 小竹向原4番出口徒歩8分 または千川駅1番出口から徒歩8分
西武池袋線 江古田駅北口（日大芸術学部）から徒歩12分",https://www.metro.ed.jp/toshima-h/access/access.html
404040,豊島,toshima-he,"路線案内
東京メトロ有楽町線・副都心線 小竹向原4番出口徒歩7分
東京メトロ有楽町線・副都心線 千川駅1番出口から徒歩8分
西武池袋線 江古田駅北口（日大芸術学部）から徒歩14分",https://www.metro.ed.jp/toshima-he/access/access.html
402010,戸山,toyama-h,"路線案内
東京メトロ副都心線「西早稲田」駅下車 出口3より 徒歩1分
JR山手線、西武新宿線、東京メトロ東西線「高田馬場」駅下車 徒歩12分
高田馬場駅前から都バス「高７１ 九段下行き」に乗車 「学習院戸山キャンパス前」下車すぐ
池袋駅東口から都バス「池８６ 渋谷駅東口行き」に乗車 「学習院戸山キャンパス前」下車すぐ
新宿駅西口から都バス「早７７ 早稲田行き」に乗車 「学習院戸山キャンパス前」下車すぐ
都営大江戸線「東新宿」駅下車 徒歩13分",https://www.metro.ed.jp/toyama-h/access/access.html
403060,豊多摩,toyotama-h,路線案内,https://www.metro.ed.jp/toyotama-h/access/access.html
401410,つばさ総合,tsubasasogo-h,"路線案内
京浜急行空港線「大鳥居」駅より 7~8分（下図の赤矢印か緑色の矢印のルートから）
JR・東急 蒲田駅からは東口の京急バスで3番乗り場から『蒲40・41・42・43・45』系統（行先 羽田空港など）に乗車し、「萩中公園前」・「羽田特別出張所」下車で徒歩5～6分",https://www.metro.ed.jp/tsubasasogo-h/access/access.html
405060,上野,ueno-h,"路線案内
JR山手線/京浜東北線・上野駅公園改札より 徒歩13分
東京メトロ千代田線・根津駅より 徒歩6分
東京メトロ銀座線/日比谷線・上野駅より 徒歩13分
JR線/京成線/舎人ライナー・日暮里駅より 徒歩13分
京成線・京成上野駅より 徒歩13分",https://www.metro.ed.jp/ueno-h/access/access.html
410410,若葉総合,wakabasogo-h,"「京王相模原線「若葉台駅」から徒歩10 分」
「小田急線「黒川駅」から徒歩15 分」
【主な駅からの時間】
※ 表示時間は各主要駅から最寄駅までの朝の時間帯の所要時間の目安です",https://www.metro.ed.jp/wakabasogo-h/access/access.html
401240,雪谷,yukigaya-h,"路線案内
東急池上線御嶽山（おんたけさん）駅より徒歩8分
【バスの場合】
東急東横線「田園調布」駅から東急バス「蒲田駅行（蒲12系統）」
→「雪谷文化センター」下車 徒歩5分
JR京浜東北線「大森」駅から東急バス「洗足池行（森05系統）」
→「久が原出世観音」下車 徒歩7分",https://www.metro.ed.jp/yukigaya-h/access/access.html
