file,kai,kumi,label,url
66_Ａ組_f5145bd6ab90ce3a9afe86d9831ce5f3-2.pdf,66,Ａ組,８月１０日,https://tokousuiren.com/wp/wp-content/uploads/2026/08/f5145bd6ab90ce3a9afe86d9831ce5f3-2.pdf
66_Ａ組_1b8c17a4b0186dfeff3c5501deff8f23.pdf,66,Ａ組,８月１１日,https://tokousuiren.com/wp/wp-content/uploads/2026/08/1b8c17a4b0186dfeff3c5501deff8f23.pdf
66_Ａ組_44fb7569251a62225413479e3526177b-1.pdf,66,Ａ組,８月１２日,https://tokousuiren.com/wp/wp-content/uploads/2026/08/44fb7569251a62225413479e3526177b-1.pdf
66_東日本組_ef419615aaec36d61c235f53aa40ef52.pdf,66,東日本組,８月１０日,https://tokousuiren.com/wp/wp-content/uploads/2026/08/ef419615aaec36d61c235f53aa40ef52.pdf
66_東日本組_aaa091c582d08a722acb89b77b55f308.pdf,66,東日本組,８月１１日,https://tokousuiren.com/wp/wp-content/uploads/2026/08/aaa091c582d08a722acb89b77b55f308.pdf
66_東日本組_d086d835ccb5e21907cd421900e8eb90-2.pdf,66,東日本組,８月１２日,https://tokousuiren.com/wp/wp-content/uploads/2026/08/d086d835ccb5e21907cd421900e8eb90-2.pdf
66_東日本組_d643df53e152a2e19bd4353d9c3c18d4.pdf,66,東日本組,東日本組代表選考会  ８月１５日,https://tokousuiren.com/wp/wp-content/uploads/2026/08/d643df53e152a2e19bd4353d9c3c18d4.pdf
66_Ｂ組_d561582e9acf3539f4c9a76ff302fd4f-1.pdf,66,Ｂ組,８月１３日,https://tokousuiren.com/wp/wp-content/uploads/2026/08/d561582e9acf3539f4c9a76ff302fd4f-1.pdf
66_Ｂ組_34a0a8684a4a5dde7c2f7f49cdd146f4-3.pdf,66,Ｂ組,８月１４日,https://tokousuiren.com/wp/wp-content/uploads/2026/08/34a0a8684a4a5dde7c2f7f49cdd146f4-3.pdf
66_Ｃ組_3a7f12fc7d75f389b7699ec6d069c857.pdf,66,Ｃ組,８月１３日,https://tokousuiren.com/wp/wp-content/uploads/2026/08/3a7f12fc7d75f389b7699ec6d069c857.pdf
66_Ｃ組_7d680b3494d788f321dd9ce6cce6ee74.pdf,66,Ｃ組,８月１４日,https://tokousuiren.com/wp/wp-content/uploads/2026/08/7d680b3494d788f321dd9ce6cce6ee74.pdf
66_Ｃ組_8048f64de0e35faf3b1e3242a3a4515a.pdf,66,Ｃ組,８月１５日,https://tokousuiren.com/wp/wp-content/uploads/2026/08/8048f64de0e35faf3b1e3242a3a4515a.pdf
65_Ａ組_10A.pdf,65,Ａ組,Ａ組　８月１０日　結果,https://tokousuiren.com/wp/wp-content/uploads/2025/08/10A.pdf
65_Ａ組_11A.pdf,65,Ａ組,Ａ組　８月１１日　結果,https://tokousuiren.com/wp/wp-content/uploads/2025/08/11A.pdf
65_Ａ組_12A.pdf,65,Ａ組,Ａ組　８月１２日　結果,https://tokousuiren.com/wp/wp-content/uploads/2025/08/12A.pdf
65_東日本組_0880e86fbe4b7f898ec883b8ddb8ef07-1.pdf,65,東日本組,東日本組　８月１０日　結果,https://tokousuiren.com/wp/wp-content/uploads/2025/08/0880e86fbe4b7f898ec883b8ddb8ef07-1.pdf
65_東日本組_3de6c248aa47bc7faa0bba774abea48e.pdf,65,東日本組,東日本組　８月１１日　結果,https://tokousuiren.com/wp/wp-content/uploads/2025/08/3de6c248aa47bc7faa0bba774abea48e.pdf
65_東日本組_fbc2abb6220515108b6f8c5f839217e1.pdf,65,東日本組,東日本組　８月１２日　結果,https://tokousuiren.com/wp/wp-content/uploads/2025/08/fbc2abb6220515108b6f8c5f839217e1.pdf
65_東日本組_c9c05f71695b2c5f77e568146d8409b2.pdf,65,東日本組,東日本組　８月１５日　代表選考会　結果,https://tokousuiren.com/wp/wp-content/uploads/2025/08/c9c05f71695b2c5f77e568146d8409b2.pdf
65_Ｂ組_13B-1.pdf,65,Ｂ組,Ｂ組　８月１３日　結果,https://tokousuiren.com/wp/wp-content/uploads/2025/08/13B-1.pdf
65_Ｂ組_14B.pdf,65,Ｂ組,Ｂ組　８月１４日　結果,https://tokousuiren.com/wp/wp-content/uploads/2025/08/14B.pdf
65_Ｃ組_13C.pdf,65,Ｃ組,Ｃ組　８月１３日　結果,https://tokousuiren.com/wp/wp-content/uploads/2025/08/13C.pdf
65_Ｃ組_14C.pdf,65,Ｃ組,Ｃ組　８月１４日　結果,https://tokousuiren.com/wp/wp-content/uploads/2025/08/14C.pdf
65_Ｃ組_15C.pdf,65,Ｃ組,Ｃ組　８月１５日　結果,https://tokousuiren.com/wp/wp-content/uploads/2025/08/15C.pdf
64_Ａ組_b6f95390732796040c9ac7d5976206f3.pdf,64,Ａ組,Ａ組　８月１３日　結果,https://tokousuiren.com/wp/wp-content/uploads/2024/08/b6f95390732796040c9ac7d5976206f3.pdf
64_Ａ組_41bbfe1fe2f9b38a425df5046172fb4b.pdf,64,Ａ組,Ａ組　８月１４日　結果,https://tokousuiren.com/wp/wp-content/uploads/2024/08/41bbfe1fe2f9b38a425df5046172fb4b.pdf
64_Ａ組_5c8581956a76f340f29d38433d277bf7-1.pdf,64,Ａ組,Ａ組　８月１５日　結果,https://tokousuiren.com/wp/wp-content/uploads/2024/08/5c8581956a76f340f29d38433d277bf7-1.pdf
64_Ｂ組_3d48d95b16a2ffd6ce9242fd8a9f2a6b.pdf,64,Ｂ組,Ｂ組　８月１３日　結果,https://tokousuiren.com/wp/wp-content/uploads/2024/08/3d48d95b16a2ffd6ce9242fd8a9f2a6b.pdf
64_Ｂ組_53e3451720747af128373fcdcc3b006c.pdf,64,Ｂ組,Ｂ組　８月１４日　結果,https://tokousuiren.com/wp/wp-content/uploads/2024/08/53e3451720747af128373fcdcc3b006c.pdf
64_Ｂ組_1320a9bee6735a923c87fd4240e7763e.pdf,64,Ｂ組,Ｂ組　８月１５日　結果,https://tokousuiren.com/wp/wp-content/uploads/2024/08/1320a9bee6735a923c87fd4240e7763e.pdf
64_東日本組_f734e123cff66b59eaf7967ec78da47c-1.pdf,64,東日本組,東日本組　８月１０日　結果,https://tokousuiren.com/wp/wp-content/uploads/2024/08/f734e123cff66b59eaf7967ec78da47c-1.pdf
64_東日本組_1713acdbfaa0888e468b698cc4325f9b.pdf,64,東日本組,東日本組　８月１１日　結果,https://tokousuiren.com/wp/wp-content/uploads/2024/08/1713acdbfaa0888e468b698cc4325f9b.pdf
64_東日本組_5fbc23275411a8bbfdfa5630a0e937ad.pdf,64,東日本組,東日本組　８月１２日　結果,https://tokousuiren.com/wp/wp-content/uploads/2024/08/5fbc23275411a8bbfdfa5630a0e937ad.pdf
64_東日本組_9aa76f5653f3b9568a0881037316927a.pdf,64,東日本組,東日本組　８月１６日　代表選考会　結果,https://tokousuiren.com/wp/wp-content/uploads/2024/08/9aa76f5653f3b9568a0881037316927a.pdf
64_Ｃ組_b4e7c00ade28fec9b7e02142c8914e3a-1.pdf,64,Ｃ組,Ｃ組　８月１０日　結果,https://tokousuiren.com/wp/wp-content/uploads/2024/08/b4e7c00ade28fec9b7e02142c8914e3a-1.pdf
64_Ｃ組_b7ce6a09e040af45476be5a780be11c7.pdf,64,Ｃ組,Ｃ組　８月１１日　結果,https://tokousuiren.com/wp/wp-content/uploads/2024/08/b7ce6a09e040af45476be5a780be11c7.pdf
64_Ｃ組_bb46b813d7292eef7aa357dc1d245884-1.pdf,64,Ｃ組,Ｃ組　８月１２日　結果,https://tokousuiren.com/wp/wp-content/uploads/2024/08/bb46b813d7292eef7aa357dc1d245884-1.pdf
63_Ｃ組_c812336cac0bc9664a017898ef785d48.pdf,63,Ｃ組,A組　８月１０日　結果,https://tokousuiren.com/wp/wp-content/uploads/2023/08/c812336cac0bc9664a017898ef785d48.pdf
63_Ｃ組_9fda05990901427f29b02340979df9b4.pdf,63,Ｃ組,A組　８月１１日　結果,https://tokousuiren.com/wp/wp-content/uploads/2023/08/9fda05990901427f29b02340979df9b4.pdf
63_Ｃ組_a05c33982e146a93e87d9b9a635ebaed.pdf,63,Ｃ組,A組　８月１２日　結果,https://tokousuiren.com/wp/wp-content/uploads/2023/08/a05c33982e146a93e87d9b9a635ebaed.pdf
63_Ｃ組_2c9e4a14f98a3ad4c7c6fc470edef9e1.pdf,63,Ｃ組,B組　８月１３日　結果,https://tokousuiren.com/wp/wp-content/uploads/2023/08/2c9e4a14f98a3ad4c7c6fc470edef9e1.pdf
63_Ｃ組_faa0f6568724e6579e4b131c379c3da8.pdf,63,Ｃ組,B組　８月１４日　結果,https://tokousuiren.com/wp/wp-content/uploads/2023/08/faa0f6568724e6579e4b131c379c3da8.pdf
63_Ｃ組_ba579a8411d950a64621fd883ab21b16.pdf,63,Ｃ組,C組　８月１３日　結果,https://tokousuiren.com/wp/wp-content/uploads/2023/08/ba579a8411d950a64621fd883ab21b16.pdf
63_Ｃ組_3b7f8c5af57b6c3a70ddb9864e824e68-1.pdf,63,Ｃ組,C組　８月１４日　結果,https://tokousuiren.com/wp/wp-content/uploads/2023/08/3b7f8c5af57b6c3a70ddb9864e824e68-1.pdf
63_Ｃ組_bc1617a16c8e43a4934b54c400f159f1.pdf,63,Ｃ組,C組　８月１５日　結果,https://tokousuiren.com/wp/wp-content/uploads/2023/08/bc1617a16c8e43a4934b54c400f159f1.pdf
63_Ｃ組_d221af7ecb0b3d65068c0af0f09c560e-1.pdf,63,Ｃ組,東日本組　８月１０日　結果,https://tokousuiren.com/wp/wp-content/uploads/2023/08/d221af7ecb0b3d65068c0af0f09c560e-1.pdf
63_Ｃ組_dc8aff67e9fb5cc1e90402e7625dc897.pdf,63,Ｃ組,東日本組　８月１１日　結果,https://tokousuiren.com/wp/wp-content/uploads/2023/08/dc8aff67e9fb5cc1e90402e7625dc897.pdf
63_Ｃ組_5af00a4d2cdedddefa204008173df8c2.pdf,63,Ｃ組,東日本組　８月１２日　結果,https://tokousuiren.com/wp/wp-content/uploads/2023/08/5af00a4d2cdedddefa204008173df8c2.pdf
63_Ｃ組_789c5938d0fcb1001f0429da8376d0c1.pdf,63,Ｃ組,東日本組　代表選考会　８月１５日　結果,https://tokousuiren.com/wp/wp-content/uploads/2023/08/789c5938d0fcb1001f0429da8376d0c1.pdf
